Player ID,First Name,Last Name,Team,Season,Roster URL,Position,Height,Class
1,Maggie,Doogan,Richmond,2025-26,,F,,
18,Ashlon,Jackson,Duke,2025-26,,G,,
19,Taina,Mair,Duke,2025-26,,G,,
62,Charlise,Dunn,Davidson,2025-26,,G,,
111,Raven,Johnson,South Carolina,2025-26,,G,,
115,Sakima,Walker,California,2025-26,,C,,
121,Ruby,Whitehorn,Tennessee,2025-26,,G,,
190,Nyla,Harris,North Carolina,2025-26,,F,,
219,Kara,Dunn,USC,2025-26,,G,,
220,Tonie,Morgan,Kentucky,2025-26,,G,,
258,Ta'Niya,Latson,South Carolina,2025-26,,G,,
268,Lazaria,Spearman,Tennessee,2025-26,,F,,
278,Latasha,Lattimore,Ole Miss,2025-26,,F,,
311,Teonni,Key,Kentucky,2025-26,,F,,
313,Indya,Nivar,North Carolina,2025-26,,G,,
327,Cassandre,Prosper,Notre Dame,2025-26,,G,,
329,Olivia,Miles,TCU,2025-26,,G,,
346,Cotie,McMahon,Ole Miss,2025-26,,F,,
372,Azzi,Fudd,UConn,2025-26,,G,,
373,Caroline,Ducharme,UConn,2025-26,,G,,
417,Saylor,Poffenbarger,Maryland,2025-26,,G,,
480,Raegan,Beers,Oklahoma,2025-26,,C,,
500,Maryam,Dauda,South Carolina,2025-26,,F,,
550,Marta,Suarez,TCU,2025-26,,F,,
669,Bella,Fontleroy,Baylor,2025-26,,F,,
670,Darianna,Littlepage-Buggs,Baylor,2025-26,,F,,
707,Jordan,Harrison,West Virginia,2025-26,,G,,
727,Madina,Okot,South Carolina,2025-26,,C,,
730,Angela,Dugalic,UCLA,2025-26,,F,,
731,Gianna,Kneepkens,UCLA,2025-26,,G,,
732,Gabriela,Jaquez,UCLA,2025-26,,G,,
733,Charlisse,Leger-Walker,UCLA,2025-26,,G,,
734,Kiki,Rice,UCLA,2025-26,,G,,
738,Megan,Grant,UCLA,2025-26,,G,,
741,Lauren,Betts,UCLA,2025-26,,C,,
746,Flau'jae,Johnson,LSU,2025-26,,G,,
771,Uche,Izoje,Syracuse,2025-26,,C,,
773,Laila,Phelia,Syracuse,2025-26,,G,,
805,Gabby,White,Virginia,2025-26,,G,,
823,Ra,Shaya Kyle,Miami,2025-26,,C,,
840,Laura,Ziegler,Louisville,2025-26,,F,,
1035,Janiah,Barker,Tennessee,2025-26,,F,,
1045,Sacha,Washington,Vanderbilt,2025-26,,F,,
1046,Justine,Pissott,Vanderbilt,2025-26,,G,,
1098,Jessica,Timmons,Alabama,2025-26,,G,,
1117,Yarden,Garzon,Maryland,2025-26,,G,,
1202,Taylor,Bigby,TCU,2025-26,,G,,
1250,Ndjakalenga,Mwenentanda,Vanderbilt,2025-26,,G,,
1291,Christeen,Iwuala,Ole Miss,2025-26,,F,,
1297,Amelia,Hassett,Kentucky,2025-26,,F,,
1302,Jordan,Obi,Kentucky,2025-26,,G,,
1315,Shay,Ciezki,Indiana,2025-26,,G,,
1482,Ny'Ceara,Pryor,Texas A&M-CC,2025-26,,G,,
1492,Favour,Nwaedozi,Mississippi State,2025-26,,F,,
1536,Serah,Williams,UConn,2025-26,,F,,
1575,Anasia,Staton,Florida Gulf Coast,2025-26,,F,,
1765,Noga,Haran,Stetson,2025-26,,G,,
1803,Bailey,Maupin,Texas Tech,2025-26,,G,,
1927,Mattie,Olson,Utah Tech,2025-26,,G,,
1981,Bridget,Miller,Abilene Christian,2025-26,,F,,
1982,Hazell,Nickerson,Abilene Christian,2025-26,,F,,
1983,Alex,Sullivan,Abilene Christian,2025-26,,F,,
1984,Annelise,Dexter,Abilene Christian,2025-26,,F,,
1985,Tia,Poulakidas,Abilene Christian,2025-26,,F,,
1986,Juliet,Schwartz,Abilene Christian,2025-26,,G,,
1987,Deniz,Alparslan,Abilene Christian,2025-26,,G,,
1988,Claire,Groenewoud,Abilene Christian,2025-26,,G,,
1989,Grace,Corelli,Abilene Christian,2025-26,,G,,
1990,Ava,Sandroni,Abilene Christian,2025-26,,G,,
1991,Allison,Dauer,Abilene Christian,2025-26,,G,,
1992,Melis,Alparslan,Abilene Christian,2025-26,,G,,
1993,Macy,Bacon,Abilene Christian,2025-26,,G,,
1994,Rylee,Drahos,Abilene Christian,2025-26,,G,,
1995,Peyton,Jones,Abilene Christian,2025-26,,G,,
1996,Franki,Gomez,Abilene Christian,2025-26,,G,,
1997,Zoey,Seymour,Abilene Christian,2025-26,,G,,
1999,Madison,Williams,Incarnate Word,2025-26,,G,,JR
2000,Martina,Monton,Incarnate Word,2025-26,,G,,FR
2001,Sedelia,Wilson-Larkin,Incarnate Word,2025-26,,F,,FR
2215,Elle,Ladine,Washington,2025-26,,G,,
3258,Irene,Trujillo,Western Michigan,2025-26,,G,,FR
3471,Skye,Robinson,Norfolk State,2025-26,,F,,
3473,Nakia,Cheatham,Alcorn State,2025-26,,F,,
3618,Amaya,Battle,Minnesota,2025-26,,G,,
3983,Kamaria,Gipson,UNC Asheville,2025-26,,G,,
4803,Makensie,Charles,Nicholls,2025-26,,G,,FR
5118,Melani,Dowling,Lehigh,2025-26,,F,,FR
5348,Ines,Garcia Monje,Davidson,2025-26,,F,,FR
5488,Chance,Gray,Ohio State,2025-26,,G,,
5593,Jade,Masogayo,Colorado,2025-26,,F,,
6493,Mariah,Daniels,Bellarmine,2025-26,,G,,
6844,Chantrel,Clayton,UIC,2025-26,,G,,
6957,Theresa,Biladi,Fairleigh Dickinson,2025-26,,NA,,
7321,Brooklyn,Terry,UTEP,2025-26,,G,,FR
7323,Blessing,Okhwodiasa,UTEP,2025-26,,F,,FR
7479,Elle,Dias,Fordham,2025-26,,C,,SO
8083,Iemyiah,Harris,South Carolina State,2025-26,,G,,
8285,Lainey,Maehl,Omaha,2025-26,,F,,
8431,Brya Brooklyn,Arroyo-Gillcrese,Adams State,2025-26,https://asugrizzlies.com/sports/womens-basketball/stats/2025-26,,,
8707,Alexis,Black,Fordham,2025-26,,,,
8892,Mashani,Saddler,LeMoyne-Owen,2025-26,https://athletics.loc.edu/sports/womens-basketball/stats/2025-26,,,
8971,S.,Bobo,LeMoyne-Owen,2025-26,https://athletics.loc.edu/sports/womens-basketball/stats/2025-26,,,
9141,Betti,Hamori,Angelo State,2025-26,https://angelosports.com/sports/womens-basketball/stats/2025-26,,,
9315,Natalia,Silva,UNRESOLVED (-1),2025-26,,,,
9316,Jaylen,Edmonson,UNRESOLVED (-1),2025-26,,,,
9317,Olivia,Sepulvado,UNRESOLVED (-1),2025-26,,,,
9318,Jordan,Hammons,UNRESOLVED (-1),2025-26,,,,
9319,Tetona,Woods,UNRESOLVED (-1),2025-26,,,,
9320,Riani,Benton,UNRESOLVED (-1),2025-26,,,,
9321,Lauren,Castillo,UNRESOLVED (-1),2025-26,,,,
9322,Cassie,Dahn,UNRESOLVED (-1),2025-26,,,,
9323,Ja'Maya,Gooch,UNRESOLVED (-1),2025-26,,,,
9324,Kaylan,Lockett,UNRESOLVED (-1),2025-26,,,,
9325,Stefani,Flowers,UNRESOLVED (-1),2025-26,,,,
9485,Addison,Deal,Iowa,2025-26,,,,
9957,Olivia,Beach,UNRESOLVED (-1),2025-26,,,,
10030,Ann,Bose,UNRESOLVED (-1),2025-26,,,,
10031,McKenna,Yates,UNRESOLVED (-1),2025-26,,,,
10032,Mariyah,Avila,UNRESOLVED (-1),2025-26,,,,
10033,Macy,Bryant,Nebraska Kearney,2025-26,https://lopers.com/sports/womens-basketball/stats/2025-26,,,
10034,Bailey,Kissinger,UNRESOLVED (-1),2025-26,,,,
10035,Josilyn,Miller,UNRESOLVED (-1),2025-26,,,,
10036,Adyson,Mlnarik,UNRESOLVED (-1),2025-26,,,,
10037,Catelynn,Bargen,UNRESOLVED (-1),2025-26,,,,
10038,Stella,Heapy,UNRESOLVED (-1),2025-26,,,,
10039,Mikah,O'Neill,UNRESOLVED (-1),2025-26,,,,
10483,Amanda,I.RondaRodriguez,UNRESOLVED (-1),2025-26,,,,
10536,Mary,Smith,UNRESOLVED (-1),2025-26,,,,
10644,Amari,Baldwin,Winston Salem State,2025-26,https://wssurams.com/sports/womens-basketball/stats/2025-26,,,
10645,Ah'Kiya,Pye,Winston Salem State,2025-26,https://wssurams.com/sports/womens-basketball/stats/2025-26,,,
10792,Sheylian,Rivera,UNRESOLVED (-1),2025-26,,,,
10793,Kiara,Collazo,UNRESOLVED (-1),2025-26,,,,
10794,Alondra,Quiñones,UNRESOLVED (-1),2025-26,,,,
10795,Anahilize,Vega,UNRESOLVED (-1),2025-26,,,,
10796,Kianelys,Torres,UNRESOLVED (-1),2025-26,,,,
10797,Dainellys,Calo,UNRESOLVED (-1),2025-26,,,,
10798,Nelishka,Vargas,UNRESOLVED (-1),2025-26,,,,
10799,Yadielys,Oliveras,UNRESOLVED (-1),2025-26,,,,
10800,Jeyshualee,Rosa,UNRESOLVED (-1),2025-26,,,,
10801,Naiomy,Lopez,UNRESOLVED (-1),2025-26,,,,
10802,Emiezed,Padin,UNRESOLVED (-1),2025-26,,,,
10803,Lereshka,Vargas,UNRESOLVED (-1),2025-26,,,,
10804,Jalianys,Velez,UNRESOLVED (-1),2025-26,,,,
10805,Paola,Vega,UNRESOLVED (-1),2025-26,,,,
10806,Alexandra,Beiro,UNRESOLVED (-1),2025-26,,,,
10807,Sofia,Roman,UNRESOLVED (-1),2025-26,,,,
10808,Keylee,Vargas,UNRESOLVED (-1),2025-26,,,,
10811,Debora,Lisboa,UNRESOLVED (-1),2025-26,,,,
10863,Kash,Santos,Bloomsburg,2025-26,https://bloomsburgathletics.com/sports/womens-basketball/stats/2025-26,,,
11057,Theresha,Miller,Bowie State,2025-26,https://bsubulldogs.com/sports/womens-basketball/stats/2025-26,,,
11263,Gianna,Darte,Cal State Dominguez Hills,2025-26,https://gotoros.com/sports/womens-basketball/stats/2025-26,,,
11264,Leilani,Blecha,Cal State Dominguez Hills,2025-26,https://gotoros.com/sports/womens-basketball/stats/2025-26,,,
11265,Geriah,Bradley,Cal State Dominguez Hills,2025-26,https://gotoros.com/sports/womens-basketball/stats/2025-26,,,
11266,Athena,Brombacher,Cal State Dominguez Hills,2025-26,https://gotoros.com/sports/womens-basketball/stats/2025-26,,,
11267,Talia,Garner,Cal State Dominguez Hills,2025-26,https://gotoros.com/sports/womens-basketball/stats/2025-26,,,
11268,Samantha,Myhr,Cal State Dominguez Hills,2025-26,https://gotoros.com/sports/womens-basketball/stats/2025-26,,,
11269,Simone,Murray,Cal State Dominguez Hills,2025-26,https://gotoros.com/sports/womens-basketball/stats/2025-26,,,
11270,Malea,Scobie,Cal State Dominguez Hills,2025-26,https://gotoros.com/sports/womens-basketball/stats/2025-26,,,
11271,Monique,Cavness,Cal State Dominguez Hills,2025-26,https://gotoros.com/sports/womens-basketball/stats/2025-26,,,
11273,Tegan,Gaines,Cal State Dominguez Hills,2025-26,https://gotoros.com/sports/womens-basketball/stats/2025-26,,,
11274,Deonna,Mayfield,Cal State Dominguez Hills,2025-26,https://gotoros.com/sports/womens-basketball/stats/2025-26,,,
11338,Sofia,Fidelus,Cal State Dominguez Hills,2025-26,https://gotoros.com/sports/womens-basketball/stats/2025-26,,,
11339,Nevaeh,Asiasi,Cal State Dominguez Hills,2025-26,https://gotoros.com/sports/womens-basketball/stats/2025-26,,,
11340,Amaya,Fuentes,Cal State Dominguez Hills,2025-26,https://gotoros.com/sports/womens-basketball/stats/2025-26,,,
11341,Ariyah,Smith,Cal State Dominguez Hills,2025-26,https://gotoros.com/sports/womens-basketball/stats/2025-26,,,
11342,Ronyae,Jackson,Cal State Dominguez Hills,2025-26,https://gotoros.com/sports/womens-basketball/stats/2025-26,,,
11343,Mariah,Blake,Cal State Dominguez Hills,2025-26,https://gotoros.com/sports/womens-basketball/stats/2025-26,,,
11344,Kyara,Walter,Cal State Dominguez Hills,2025-26,https://gotoros.com/sports/womens-basketball/stats/2025-26,,,
11347,Jaden,Newman,Cal State Dominguez Hills,2025-26,https://gotoros.com/sports/womens-basketball/stats/2025-26,,,
11356,Sienna,Cherwinski,Cal State Dominguez Hills,2025-26,https://gotoros.com/sports/womens-basketball/stats/2025-26,,,
11357,Shade,Satica,Cal State Dominguez Hills,2025-26,https://gotoros.com/sports/womens-basketball/stats/2025-26,,,
11358,Jordyn,Smith,Cal State Dominguez Hills,2025-26,https://gotoros.com/sports/womens-basketball/stats/2025-26,,,
11359,Riley,Sanz,Cal State Dominguez Hills,2025-26,https://gotoros.com/sports/womens-basketball/stats/2025-26,,,
11360,Kya,Kanoho,Cal State Dominguez Hills,2025-26,https://gotoros.com/sports/womens-basketball/stats/2025-26,,,
11361,Keana,Gosney,Cal State Dominguez Hills,2025-26,https://gotoros.com/sports/womens-basketball/stats/2025-26,,,
11362,Kyori,Lloyd,Cal State Dominguez Hills,2025-26,https://gotoros.com/sports/womens-basketball/stats/2025-26,,,
11363,Jada,Barnes,Cal State Dominguez Hills,2025-26,https://gotoros.com/sports/womens-basketball/stats/2025-26,,,
11421,Andrea,Stajic,Cal State Dominguez Hills,2025-26,https://gotoros.com/sports/womens-basketball/stats/2025-26,,,
11422,Sydney,Nelson,Cal State Dominguez Hills,2025-26,https://gotoros.com/sports/womens-basketball/stats/2025-26,,,
11423,Hunter,Hudson,Cal State Dominguez Hills,2025-26,https://gotoros.com/sports/womens-basketball/stats/2025-26,,,
11424,Brielle,Minor,Cal State Dominguez Hills,2025-26,https://gotoros.com/sports/womens-basketball/stats/2025-26,,,
11425,Mydrea,Moore,Cal State Dominguez Hills,2025-26,https://gotoros.com/sports/womens-basketball/stats/2025-26,,,
11426,Kadence,Lloyd,Cal State Dominguez Hills,2025-26,https://gotoros.com/sports/womens-basketball/stats/2025-26,,,
11427,Alexis,Woodson,Cal State Dominguez Hills,2025-26,https://gotoros.com/sports/womens-basketball/stats/2025-26,,,
11428,Madison,Eade,Cal State Dominguez Hills,2025-26,https://gotoros.com/sports/womens-basketball/stats/2025-26,,,
11429,Khamiyah,Anderson,Cal State Dominguez Hills,2025-26,https://gotoros.com/sports/womens-basketball/stats/2025-26,,,
11430,Jolleen,Olia,Cal State Dominguez Hills,2025-26,https://gotoros.com/sports/womens-basketball/stats/2025-26,,,
11431,Keke,Scott,Cal State Dominguez Hills,2025-26,https://gotoros.com/sports/womens-basketball/stats/2025-26,,,
11473,Navaeh,Colon,Fayetteville State,2025-26,https://fsubroncos.com/sports/womens-basketball/stats/2025-26,,,
11597,Ella,Schepp,West Florida,2025-26,https://goargos.com/sports/womens-basketball/stats/2025-26,,,
11608,Mae Mae,Gilmore,UNRESOLVED (-1),2025-26,,,,
11612,Morgan,Ross,UNRESOLVED (-1),2025-26,,,,
11613,Evin,Montgomery,UNRESOLVED (-1),2025-26,,,,
11614,Ashton,Bell,UNRESOLVED (-1),2025-26,,,,
11615,Brooke,Daniels,UNRESOLVED (-1),2025-26,,,,
11641,Quimari,Shelton,UNRESOLVED (-1),2025-26,,,,
11642,Trinitee,Alexander,UNRESOLVED (-1),2025-26,,,,
11643,Lillian,Harris,UNRESOLVED (-1),2025-26,,,,
11644,Taylor,Norris,UNRESOLVED (-1),2025-26,,,,
11645,Alonna,Harvey-Williams,UNRESOLVED (-1),2025-26,,,,
11647,Paula,Puzule,UNRESOLVED (-1),2025-26,,,,
11648,Kaitlyn,Simms,UNRESOLVED (-1),2025-26,,,,
11649,Nevaeh,Sage,UNRESOLVED (-1),2025-26,,,,
11650,Aushara,Hostetler,UNRESOLVED (-1),2025-26,,,,
11651,Cassandra,Sams,UNRESOLVED (-1),2025-26,,,,
11652,Jordan,Gray,UNRESOLVED (-1),2025-26,,,,
11773,Allison,Haslam,UNRESOLVED (-1),2025-26,,,,
11778,Natalia,Jimenez,UNRESOLVED (-1),2025-26,,,,
11847,Sydney,Coward,UNRESOLVED (-1),2025-26,,,,
11848,a,English,UNRESOLVED (-1),2025-26,,,,
11849,Nadia,Bates,UNRESOLVED (-1),2025-26,,,,
11850,As,ashford,UNRESOLVED (-1),2025-26,,,,
11851,Nakiyah,Hopkins,UNRESOLVED (-1),2025-26,,,,
11852,Sanaa,Holmes,UNRESOLVED (-1),2025-26,,,,
11853,Laura,Cobb,UNRESOLVED (-1),2025-26,,,,
11854,Kylee,Madden,UNRESOLVED (-1),2025-26,,,,
12226,Samone,Andrews,UNRESOLVED (-1),2025-26,,,,
12227,Ashley,Loon,UNRESOLVED (-1),2025-26,,,,
12228,Jacey,Somers,UNRESOLVED (-1),2025-26,,,,
12229,Kendal,Zeiter,Wisconsin Parkside,2025-26,https://parksiderangers.com/sports/womens-basketball/stats/2025-26,,,
12230,Amal,Younes,UNRESOLVED (-1),2025-26,,,,
12231,Mylah,Aalse,UNRESOLVED (-1),2025-26,,,,
12232,Tambre,Williams,UNRESOLVED (-1),2025-26,,,,
12233,Shahd,Baker,UNRESOLVED (-1),2025-26,,,,
12234,Emily,Lockey,UNRESOLVED (-1),2025-26,,,,
12235,Breezie,Williams,Wright State,2025-26,,,,
12236,Abbie,Riddle,Wright State,2025-26,,,,
12237,Lauren,Scott,Wright State,2025-26,,,,
12238,Rylee,Sagester,Wright State,2025-26,,,,
12239,Claire,Henson,Wright State,2025-26,,,,
12240,Olivia,Brown,Wright State,2025-26,,,,
12241,Maja,Dilen,Wright State,2025-26,,,,
12242,Elaina,Rager,Wright State,2025-26,,,,
12243,Ellie,Magestro-Kennedy,Wright State,2025-26,,,,
12244,Florrie,Cotterill,Wright State,2025-26,,,,
12245,Maddie,Moody,Northern Kentucky,2025-26,,,,
12246,Karina,Bystry,Northern Kentucky,2025-26,,,,
12247,Taysha,Rushton,Northern Kentucky,2025-26,,,,
12248,Abby,Wolterman,Northern Kentucky,2025-26,,,,
12249,Noelle,Hubert,Northern Kentucky,2025-26,,,,
12250,Mya,Meredith,Northern Kentucky,2025-26,,,,
12251,Jamaya,Thomas,Northern Kentucky,2025-26,,,,
12252,Kylee,Hunt,Northern Kentucky,2025-26,,,,
12253,Mia,Jordan,Northern Kentucky,2025-26,,,,
12254,Anna,Hamilton,Northern Kentucky,2025-26,,,,
12255,Kamora,Morgan,Northern Kentucky,2025-26,,,,
12256,Caroline,Eaglin,Northern Kentucky,2025-26,,,,
12257,Gabby,Razzano,Northern Kentucky,2025-26,,,,
12258,Alma,Rashelbach,Northern Kentucky,2025-26,,,,
12259,"Jasmine ""Jazzy""",Dupree-Hebert,Oakland,2025-26,,,,
12260,Grace,Okih,Wright State,2025-26,,,,
12261,Olivia,Smith,Eastern Michigan,2025-26,,,,
12262,Sydney,Bolden,UNRESOLVED (-1),2025-26,,,,
12263,Hailey,Smith,UNRESOLVED (-1),2025-26,,,,
12264,Nevaeh,Foster,UNRESOLVED (-1),2025-26,,,,
12265,Camron,Blank,UNRESOLVED (-1),2025-26,,,,
12266,Ariana,Williams,UNRESOLVED (-1),2025-26,,,,
12267,Kamara,Mills,UNRESOLVED (-1),2025-26,,,,
12268,Destini,Craig,UNRESOLVED (-1),2025-26,,,,
12269,Julia,Hall,UNRESOLVED (-1),2025-26,,,,
12270,E'Zaria,Adams,UNRESOLVED (-1),2025-26,,,,
12271,Jemma,Amoore,UNRESOLVED (-1),2025-26,,,,
12394,K.,Paulino Rosario,Molloy,2025-26,https://molloylions.com/sports/womens-basketball/stats/2025-26,,,
12405,Janaya,Prince-Baquer,Franklin Pierce,2025-26,https://fpuravens.com/sports/womens-basketball/stats/2025-26,,,
12417,Trinity,Fortune-Medi,Wilmington (DE),2025-26,https://wildcats.athletics.wilmu.edu/sports/wbkb/2025-26/teams/wilmingtondel,,,
12435,Hope,Kanouse,UNRESOLVED (-1),2025-26,,,,
12436,Paige,Guernsey,UNRESOLVED (-1),2025-26,,,,
12437,Isabel,Reemsnyder,UNRESOLVED (-1),2025-26,,,,
12438,Rhema,Dozier,UNRESOLVED (-1),2025-26,,,,
12439,Emily,Cline,UNRESOLVED (-1),2025-26,,,,
12440,Brynn,Reams,UNRESOLVED (-1),2025-26,,,,
12441,MJ,Mikus,UNRESOLVED (-1),2025-26,,,,
12442,Hannah,Gillette,UNRESOLVED (-1),2025-26,,,,
12443,Madelyn,Smith,UNRESOLVED (-1),2025-26,,,,
12444,Emilynne,Braue,UNRESOLVED (-1),2025-26,,,,
12445,McKenzie,Munson,UNRESOLVED (-1),2025-26,,,,
12446,Lauren,Meerman,UNRESOLVED (-1),2025-26,,,,
12447,Lakely,Bottum,UNRESOLVED (-1),2025-26,,,,
12448,Mary,Gadwood,UNRESOLVED (-1),2025-26,,,,
12449,Nia,Moncrief,UNRESOLVED (-1),2025-26,,,,
12450,Ellie,Wrona,UNRESOLVED (-1),2025-26,,,,
12451,Leah,French,UNRESOLVED (-1),2025-26,,,,
12548,Kate,Gallery,Fort Lewis,2025-26,https://goskyhawks.com/sports/womens-basketball/stats/2025-26,,,
12563,Brynae,Stewart,CSU-Pueblo,2025-26,https://gothunderwolves.com/sports/womens-basketball/stats/2025-26,,,
12623,Savanna,Staff,Westminster (UT),2025-26,https://westminstergriffins.com/sports/womens-basketball/stats/2025-26,,,
12938,Alexa,Kolnitys,Davenport,2025-26,https://dupanthers.com/sports/womens-basketball/stats/2025-26,,,
12950,Lili,Wilken,Trevecca Nazarene,2025-26,https://tnutrojans.com/sports/womens-basketball/stats/2025-26,,,
12953,Monique,Emelifeonwu,Trevecca Nazarene,2025-26,https://tnutrojans.com/sports/womens-basketball/stats/2025-26,,,
13223,Jazzmen,Robinson,Lincoln Memorial,2025-26,https://lmurailsplitters.com/sports/womens-basketball/stats/2025-26,,,
13257,Deshona,Gaither,Newberry,2025-26,https://newberrywolves.com/sports/womens-basketball/stats/2025-26,,,
13372,Cristina,Oliva,Cal State Dominguez Hills,2025-26,https://gotoros.com/sports/womens-basketball/stats/2025-26,,,
6,Courtney,Swider,Wofford,2025-26,,,"6' 4""",JR
7,Melissa,Mwanza,Stony Brook,2025-26,,,"6' 2""",JR
67,Chloe,Oliver,Stony Brook,2025-26,,,"5' 8""",JR
71,Talana,Lepolo,Stanford,2025-26,,,"5' 7""",SR
74,Courtney,Ogden,Stanford,2025-26,,,"6' 1""",JR
75,Nunu,Agara,Stanford,2025-26,,,"6' 2""",JR
77,Chloe,Clardy,Stanford,2025-26,,,"5' 9""",JR
78,Jzaniya,Harriel,SMU,2025-26,,,"5' 10""",SR
79,Stavi,Papadaki,Stanford,2025-26,,,"5' 11""",SR
80,Lauren,Green,Stanford,2025-26,,,"5' 8""",SR
118,Sahnya,Jah,SMU,2025-26,,,"6' 0""",JR
176,Teya,Sidberry,Texas,2025-26,,,"6' 1""",SR
184,JaKayla,Thompson,Liberty,2025-26,,,"5' 8""",JR
185,Kayla,Lezama,Hampton,2025-26,,,"6' 0""",JR
273,Kyla,Oldacre,Texas,2025-26,,,,
286,Aaryn,Battle,Hampton,2025-26,,,"5' 10""",JR
317,Paulina,Paris,SMU,2025-26,,,"5' 9""",SR
358,Emma,Shumate,Michigan State,2025-26,,,"6' 1""",SR
395,Elisabeth,Aegisdottir,Liberty,2025-26,,,"6' 2""",JR
404,Avery,Mills,Liberty,2025-26,,,"5' 9""",SO
408,Ify,Nwaobi,Liberty,2025-26,,,"6' 2""",FR
409,Emmy,Stout,Liberty,2025-26,,,"6' 3""",SO
410,Maleah,Alexander,Liberty,2025-26,,,"5' 7""",FR
502,Lani,White,Utah,2025-26,,,,
506,Mia,Flor,Wofford,2025-26,,,"6' 2""",SR
508,Maddie,Heiss,Wofford,2025-26,,,"5' 10""",JR
511,Toni,Warren,Wofford,2025-26,,,"5' 11""",SO
512,Queen,Ikhiuwu,Wofford,2025-26,,,"6' 1""",JR
513,Molly,Masingale,Wofford,2025-26,,,"5' 9""",SO
514,Madi,Hawk,Wofford,2025-26,,,"5' 10""",SO
515,Sara,Deidda,Wofford,2025-26,,,"5' 11""",JR
539,Kiara,Williams,La Salle,2025-26,,,"6' 0""",FR
557,Zahra,King,SMU,2025-26,,,"5' 10""",SO
561,Kamryn,Mafua,Utah,2025-26,,,"6' 1""",SO
565,Shay,Ijiwoye,Stanford,2025-26,,,,
566,Harper,Peterson,Stanford,2025-26,,,"6' 3""",SO
568,Kennedy,Umeh,Stanford,2025-26,,,"6' 4""",SO
576,Kayanna,Cox,UCF,2025-26,,,"5' 10""",SO
605,Leah,Harmon,UCF,2025-26,,,"5' 6""",SO
716,Lynn,Peters,Liberty,2025-26,,,"6' 3""",FR
717,Emma,Leon,Liberty,2025-26,,,"5' 6""",FR
718,Lydie,Mwamba,Liberty,2025-26,,,"5' 11""",SR
719,Zeynep,Avci,Liberty,2025-26,,,"6' 0""",FR
798,Lara,Somfai,Stanford,2025-26,,,"6' 3""",FR
799,Hailee,Swain,Stanford,2025-26,,,"5' 11""",FR
800,Alexandra,Eschmeyer,Stanford,2025-26,,,"6' 5""",FR
801,Nora,Ezike,Stanford,2025-26,,,,
802,Carly,Amborn,Stanford,2025-26,,,"6' 2""",FR
846,Anaya,Brown,SMU,2025-26,,,"6' 1""",SR
847,Grace,Hall,SMU,2025-26,,,"6' 2""",SR
849,Elizaveta,Filchagina,SMU,2025-26,,,"6' 2""",FR
850,Miriam,Ibezim,SMU,2025-26,,,"6' 2""",SR
854,Kyla,Deck,SMU,2025-26,,,"5' 9""",SR
855,Tyi,Skinner,SMU,2025-26,,,"5' 5""",SR
899,Lucia,Lara,New Mexico State,2025-26,,,"6' 3""",SO
935,Reese,Ross,Utah,2025-26,,,"6' 1""",JR
938,Maty,Wilke,Utah,2025-26,,,"5' 10""",SR
941,Alyssa,Blanck,Utah,2025-26,,,"6' 2""",JR
959,Paige,Kohler,Bowling Green,2025-26,,,"5' 8""",JR
962,Taya,Ellis,Bowling Green,2025-26,,,"6' 1""",JR
969,Jasmine,Fearne,Bowling Green,2025-26,,,"6' 0""",JR
970,Emily,Siesel,Bowling Green,2025-26,,,"5' 6""",SR
975,Jaedyn,Cook,Bowling Green,2025-26,,,"6' 3""",JR
1057,Savannah,Scott,UCF,2025-26,,,"6' 4""",SO
1121,Lilly,Meister,Kansas,2025-26,,,"6' 3""",SR
1189,Rashunda,Jones,Michigan State,2025-26,,,"5' 8""",JR
1237,Tahj-Monet,Bloom,Nevada,2025-26,,,"6' 2""",FR
1242,Madison,Booker,Texas,2025-26,,,"6' 1""",JR
1245,Rori,Harmon,Texas,2025-26,,,,
1247,Justice,Carlton,Texas,2025-26,,,"6' 1""",SO
1248,Jordan,Lee,Texas,2025-26,,,"6' 0""",SO
1249,Bryanna,Preston,Texas,2025-26,,,"5' 9""",SO
1253,Sarah,Graves,Texas,2025-26,,,"5' 9""",SR
1330,Lauren,Gerken,Bowling Green,2025-26,,,"6' 1""",SO
1331,Ky'Aira,Miller,Bowling Green,2025-26,,,"5' 6""",FR
1332,Johnea,Donahue,Bowling Green,2025-26,,,"5' 8""",SO
1333,Sofia,Moschen,Bowling Green,2025-26,,,"6' 2""",FR
1334,Kendal,Moxey,Bowling Green,2025-26,,,"6' 3""",SR
1335,Laila,Harrison,Bowling Green,2025-26,,,"6' 1""",SO
1336,Joniyah,Bland-Fitzpatrick,Bowling Green,2025-26,,,"5' 10""",JR
1337,Kaia,Woods,Bowling Green,2025-26,,,"5' 3""",SR
1375,Breya,Cunningham,Texas,2025-26,,,"6' 4""",JR
1376,Lovisa,Asbrink Hose,Texas,2025-26,,,"6' 6""",SO
1377,Aaliyah,Crump,Texas,2025-26,,,"6' 1""",FR
1378,Grace,Prenter,Texas,2025-26,,,"5' 8""",FR
1570,Quinzia,Fulmore,Elon,2025-26,,,"6' 3""",SR
1731,Alexandra,Eldredge,Dartmouth,2025-26,,,"5' 11""",JR
1838,Lina,Falk,Pepperdine,2025-26,,,"6' 2""",JR
2143,Laila,McLeod,Denver,2025-26,,,"6' 0""",SR
2199,Imani,Perez,Hawaii,2025-26,,,"6' 4""",SR
2208,Brooke,Murrell,Denver,2025-26,,,"6' 3""",SO
2241,Shelomi,Sanders,Alabama A&M,2025-26,,,"5' 6""",SR
2258,Tiani,Abrams,Hampton,2025-26,,,"6' 1""",SR
2262,Amelia,Raidaveta,Nevada,2025-26,,,"6' 2""",JR
2287,Taija,Sta. Maria,Pepperdine,2025-26,,,"5' 6""",JR
2291,Maria,Konstantinidou,San Diego State,2025-26,,,"6' 2""",JR
2303,Alyssa,Jackson,San Diego State,2025-26,,,"5' 11""",SO
2304,Khylee,Pepe,Long Beach State,2025-26,,,"5' 11""",SR
2305,Meghan,Fiso,Pepperdine,2025-26,,,"5' 10""",SR
2308,Ellie,Chen,San Diego State,2025-26,,,"5' 5""",JR
2328,Izzy,Sullivan,Nevada,2025-26,,,"5' 10""",JR
2331,Kennedy,Lee,San Diego State,2025-26,,,"6' 0""",SR
2339,Elle,Motherway,Nevada,2025-26,,,"5' 11""",JR
2351,Macy,Spencer,High Point,2025-26,,,"5' 8""",JR
2380,Sofia,Kelemeni,San Diego State,2025-26,,,"6' 0""",SR
2395,Ivory,Finley,Pepperdine,2025-26,,,"5' 10""",SR
2514,Imbie,Jones,Nevada,2025-26,,,"6' 2""",JR
2515,Kendra,Hicks,Nevada,2025-26,,,"6' 1""",SO
2516,Ahrray,Young,Nevada,2025-26,,,"5' 11""",JR
2523,Elli,Guiney,Pepperdine,2025-26,,,"5' 11""",SO
2540,CJ,Latta,San Diego State,2025-26,,,"5' 10""",SO
2553,Naomi,Panganiban,San Diego State,2025-26,,,"5' 7""",SO
2554,Nat,Martinez,San Diego State,2025-26,,,"5' 7""",SO
2555,Bailey,Barnhard,San Diego State,2025-26,,,"6' 1""",SO
2556,Kaelyn,Hamilton,San Diego State,2025-26,,,"5' 9""",SO
2563,Ana,Conde,Denver,2025-26,,,"6' 0""",SO
2565,Coryn,Watts,Denver,2025-26,,,"5' 7""",SO
2566,Laia,Monclova,Denver,2025-26,,,"6' 1""",JR
2567,Teodora,Simoncevic,Denver,2025-26,,,"6' 2""",FR
2568,Lily,Esparza,Denver,2025-26,,,"6' 2""",SO
2569,Jocelyn,Medina,Denver,2025-26,,,"5' 6""",JR
2570,Karolina,Padilla,Denver,2025-26,,,"5' 7""",JR
2572,Anna,Rosenberger,Denver,2025-26,,,"6' 3""",SO
2574,Paula,Oliva Gomez,Denver,2025-26,,,"6' 0""",FR
2652,Makayla,Carter,Nevada,2025-26,,,"6' 2""",FR
2653,Skylar,Durley,Nevada,2025-26,,,"5' 9""",FR
2654,Maia,Rosarion,Nevada,2025-26,,,"5' 10""",SO
2655,Chloe,Williams,Nevada,2025-26,,,"6' 3""",SR
2656,Britain,Backus,Nevada,2025-26,,,"5' 7""",FR
2657,Gabby,Ramos,Nevada,2025-26,,,"5' 10""",FR
2659,Nala,Williams,San Diego State,2025-26,,,"5' 8""",SR
2660,Kendall,Mosley,San Diego State,2025-26,,,"5' 11""",FR
2661,Aubrey,Cook,San Diego State,2025-26,,,"6' 4""",FR
2737,Jacorriah,Bracey,UCF,2025-26,,,"5' 9""",SR
2742,Mikaylah,Manley,Louisiana,2025-26,,,"5' 8""",JR
2944,Olivia,Smith,Hampton,2025-26,,,"5' 5""",SR
2998,Jadyn,Weltz,Vermont,2025-26,,,"5' 7""",SR
3147,Jazmyne,Jackson,Louisiana,2025-26,,,"5' 7""",SR
3294,Marina,Artero,Louisiana,2025-26,,,"5' 11""",JR
3295,Imani,Daniel,Louisiana,2025-26,,,"5' 9""",FR
3296,Bianca,Silva,Louisiana,2025-26,,,"5' 6""",JR
3297,Amijah,Price,Louisiana,2025-26,,,"5' 8""",FR
3298,Kahlen,Norris,Louisiana,2025-26,,,"5' 9""",JR
3299,Lily,Ba,Louisiana,2025-26,,,"6' 3""",JR
3301,Stephanie,Mosley,Louisiana,2025-26,,,"6' 0""",SR
3302,Arionna,Patterson,Louisiana,2025-26,,,"5' 11""",FR
3303,Sierra,Jones,Louisiana,2025-26,,,"5' 5""",SR
3350,Blessing,King,Marshall,2025-26,,,"5' 10""",SR
3360,Judit,Oliva Fernandez,Long Beach State,2025-26,,,"6' 2""",SO
3370,Annemarie,Batista,Vermont,2025-26,,,"6' 1""",SR
3441,Tre'Miyah,Berry,Alabama A&M,2025-26,,,"5' 9""",SO
3453,Moses,Davenport,Alabama A&M,2025-26,,,"6' 5""",SR
3454,Aniya,Palmer,Alabama A&M,2025-26,,,"6' 1""",JR
3513,Grace,VanSlooten,Michigan State,2025-26,,,,
3518,Theryn,Hallock,Michigan State,2025-26,,,"5' 10""",SR
3522,Isaline,Alexander,Michigan State,2025-26,,,"6' 3""",SR
3523,Kennedy,Blair,Michigan State,2025-26,,,"5' 9""",SO
3524,Abbey,Kimball,Michigan State,2025-26,,,"5' 10""",SR
3581,Sumayah,McIntosh,Alabama A&M,2025-26,,,"5' 10""",FR
3582,Vanessa,Wimberly,Alabama A&M,2025-26,,,"5' 6""",FR
3583,Rakiyah,Beal,Alabama A&M,2025-26,,,"5' 11""",SR
3584,Jaida,Belton,Alabama A&M,2025-26,,,"6' 4""",SR
3586,Kamiyha,Griffin,Alabama A&M,2025-26,,,"5' 10""",SO
3587,Zaria,Glover,Alabama A&M,2025-26,,,"5' 10""",SR
3588,Kalyn,Ervin,Alabama A&M,2025-26,,,"5' 7""",SR
3719,Molly,Moffitt,UAB,2025-26,,,"6' 1""",SR
3839,Shomari,Phillips,Bethune-Cookman,2025-26,,,"5' 11""",SR
3863,Anabel,Latorre Ciria,Umass Lowell,2025-26,,,"6' 2""",SR
3874,Chanelle,McDonald,Bethune-Cookman,2025-26,,,"6' 2""",SR
3883,Daimoni,Dorsey,Bethune-Cookman,2025-26,,,"5' 7""",SR
3915,Eleecia,Carter,UAB,2025-26,,,"5' 7""",SO
3916,Cali,Smallwood,UAB,2025-26,,,"5' 9""",JR
3917,Riley,Talbert,UAB,2025-26,,,"5' 10""",SO
3990,Diaka,Berete,Stony Brook,2025-26,,,"5' 9""",SR
4001,Jordan,Brooks,Bethune-Cookman,2025-26,,,"5' 3""",SO
4002,Janessa,Kelley,Bethune-Cookman,2025-26,,,"5' 9""",SO
4003,Mya,Johnson,Bethune-Cookman,2025-26,,,"6' 2""",SO
4035,Monae',Duffy,UAB,2025-26,,,"5' 10""",SR
4036,Sofia,Munoz,UAB,2025-26,,,"5' 8""",FR
4037,Ashlyn,Howard,UAB,2025-26,,,"6' 1""",FR
4038,Samari,Taylor,UAB,2025-26,,,"6' 3""",JR
4040,Mari,Miller,UAB,2025-26,,,"5' 11""",FR
4042,Jordan,Rosier,UAB,2025-26,,,"5' 9""",SR
4112,Sanai,Tyler,Bethune-Cookman,2025-26,,,"6' 0""",JR
4113,Tyler,Butler,Bethune-Cookman,2025-26,,,"6' 1""",SR
4114,Kailyn,Peters,Bethune-Cookman,2025-26,,,"5' 11""",SR
4115,Madison,Holden,Bethune-Cookman,2025-26,,,"5' 6""",JR
4116,Dariasia,Pitts,Bethune-Cookman,2025-26,,,"6' 0""",FR
4117,Jade,Parks,Bethune-Cookman,2025-26,,,"5' 11""",FR
4120,Alexandria,Johnson,Bethune-Cookman,2025-26,,,"5' 8""",SR
4166,Kristol,Ayson,UCF,2025-26,,,"5' 8""",SR
4182,Charlece,Ohiaeri,Saint Mary's,2025-26,,,"6' 1""",JR
4224,Deja,Evans,Drexel,2025-26,,,"6' 2""",JR
4253,Rose,Nelson,Bryant,2025-26,,,"6' 1""",SR
4258,Maranda,Nyborg,Bryant,2025-26,,,"6' 3""",SR
4295,Alonna,Sellers,Stony Brook,2025-26,,,"6' 1""",SR
4320,Clare,Meyer,Dartmouth,2025-26,,,"6' 3""",SR
4322,Nina,Minicozzi,Dartmouth,2025-26,,,"5' 8""",JR
4331,Olivia,Lawlor,Dartmouth,2025-26,,,"6' 1""",SR
4333,Sierra,Carson,Dartmouth,2025-26,,,"5' 8""",JR
4335,Brooke,Hollawell,Dartmouth,2025-26,,,"5' 9""",SR
4359,Nia,Scott,Bryant,2025-26,,,"6' 1""",JR
4360,Martina,Boba,Bryant,2025-26,,,"5' 8""",JR
4361,Mia,Mancini,Bryant,2025-26,,,"5' 6""",JR
4396,Maddie,Rice,Umass Lowell,2025-26,,,"5' 8""",JR
4441,Nikola,Priede,Vermont,2025-26,,,"6' 2""",SR
4442,Keira,Hanson,Vermont,2025-26,,,"5' 8""",SR
4445,Malia,Lenz,Vermont,2025-26,,,"5' 10""",JR
4447,Catherine,Gilwee,Vermont,2025-26,,,"5' 8""",SR
4479,Zeynep,Ozel,Dartmouth,2025-26,,,"5' 8""",SO
4480,Tahira,Muhammad,Dartmouth,2025-26,,,"5' 8""",SO
4528,Caitlin,Frost,Stony Brook,2025-26,,,"6' 1""",SO
4556,Emma,Haan,Vermont,2025-26,,,"5' 7""",SO
4557,Savanna,Creal,Vermont,2025-26,,,"6' 0""",SO
4558,Piper,Risdon,Vermont,2025-26,,,"6' 0""",SO
4560,Devon,Yarde,Vermont,2025-26,,,"5' 6""",SO
4577,Olivia,Fernandez,Bryant,2025-26,,,"5' 9""",SO
4579,Mimi,Rubino,Bryant,2025-26,,,"5' 7""",SR
4595,Gabby,Casey,Saint Joseph's,2025-26,,,"5' 9""",JR
4598,Meja,Jägerskog,Saint Joseph's,2025-26,,,"6' 2""",SO
4600,Rhian,Stokes,Saint Joseph's,2025-26,,,"5' 7""",SO
4601,Lauren,Greer,Saint Joseph's,2025-26,,,"5' 6""",SO
4602,Aleah,Snead,Saint Joseph's,2025-26,,,"5' 11""",JR
4603,Kaylie,Griffin,Saint Joseph's,2025-26,,,"5' 7""",SR
4605,Emirson,Devenie,Saint Joseph's,2025-26,,,"6' 1""",SR
4620,Debra,Hill,Dartmouth,2025-26,,,"6' 1""",FR
4621,Jacalyn,Myrthil,Dartmouth,2025-26,,,"5' 5""",FR
4622,Emma,Olausson,Dartmouth,2025-26,,,"6' 0""",FR
4674,Lia,Hanson,Vermont,2025-26,,,"5' 10""",FR
4675,Maren,Maxon,Vermont,2025-26,,,"5' 8""",FR
4676,Jacklynn,Hosier,Vermont,2025-26,,,"5' 8""",FR
4678,Christiana,Gordon,Vermont,2025-26,,,"5' 11""",FR
4679,Sabrina,Larsson,Umass Lowell,2025-26,,,"5' 8""",SR
4680,Paris,Gilmore,Umass Lowell,2025-26,,,"5' 6""",SO
4681,Jaini,Edmonds,Umass Lowell,2025-26,,,"5' 9""",SO
4682,Adna,Halilbasic,Umass Lowell,2025-26,,,"6' 2""",SO
4683,Tyanna,Medina,Umass Lowell,2025-26,,,"5' 7""",FR
4685,Izzy,Adams,Bryant,2025-26,,,"5' 6""",FR
4686,Giselle,Davis,Bryant,2025-26,,,"6' 0""",FR
4687,Madara,Liepniece,Bryant,2025-26,,,"5' 7""",JR
4688,Azanah,Campbell,Bryant,2025-26,,,"5' 9""",FR
4689,Jaida,Guerra,Bryant,2025-26,,,"5' 6""",FR
4804,Frances,Ulysse,Longwood,2025-26,,,"6' 1""",JR
4805,Otaifo,Esenabhalu,Longwood,2025-26,,,"6' 2""",JR
4806,Malea,Brown,Longwood,2025-26,,,"5' 5""",SR
4811,Nalani,Simmons,Longwood,2025-26,,,"5' 8""",JR
4815,Amor,Harris,Longwood,2025-26,,,"5' 9""",JR
4830,Aryss,Macktoon,La Salle,2025-26,,,"5' 11""",JR
4910,Tyana,Walker,Elon,2025-26,,,"5' 10""",JR
4965,Cecilia,Kay,Saint Joseph's,2025-26,,,"6' 2""",SO
4977,JaMya,Robinson,Longwood,2025-26,,,"5' 11""",SR
4979,Olivia,Bowes,Longwood,2025-26,,,"6' 0""",SO
4982,Jaci,Bolden,Longwood,2025-26,,,"5' 7""",SR
4984,Joan,Quinn,La Salle,2025-26,,,"5' 9""",SO
4985,Ashleigh,Connor,La Salle,2025-26,,,"5' 11""",JR
4986,Anna,Przyszlak,La Salle,2025-26,,,"6' 1""",SR
4990,Sania,Jenkins,La Salle,2025-26,,,"5' 11""",SO
4993,Lauren,Patnode,La Salle,2025-26,,,"6' 0""",FR
5042,Amiya,Moses,La Salle,2025-26,,,"6' 2""",FR
5043,Ava,Hoy,La Salle,2025-26,,,"6' 3""",FR
5044,Yar,Manyiel,La Salle,2025-26,,,"6' 0""",JR
5045,India,Webb,La Salle,2025-26,,,,FR
5046,Ivona,Miljanic,La Salle,2025-26,,,"6' 0""",SR
5047,Charity,Sawyer,La Salle,2025-26,,,,FR
5062,Laine,McGurk,Drexel,2025-26,,,"5' 10""",JR
5063,Grace,O'Neill,Drexel,2025-26,,,"5' 7""",SR
5064,Amaris,Baker,Drexel,2025-26,,,"5' 8""",SR
5065,Iriona,Gravley,Drexel,2025-26,,,"6' 0""",SO
5066,Molly,Rullo,Drexel,2025-26,,,"5' 11""",FR
5067,Mariah,Watkins,Drexel,2025-26,,,"6' 0""",SO
5070,Bria,Watkins,Drexel,2025-26,,,"6' 0""",FR
5071,Emilee,Jones,Drexel,2025-26,,,"5' 10""",SO
5129,Joelle,Davis,UNC Greensboro,2025-26,,,"5' 10""",JR
5134,Makiah,Asidanya,UNC Greensboro,2025-26,,,"5' 7""",JR
5136,Rylan,Moffitt,UNC Greensboro,2025-26,,,"6' 0""",SR
5258,Meredith,Maier,Marshall,2025-26,,,"6' 0""",SR
5263,Aarionna,Redman,Marshall,2025-26,,,"5' 10""",SR
5264,Peyton,Ilderton,Marshall,2025-26,,,"5' 6""",SR
5267,Timberlynn,Yeast,Marshall,2025-26,,,"5' 9""",SO
5282,Tasia,Johnson,UNC Greensboro,2025-26,,,"5' 7""",SR
5283,Jaila,Lee,UNC Greensboro,2025-26,,,"5' 9""",SR
5284,Kristina,Rakotobe,UNC Greensboro,2025-26,,,"5' 11""",SO
5287,Maja,Rohkohl,Duquesne,2025-26,,,"6' 4""",SO
5328,Leyocha,Marigney,Marshall,2025-26,,,"6' 3""",JR
5329,Kassie,Ingram,Marshall,2025-26,,,"5' 11""",SO
5355,Gabby,Mundy,Wofford,2025-26,,,"5' 6""",FR
5356,Brady,Branam,Wofford,2025-26,,,"6' 2""",FR
5357,Abby,Eller,Wofford,2025-26,,,"6' 0""",FR
5358,Elli,Porter,Wofford,2025-26,,,"5' 8""",FR
5359,Sophia,Rueppell,Wofford,2025-26,,,"5' 8""",JR
5375,Olivia,Olson,Marshall,2025-26,,,"5' 10""",FR
5376,Timaya,Lewis-Eutsey,Marshall,2025-26,,,"5' 8""",SR
5377,Ni'Kiah,Chesterfield,Marshall,2025-26,,,"6' 0""",JR
5432,Loes,Rozing,New Mexico State,2025-26,,,"5' 10""",SR
5434,Lucia,Yenes,New Mexico State,2025-26,,,"6' 0""",SR
5437,Imani,Warren,New Mexico State,2025-26,,,"5' 10""",JR
5445,Saniyah,Neverson,Hawaii,2025-26,,,"6' 0""",SR
5456,Ella,Wedin,Saint Mary's,2025-26,,,"6' 1""",SO
5466,Melesungu,Afeaki,Saint Mary's,2025-26,,,"6' 2""",SR
5479,Jalyn,Brown,Michigan State,2025-26,,,,
5559,Grace,Foster,Utah,2025-26,,,"5' 10""",SO
5560,Brooke,Walker,Utah,2025-26,,,"5' 9""",SO
5565,Mahogany,Chandler-Roberts,UCF,2025-26,,,"6' 2""",SO
5567,Summer,Yancy,UCF,2025-26,,,"5' 11""",SO
5568,Khyala,Ngodu,UCF,2025-26,,,"6' 3""",JR
5569,Taylor,Gibson,Hampton,2025-26,,,"6' 2""",SR
5570,Regan,Williams,Kansas,2025-26,,,"6' 3""",SO
5571,S'Mya,Nichols,Kansas,2025-26,,,"6' 0""",JR
5572,Laia,Conesa,Kansas,2025-26,,,"5' 11""",JR
5573,Elle,Evans,Kansas,2025-26,,,"6' 3""",SR
5574,Sania,Copeland,Kansas,2025-26,,,"5' 7""",SR
5575,Nadira,Eltayeb,Kansas,2025-26,,,"6' 4""",SR
5577,Brittany,Harshaw,Kansas,2025-26,,,"6' 1""",JR
5675,LA,Sneed,Utah,2025-26,,,"5' 6""",FR
5676,Evelina,Otto,Utah,2025-26,,,"6' 2""",FR
5677,Avery,Hjelmstad,Utah,2025-26,,,"6' 1""",FR
5684,Jasmynne,Gibson,UCF,2025-26,,,"6' 1""",SO
5685,Samari,Bankhead,UCF,2025-26,,,"6' 0""",FR
5688,Audreonia,Benson,UCF,2025-26,,,"5' 7""",JR
5690,Jaliya,Davis,Kansas,2025-26,,,"6' 2""",FR
5691,Libby,Fandel,Kansas,2025-26,,,"6' 1""",FR
5692,Tatyonna,Brown,Kansas,2025-26,,,"6' 2""",FR
5693,Keeley,Parks,Kansas,2025-26,,,"5' 11""",FR
5723,Marah,Dykstra,Michigan State,2025-26,,,"6' 2""",SR
5753,Nevaeh,Zavala,High Point,2025-26,,,"6' 0""",SR
5754,Anna,Hager,High Point,2025-26,,,"6' 0""",SR
5758,Peyton,Gerdes,High Point,2025-26,,,"6' 0""",SO
5760,Aaliyah,Collins,High Point,2025-26,,,"5' 6""",SR
5782,Malia,Latu,Saint Mary's,2025-26,,,"5' 8""",SR
5784,Georgia,Grigoropoulou,Saint Mary's,2025-26,,,"6' 3""",SR
5802,Megan,Norris,UC Davis,2025-26,,,"6' 3""",SR
5803,Nya,Epps,UC Davis,2025-26,,,"5' 10""",SR
5807,Avery,Sussex,UC Davis,2025-26,,,"5' 8""",SO
5808,Ryann,Bennett,UC Davis,2025-26,,,"5' 8""",SO
5810,Victoria,Baker,UC Davis,2025-26,,,"5' 9""",SR
5811,Theoni,Tsami,UC Davis,2025-26,,,"6' 1""",SO
6050,Kiya,Dorroh,Hampton,2025-26,,,"6' 1""",SR
6056,Irune,Orio,Pepperdine,2025-26,,,"6' 2""",SR
6085,Amanda,Mitchell,Radford,2025-26,,,"6' 2""",FR
6118,Rebecca,Moors,Hawaii,2025-26,,,"6' 2""",SO
6119,Kira-May,Filemu,Hawaii,2025-26,,,"5' 11""",SO
6121,Danijela,Kujovic,Hawaii,2025-26,,,"6' 1""",FR
6122,Dunja,Zecevic,Duquesne,2025-26,,,"6' 2""",JR
6244,Jeni,Levine,UNC Greensboro,2025-26,,,"5' 7""",SR
6245,Salimata,Traore,UNC Greensboro,2025-26,,,"6' 1""",FR
6247,Leyla,Minor,UNC Greensboro,2025-26,,,"6' 0""",FR
6248,Ciara,Harris,UNC Greensboro,2025-26,,,"5' 8""",SO
6249,Danaya,Stokes,UNC Greensboro,2025-26,,,"6' 0""",FR
6250,Mia,Simpson,UNC Greensboro,2025-26,,,"5' 7""",SR
6383,Tegan,Young,UC Davis,2025-26,,,"6' 1""",JR
6390,Chana,Paxixe,High Point,2025-26,,,"5' 8""",SR
6395,Kenaya,Klintman,High Point,2025-26,,,"5' 10""",SO
6396,Dom,Nesland,High Point,2025-26,,,"5' 9""",SO
6397,Dakota,Phillips,High Point,2025-26,,,"5' 9""",SO
6505,Faith,Stinson,Saint Joseph's,2025-26,,,"6' 2""",SR
6837,Jill,Jekot,Saint Joseph's,2025-26,,,"5' 11""",SO
6840,Jasmine,Peaks,Longwood,2025-26,,,"5' 5""",SR
7030,Sophie,Lentfer,UC Davis,2025-26,,,"6' 0""",FR
7031,Emmy,Ersdala,UC Davis,2025-26,,,"6' 1""",FR
7032,Carrington,Davis,UC Davis,2025-26,,,"5' 10""",FR
7174,Gabby,Grantham-Medley,Duquesne,2025-26,,,"5' 9""",SO
7189,Mackenzie,Blackford,Duquesne,2025-26,,,"5' 8""",SO
7190,Nadia,Moore,Duquesne,2025-26,,,"5' 10""",SO
7191,Kellie,McConnell,Duquesne,2025-26,,,"5' 3""",SO
7192,Reina,Green,Duquesne,2025-26,,,"5' 8""",JR
7193,Fatou,Sane,Duquesne,2025-26,,,"6' 0""",SO
7194,Faith,Walker,Duquesne,2025-26,,,"6' 1""",SO
7218,Maraja,Pass,Elon,2025-26,,,"5' 4""",JR
7219,Ruby,Willard,Elon,2025-26,,,"5' 10""",SR
7222,Kamryn,Doty,Elon,2025-26,,,"5' 5""",SR
7416,LaNae',Corbett,Elon,2025-26,,,"6' 0""",SO
7435,Janay,Brantley,Stony Brook,2025-26,,,"6' 0""",JR
7480,Jesstynie,Scott,Longwood,2025-26,,,"5' 10""",FR
7483,Kayla,Washington,Longwood,2025-26,,,"5' 9""",FR
7484,Le'Asia,Foreman,Hampton,2025-26,,,"5' 8""",SR
7485,Aisha,Dabo,Hampton,2025-26,,,"6' 2""",SR
7486,Tyra,Kennedy,Hampton,2025-26,,,"5' 7""",JR
7487,Akilah,Shelton,Hampton,2025-26,,,"6' 2""",FR
7488,Janaye,Walker,Hampton,2025-26,,,"6' 3""",FR
7489,Arlisha,Boston,Hampton,2025-26,,,"5' 11""",JR
7610,Lauren,Cummings,Long Beach State,2025-26,,,"6' 0""",SO
7612,Abigail,Shoff,Saint Mary's,2025-26,,,"6' 0""",JR
7613,Kennan,Ka,Long Beach State,2025-26,,,"6' 0""",JR
7679,JaQuoia,Jones-Brown,Long Beach State,2025-26,,,"5' 6""",SO
7681,Haley,Wright,Long Beach State,2025-26,,,"6' 3""",SO
7682,Christy,Reynoso,Long Beach State,2025-26,,,"5' 4""",SO
7705,Morgan,Mack,Long Beach State,2025-26,,,"5' 10""",FR
7706,Rosie,Akot,Long Beach State,2025-26,,,"6' 2""",FR
7707,Brynna,Pukis,Long Beach State,2025-26,,,"5' 6""",FR
7715,Bailey,Flavell,Hawaii,2025-26,,,"5' 10""",FR
7716,Fiamma,Serra,Hawaii,2025-26,,,"6' 4""",FR
7717,Keiara,Curtis,Hawaii,2025-26,,,"5' 8""",FR
7718,Ella,Collins,Hawaii,2025-26,,,"5' 8""",FR
7719,Kyra,Webb,Hawaii,2025-26,,,"6' 1""",FR
7720,Teyahna,Bond,Hawaii,2025-26,,,"5' 8""",FR
7751,Shorna,Preston,Pepperdine,2025-26,,,"6' 1""",JR
7752,Zoe,Shanahan,Pepperdine,2025-26,,,"6' 2""",FR
7753,Seleh,Harmon,Pepperdine,2025-26,,,"5' 10""",FR
7756,Bella,Green,Pepperdine,2025-26,,,"6' 0""",SR
7782,Emily,Foy,Saint Mary's,2025-26,,,"6' 1""",JR
7786,Jada,Hunter,Saint Mary's,2025-26,,,"5' 10""",JR
7787,Mauriana,Hashemian-Orr,Saint Mary's,2025-26,,,"5' 7""",SO
7788,Edie,Clarke,Saint Mary's,2025-26,,,"6' 4""",SO
7789,Addi,Wedin,Saint Mary's,2025-26,,,"5' 10""",JR
7790,Amy,Kurkowski,Saint Mary's,2025-26,,,"6' 1""",SO
7799,Coco,Urlacher,Saint Mary's,2025-26,,,"5' 10""",FR
7833,Brecken,Snotherly,High Point,2025-26,,,"5' 10""",JR
7872,Ioanna,Giannopoulou,Stony Brook,2025-26,,,"5' 2""",SO
7878,Laila,Anderson,Elon,2025-26,,,"5' 7""",SR
7879,Jayda,Angel,Elon,2025-26,,,"5' 8""",SO
7882,Samira,Khalil,Elon,2025-26,,,"5' 9""",SO
7883,Kierra,Morrow,Elon,2025-26,,,"5' 10""",SO
7917,Tamia,Watkins,Elon,2025-26,,,"6' 2""",FR
7918,Ashanti,Fox,Elon,2025-26,,,"5' 7""",FR
7934,Johanna,Potter,Stony Brook,2025-26,,,"6' 0""",FR
7935,Alex,Brown,Stony Brook,2025-26,,,"6' 1""",FR
7936,Nal'La,Bennett,Stony Brook,2025-26,,,"5' 6""",FR
7937,Delaney,Cooper,Stony Brook,2025-26,,,"5' 9""",FR
7938,Ebere,Egbirika,Stony Brook,2025-26,,,"5' 8""",JR
8047,Emma,Christiano,New Mexico State,2025-26,,,"5' 3""",JR
8048,Senoj,Jones,New Mexico State,2025-26,,,"6' 0""",FR
8049,Iyana,Beh,New Mexico State,2025-26,,,"6' 0""",JR
8050,Morane,Dossou,New Mexico State,2025-26,,,"5' 10""",JR
8051,Marta,Guilera,New Mexico State,2025-26,,,"6' 1""",JR
8052,Nikki,Stanic,New Mexico State,2025-26,,,"5' 10""",JR
8053,DeAvion,Wilson,New Mexico State,2025-26,,,"5' 5""",FR
8054,Keira,Hudson,New Mexico State,2025-26,,,"5' 5""",FR
8055,Anna,Csenyi,New Mexico State,2025-26,,,"5' 9""",SR
8056,Sky,Donaie,High Point,2025-26,,,"6' 1""",FR
8057,Kelsey,Miller,High Point,2025-26,,,"6' 5""",FR
8169,Amar,Mansour,Saint Joseph's,2025-26,,,"5' 9""",SO
8170,Emily,Knouse,Saint Joseph's,2025-26,,,"5' 11""",FR
8171,Kaylinn,Bethea,Saint Joseph's,2025-26,,,"5' 9""",FR
8173,Olivia,Lutterodt,Saint Joseph's,2025-26,,,"6' 2""",FR
8174,Amy,Terrian,Michigan State,2025-26,,,"5' 8""",FR
8175,Anna,Terrian,Michigan State,2025-26,,,"5' 8""",FR
8177,Jordan,Ode,Michigan State,2025-26,,,"6' 0""",FR
8233,Raevin,Washington,Duquesne,2025-26,,,"6' 5""",FR
8234,Alexis,Bordas,Duquesne,2025-26,,,"5' 8""",FR
8433,Ella,Moody,UNRESOLVED (-1),2025-26,,,,
8440,Reese,Pasternik,UNRESOLVED (-1),2025-26,,,,
8462,Chidera,Ezelio,Angelo State,2025-26,https://angelosports.com/sports/womens-basketball/stats/2025-26,,,
8469,Ashala,Moseberry,Eastern New Mexico,2025-26,https://goeasternathletics.com/sports/womens-basketball/stats/2025-26,,,
8472,Niyah,Johnson,Eastern New Mexico,2025-26,https://goeasternathletics.com/sports/womens-basketball/stats/2025-26,,,
8474,Tonka,Jaksic,Eastern New Mexico,2025-26,https://goeasternathletics.com/sports/womens-basketball/stats/2025-26,,,
8480,Gwendilyn,Aasland,Simon Fraser,2025-26,https://athletics.sfu.ca/sports/womens-basketball/stats/2025-26,,,
8484,Kaitlin,Grossman,UNRESOLVED (-1),2025-26,,,,
8485,Cassie,Chesnut,UNRESOLVED (-1),2025-26,,,,
8486,Allison,Kunze,UNRESOLVED (-1),2025-26,,,,
8487,Rae,Smart,UNRESOLVED (-1),2025-26,,,,
8488,Kyla,Momberg,UNRESOLVED (-1),2025-26,,,,
8489,Tailey,Harris,UNRESOLVED (-1),2025-26,,,,
8490,Katelyn,Hamilton,UNRESOLVED (-1),2025-26,,,,
8491,Brooklynn,Brennan,UNRESOLVED (-1),2025-26,,,,
8492,Alli,Ligocki,UNRESOLVED (-1),2025-26,,,,
8493,Lauren,Kuhbacher,UNRESOLVED (-1),2025-26,,,,
8494,Indie,Browning,UNRESOLVED (-1),2025-26,,,,
8529,Madison,Gage,UNRESOLVED (-1),2025-26,,,,
8531,Maggie,Teven,UNRESOLVED (-1),2025-26,,,,
8532,Mikylah,Espinosa,UNRESOLVED (-1),2025-26,,,,
8533,Jadyn,Watts,Western Washington,2025-26,https://wwuvikings.com/sports/womens-basketball/stats/2025-26,,,
8534,Sarah,Nocke,UNRESOLVED (-1),2025-26,,,,
8535,Nevaeh,Millard,UNRESOLVED (-1),2025-26,,,,
8536,Brianna,Sealy,UNRESOLVED (-1),2025-26,,,,
8537,Brooklynn,Jones,UNRESOLVED (-1),2025-26,,,,
8538,Lex,Trujillo,UNRESOLVED (-1),2025-26,,,,
8539,Bri,Bowden,UNRESOLVED (-1),2025-26,,,,
8548,Essynce,Contreaz,New Mexico Highlands,2025-26,https://nmhuathletics.com/sports/womens-basketball/stats/2025-26,,,
8552,Claudia,Palacio Gamez,Fort Lewis,2025-26,https://goskyhawks.com/sports/womens-basketball/stats/2025-26,,,
8559,Antia,Gonzalez Docampo,Fort Lewis,2025-26,https://goskyhawks.com/sports/womens-basketball/stats/2025-26,,,
8596,Olivia,Reed,Colorado Mesa,2025-26,https://cmumavericks.com/sports/womens-basketball/stats/2025-26,,,
8646,Jessica,Bollwahn,UNRESOLVED (-1),2025-26,,,,
8647,Kaylin,Venick,UNRESOLVED (-1),2025-26,,,,
8648,Caitlin,Turnbow,New Mexico Highlands,2025-26,https://nmhuathletics.com/sports/womens-basketball/stats/2025-26,,,
8649,Mary,Crossland,UNRESOLVED (-1),2025-26,,,,
8650,Alicia,Barajas,UNRESOLVED (-1),2025-26,,,,
8651,Legcee,Fillmore,UNRESOLVED (-1),2025-26,,,,
8653,Emily,Allison,Western State,2025-26,https://gomountaineers.com/sports/womens-basketball/stats/2025-26,,,
8654,Josephine,Lynch,UNRESOLVED (-1),2025-26,,,,
8655,Payton,Terry,UNRESOLVED (-1),2025-26,,,,
8692,Keira,Mitchell,UNRESOLVED (-1),2025-26,,,,
8739,Ella,Wilson,Mercy,2025-26,https://detroittitans.com/sports/womens-basketball/stats/2025-26,,,
8741,Daja,White,Queens (NY),2025-26,https://queensknights.com/sports/womens-basketball/stats/2025-26,,,
8782,Jasanii,Francis-Torres,Staten Island,2025-26,https://csidolphins.com/sports/womens-basketball/stats/2025-26,,,
8849,Jaycee,Merizalde,UNRESOLVED (-1),2025-26,,,,
8867,Brenna,Ducatte,Assumption,2025-26,https://assumptiongreyhounds.com/sports/womens-basketball/stats/2025-26,,,
8868,Lovie,D'Onofrio,UNRESOLVED (-1),2025-26,,,,
8884,Bayyinah,Citlak,Albany State (GA),2025-26,https://asugoldenrams.com/sports/womens-basketball/stats/2025-26,,,
8915,Sanai,Chisolm,Savannah State,2025-26,https://ssuathletics.com/sports/womens-basketball/stats/2025-26,,,
8940,Egypt,Coleman,Johnson C. Smith,2025-26,https://goldenbullsports.com/sports/womens-basketball/stats/2025-26,,,
8948,Macy,Brackett,Allen,2025-26,https://auyellowjackets.com/sports/womens-basketball/stats/2025-26,,,
8949,Destini,Gooddine,Allen,2025-26,https://auyellowjackets.com/sports/womens-basketball/stats/2025-26,,,
8955,Jamicia,Davis,Allen,2025-26,https://auyellowjackets.com/sports/womens-basketball/stats/2025-26,,"5' 7""",SR
8960,Jordan,Tankersley,Benedict,2025-26,https://benedicttigers.com/sports/womens-basketball/stats/2025-26,,,
8973,Dyani,Bernstine,Lane,2025-26,https://golcdragons.com/sports/womens-basketball/stats/2025-26,,,
8974,Alexis,Rowe,Lane,2025-26,https://golcdragons.com/sports/womens-basketball/stats/2025-26,,,
8975,Europe,Brown,Lane,2025-26,https://golcdragons.com/sports/womens-basketball/stats/2025-26,,,
8976,Lauren,Lain,Lane,2025-26,https://golcdragons.com/sports/womens-basketball/stats/2025-26,,,
8977,Ceriah,Evans,Lane,2025-26,https://golcdragons.com/sports/womens-basketball/stats/2025-26,,,
8978,Kameria,Piggee,Lane,2025-26,https://golcdragons.com/sports/womens-basketball/stats/2025-26,,,
8979,Madison,Thomas,Lane,2025-26,https://golcdragons.com/sports/womens-basketball/stats/2025-26,,,
8980,Jeurnei,Wright,Lane,2025-26,https://golcdragons.com/sports/womens-basketball/stats/2025-26,,,
8981,Kylah,Bell,Lane,2025-26,https://golcdragons.com/sports/womens-basketball/stats/2025-26,,,
8982,Jahniya,Brown,Lane,2025-26,https://golcdragons.com/sports/womens-basketball/stats/2025-26,,,
8983,Queen,Benjamin,Lane,2025-26,https://golcdragons.com/sports/womens-basketball/stats/2025-26,,,
8984,Kamil,Washum,Lane,2025-26,https://golcdragons.com/sports/womens-basketball/stats/2025-26,,,
9003,Jayln,Shelby,Miles,2025-26,https://milesgoldenbears.com/sports/womens-basketball/stats/2025-26,,,
9041,Jewell,Harwell,Fort Valley State,2025-26,https://fvsusports.com/sports/womens-basketball/stats/2025-26,,,
9044,Saniyah,Rice,Savannah State,2025-26,https://ssuathletics.com/sports/womens-basketball/stats/2025-26,,,
9097,Tisharona,Blackwood,UNRESOLVED (-1),2025-26,,,,
9111,Madison,Washington,Felician,2025-26,https://felicianuathletics.com/sports/womens-basketball/stats/2025-26,,,
9112,Natalia,Lucic,Felician,2025-26,https://felicianuathletics.com/sports/womens-basketball/stats/2025-26,,,
9147,Nakya,Blakley,Adams State,2025-26,https://asugrizzlies.com/sports/womens-basketball/stats/2025-26,,,
9156,Malia,Ulery,Fort Lewis,2025-26,https://goskyhawks.com/sports/womens-basketball/stats/2025-26,,,
9187,Gabby,Gamboa,Texas A&M Intl,2025-26,https://godustdevils.com/sports/womens-basketball/stats/2025-26,,,
9326,Keytonna,Ross Wilson,Arkansas - Fort Smith,2025-26,https://uafortsmithlions.com/sports/womens-basketball/stats/2025-26,,,
9331,Marie-Rose Priscilla,BALOWA KASAMBU BABENESHA WEMBA,Arkansas - Fort Smith,2025-26,https://uafortsmithlions.com/sports/womens-basketball/stats/2025-26,,,
9362,Kiara,Smith,UNRESOLVED (-1),2025-26,,,,
9365,Aryahna,Whetstone,UNRESOLVED (-1),2025-26,,,,
9386,Brilynn,Findley,Delta State,2025-26,https://gostatesmen.com/sports/womens-basketball/stats/2025-26,,,
9391,Opal,Hardy-Pearce,Arkansas - Monticello,2025-26,https://www.uamsports.com/sports/womens-basketball/stats/2025-26,,,
9435,Kenzli,Warden,UNRESOLVED (-1),2025-26,,,,
9436,Tori,Kilburn,UNRESOLVED (-1),2025-26,,,,
9437,Stevie,Stinchcomb,Emporia State,2025-26,https://esuhornets.com/sports/womens-basketball/stats/2025-26,,,
9438,Mackenzie,Espinosa,UNRESOLVED (-1),2025-26,,,,
9439,Abbie,Barr,UNRESOLVED (-1),2025-26,,,,
9440,Katelynn,Allen,UNRESOLVED (-1),2025-26,,,,
9441,Chloe,Eversole,UNRESOLVED (-1),2025-26,,,,
9442,Breanna,Lindert,UNRESOLVED (-1),2025-26,,,,
9443,Connie,Hughes,UNRESOLVED (-1),2025-26,,,,
9444,Presley,Calhoun,UNRESOLVED (-1),2025-26,,,,
9445,Eryn,Dolan,UNRESOLVED (-1),2025-26,,,,
9446,Halli,Hyatt,UNRESOLVED (-1),2025-26,,,,
9447,Gazey,Yates,UNRESOLVED (-1),2025-26,,,,
9467,Akiera,Hawk,UNRESOLVED (-1),2025-26,,,,
9709,Kaira,Dixon-Booker,Catawba,2025-26,https://catawbaathletics.com/sports/womens-basketball/stats/2025-26,,,
9736,Bre,Jones,Flagler,2025-26,https://flaglerathletics.com/sports/womens-basketball/stats/2025-26,,,
9737,Ray'ven,Robinson,UNRESOLVED (-1),2025-26,,,,
9738,Madison,Brittle,UNRESOLVED (-1),2025-26,,,,
9739,Janiya,Johnson,UNRESOLVED (-1),2025-26,,,,
9740,Kassidy,Neal,UNRESOLVED (-1),2025-26,,,,
9741,Tiara,Hozumi,UNRESOLVED (-1),2025-26,,,,
9742,Shane',Jackson,UNRESOLVED (-1),2025-26,,,,
9743,Hannah,Simmons,UNRESOLVED (-1),2025-26,,,,
9744,Makenzie,Kelly,UNRESOLVED (-1),2025-26,,,,
9745,Nini,Ovalles,UNRESOLVED (-1),2025-26,,,,
9753,Brianna,Pelote,South Carolina Beaufort,2025-26,https://uscbathletics.com/sports/womens-basketball/stats/2025-26,,,
9778,Haelim,Adle,Columbus State,2025-26,https://csucougars.com/sports/womens-basketball/stats/2025-26,,,
9863,Destinee,Nelson,UNRESOLVED (-1),2025-26,,,,
9904,Ashlyn,Alloway,UNRESOLVED (-1),2025-26,,,,
9905,Grace,Frazier,UNRESOLVED (-1),2025-26,,,,
9906,Makenna,Yokley,UNRESOLVED (-1),2025-26,,,,
9907,Nariah,Clay,UNRESOLVED (-1),2025-26,,,,
9908,Delaney,Roller,UNRESOLVED (-1),2025-26,,,,
9909,Lilly,Thomas,UNRESOLVED (-1),2025-26,,,,
9910,Nicole,Lillard,UNRESOLVED (-1),2025-26,,,,
9911,Hattie,Pyle,UNRESOLVED (-1),2025-26,,,,
9912,Camryn,Smith,UNRESOLVED (-1),2025-26,,,,
9913,Savannah,James,UNRESOLVED (-1),2025-26,,,,
9953,Lydia,Schroeder,UNRESOLVED (-1),2025-26,,,,
9954,Brycelyn,Brewster,UNRESOLVED (-1),2025-26,,,,
9955,Moriah,McLendon,UNRESOLVED (-1),2025-26,,,,
9956,NiNi,Davenport,UNRESOLVED (-1),2025-26,,,,
9958,Keiley,Mahseet,UNRESOLVED (-1),2025-26,,,,
9959,Grace,King,UNRESOLVED (-1),2025-26,,,,
9960,Erma,Ramirez,UNRESOLVED (-1),2025-26,,,,
9961,Macy,Petersen,UNRESOLVED (-1),2025-26,,,,
9962,Daymonie,Jackson,UNRESOLVED (-1),2025-26,,,,
9980,Danielle,Minsaas,Sioux Falls,2025-26,https://usfcougars.com/sports/womens-basketball/stats/2025-26,,,
9984,Jada,Eggebrecht,St. Cloud State,2025-26,https://scsuhuskies.com/sports/womens-basketball/stats/2025-26,,,
9985,Rachel,Kottke,St. Cloud State,2025-26,https://scsuhuskies.com/sports/womens-basketball/stats/2025-26,,,
9986,Alana,Zarneke,St. Cloud State,2025-26,https://scsuhuskies.com/sports/womens-basketball/stats/2025-26,,,
9987,Paige,Lambe,St. Cloud State,2025-26,https://scsuhuskies.com/sports/womens-basketball/stats/2025-26,,,
9988,Abigail,O'Reilly,St. Cloud State,2025-26,https://scsuhuskies.com/sports/womens-basketball/stats/2025-26,,,
9989,Reagan,Briggs,St. Cloud State,2025-26,https://scsuhuskies.com/sports/womens-basketball/stats/2025-26,,,
9990,Brynn,Olson,St. Cloud State,2025-26,https://scsuhuskies.com/sports/womens-basketball/stats/2025-26,,,
9991,CJ,Adamson,St. Cloud State,2025-26,https://scsuhuskies.com/sports/womens-basketball/stats/2025-26,,,
9992,Kristi,Kottke,St. Cloud State,2025-26,https://scsuhuskies.com/sports/womens-basketball/stats/2025-26,,,
10000,Lucy,Leininger,UNRESOLVED (-1),2025-26,,,,
10006,Payton,Morgan,UNRESOLVED (-1),2025-26,,,,
10078,Emma,Miller,Minnesota Crookston,2025-26,https://goldeneaglesports.com/sports/womens-basketball/stats/2025-26,,"5' 1""",SR
10079,Rayna,Klejeski,Minnesota Crookston,2025-26,https://goldeneaglesports.com/sports/womens-basketball/stats/2025-26,,"6' 0""",JR
10080,Anna,Westby,Minnesota Crookston,2025-26,https://goldeneaglesports.com/sports/womens-basketball/stats/2025-26,,"5' 11""",FR
10081,Riley,Jenkins,Minnesota Crookston,2025-26,https://goldeneaglesports.com/sports/womens-basketball/stats/2025-26,,"5' 10""",R-Jr.
10082,Halle,Winjum,Minnesota Crookston,2025-26,https://goldeneaglesports.com/sports/womens-basketball/stats/2025-26,,"5' 6""",SO
10083,Natalie,Mikrot,Minnesota Crookston,2025-26,https://goldeneaglesports.com/sports/womens-basketball/stats/2025-26,,"5' 6""",SR
10084,Hope,Dudycha,Minnesota Crookston,2025-26,https://goldeneaglesports.com/sports/womens-basketball/stats/2025-26,,"5' 5""",R-Jr.
10085,Taylor,Dirkes,Minnesota Crookston,2025-26,https://goldeneaglesports.com/sports/womens-basketball/stats/2025-26,,"5' 9""",FR
10086,Emma,Pierson,Minnesota Crookston,2025-26,https://goldeneaglesports.com/sports/womens-basketball/stats/2025-26,,"5' 9""",FR
10087,Brynlea,Mahlen,Minnesota Crookston,2025-26,https://goldeneaglesports.com/sports/womens-basketball/stats/2025-26,,"5' 9""",SO
10088,Tayden,Hanks,Minnesota Crookston,2025-26,https://goldeneaglesports.com/sports/womens-basketball/stats/2025-26,,"5' 11""",JR
10128,Halle,Vande Hey,St. Cloud State,2025-26,https://scsuhuskies.com/sports/womens-basketball/stats/2025-26,,,
10129,Annika,Peper,St. Cloud State,2025-26,https://scsuhuskies.com/sports/womens-basketball/stats/2025-26,,,
10130,Ashley,Sawicki,St. Cloud State,2025-26,https://scsuhuskies.com/sports/womens-basketball/stats/2025-26,,,
10131,Elise,Groppoli,St. Cloud State,2025-26,https://scsuhuskies.com/sports/womens-basketball/stats/2025-26,,,
10132,Laynie,Meister,St. Cloud State,2025-26,https://scsuhuskies.com/sports/womens-basketball/stats/2025-26,,,
10136,Lauren,Jones,Azusa Pacific,2025-26,https://athletics.apu.edu/sports/womens-basketball/stats/2025-26,G,,SR
10137,Keisharna,Lucas,Azusa Pacific,2025-26,https://athletics.apu.edu/sports/womens-basketball/stats/2025-26,F,,SR
10138,Audrey,Sayoc,Azusa Pacific,2025-26,https://athletics.apu.edu/sports/womens-basketball/stats/2025-26,G,,SR
10139,Rachel,Roderick,Azusa Pacific,2025-26,https://athletics.apu.edu/sports/womens-basketball/stats/2025-26,F,,SO
10140,Rome,Falcocchia,Azusa Pacific,2025-26,https://athletics.apu.edu/sports/womens-basketball/stats/2025-26,F,,SR
10141,Elyse,Mitchell,Azusa Pacific,2025-26,https://athletics.apu.edu/sports/womens-basketball/stats/2025-26,G,,JR
10142,Vanessa,Parilla,Azusa Pacific,2025-26,https://athletics.apu.edu/sports/womens-basketball/stats/2025-26,PG,,FR
10143,Calista,Arzaga,Azusa Pacific,2025-26,https://athletics.apu.edu/sports/womens-basketball/stats/2025-26,G,,SR
10144,Nivia,Glorioso,Azusa Pacific,2025-26,https://athletics.apu.edu/sports/womens-basketball/stats/2025-26,F,,FR
10145,Sadie,Pierce,Azusa Pacific,2025-26,https://athletics.apu.edu/sports/womens-basketball/stats/2025-26,G,,FR
10146,Petra,Falcocchia,Azusa Pacific,2025-26,https://athletics.apu.edu/sports/womens-basketball/stats/2025-26,F,,SO
10472,Darling,Harris,Christian Brothers,2025-26,https://cbubucs.com/sports/womens-basketball/stats/2025-26,,"5' 6""",SR
10473,Paola,HernandezSantiago,UNRESOLVED (-1),2025-26,,,,
10474,Rouse,Rosado,UNRESOLVED (-1),2025-26,,,,
10475,Valeria,Gonzalez,UNRESOLVED (-1),2025-26,,,,
10476,Sofia,Alvarez,UNRESOLVED (-1),2025-26,,,,
10477,Giuliana,SepulvedaRosado,UNRESOLVED (-1),2025-26,,,,
10478,Anelys,Rivera,UNRESOLVED (-1),2025-26,,,,
10479,Yadrielis,Maldonado,UNRESOLVED (-1),2025-26,,,,
10480,Jeinaliz,Rivera,UNRESOLVED (-1),2025-26,,,,
10481,Lerysmarie,Rivera,UNRESOLVED (-1),2025-26,,,,
10482,Lairechka,Flores,UNRESOLVED (-1),2025-26,,,,
10484,Gabriela,V.OrtegaVega,UNRESOLVED (-1),2025-26,,,,
10491,Hekla,Nökkvadóttir,Eckerd,2025-26,https://eckerdtritons.com/sports/womens-basketball/stats/2025-26,,,
10513,Khalia,Whoodley,Palm Beach Atlantic,2025-26,https://pbasailfish.com/sports/womens-basketball/stats/2025-26,,,
10525,Elena,Barnes,UNRESOLVED (-1),2025-26,,,,
10526,Giavanna,Rogers,UNRESOLVED (-1),2025-26,,,,
10527,Juliette,Sigurnjak,UNRESOLVED (-1),2025-26,,,,
10528,Tiffany,Le,UNRESOLVED (-1),2025-26,,,,
10529,Madelyn,Laird,UNRESOLVED (-1),2025-26,,,,
10530,Gabby,Beauperthuy,UNRESOLVED (-1),2025-26,,,,
10531,Parker,Straub,UNRESOLVED (-1),2025-26,,,,
10532,Ashley,Chilson,UNRESOLVED (-1),2025-26,,,,
10533,Cortney,Smith,UNRESOLVED (-1),2025-26,,,,
10534,Raegan,Cooper,UNRESOLVED (-1),2025-26,,,,
10535,Elle,Gunkel,UNRESOLVED (-1),2025-26,,,,
10537,Elizabeth,Beto,UNRESOLVED (-1),2025-26,,,,
10569,Helena,Eccel Kuck,Tampa,2025-26,https://www.tampaspartans.com/sports/wbkb/2025-26/teams/tampa,,,
10637,Lauren,Bell,North Carolina Pembroke,2025-26,https://uncpbraves.com/sports/womens-basketball/stats/2025-26,,,
10639,Nevaeh,Farmer,Winston Salem State,2025-26,https://wssurams.com/sports/womens-basketball/stats/2025-26,,"5' 4""",JR
10640,Makayla,Waleed,Winston Salem State,2025-26,https://wssurams.com/sports/womens-basketball/stats/2025-26,,"5' 8""",SR
10641,Maia,Charles,Winston Salem State,2025-26,https://wssurams.com/sports/womens-basketball/stats/2025-26,,"6' 3""",SO
10642,Alana,Biosse,Winston Salem State,2025-26,https://wssurams.com/sports/womens-basketball/stats/2025-26,,"5' 9""",SO
10643,Jakaiya,Mack,Winston Salem State,2025-26,https://wssurams.com/sports/womens-basketball/stats/2025-26,,"5' 8""",SR
10646,Breonna,Roaf,Winston Salem State,2025-26,https://wssurams.com/sports/womens-basketball/stats/2025-26,,"5' 7""",FR
10647,Taylor,Simpson,Winston Salem State,2025-26,https://wssurams.com/sports/womens-basketball/stats/2025-26,,-,FR
10649,Jahmaria,Miles,Winston Salem State,2025-26,https://wssurams.com/sports/womens-basketball/stats/2025-26,,"6' 2""",SR
10748,Mary Elizabeth,Fox,UNRESOLVED (-1),2025-26,,,,
10751,Emma,Larios,UNRESOLVED (-1),2025-26,,,,
10809,Paola,Sierra,UNRESOLVED (-1),2025-26,,,,
10810,Karina,Rios,UNRESOLVED (-1),2025-26,,,,
10837,Rebekha,Rupert,West Virginia Wesleyan,2025-26,https://wesleyanbobcats.com/sports/womens-basketball/stats/2025-26,,,
10903,Noami,Zulueta,Indiana (PA),2025-26,https://iupathletics.com/sports/womens-basketball/stats/2025-26,,,
10904,Isabella,Vent,Indiana (PA),2025-26,https://iupathletics.com/sports/womens-basketball/stats/2025-26,,,
10916,Mo,Vincent,Seton Hill,2025-26,https://athletics.setonhill.edu/sports/womens-basketball/stats/2025-26,,,
10927,Kylie,Mulhlolland,UNRESOLVED (-1),2025-26,,,,
11059,Olivia,Meisner,Mansfield,2025-26,https://gomounties.com/sports/womens-basketball/stats/2025-26,,,
11060,Alyssa,Parks,Mansfield,2025-26,https://gomounties.com/sports/womens-basketball/stats/2025-26,,,
11063,Allie,Mumau,Shippensburg,2025-26,https://shipraiders.com/sports/womens-basketball/stats/2025-26,,,
11065,Madison-Marie,Nimmo,Millersville,2025-26,https://millersvilleathletics.com/sports/womens-basketball/stats/2025-26,,,
11067,Gabrielle,Bowes,Millersville,2025-26,https://millersvilleathletics.com/sports/womens-basketball/stats/2025-26,,,
11080,Zion,Duncan,UNRESOLVED (-1),2025-26,,,,
11525,Abigail,Jordan,UVA-Wise,2025-26,https://uvawisecavs.com/sports/womens-basketball/stats/2025-26,,,
11599,Paula,Llovich Pena,UNRESOLVED (-1),2025-26,,,,
11600,Macie,McNece,UNRESOLVED (-1),2025-26,,,,
11601,Ali,Kamies,UNRESOLVED (-1),2025-26,,,,
11602,Heaven,Shockley,UNRESOLVED (-1),2025-26,,,,
11603,Cassidy,Hambelton,UNRESOLVED (-1),2025-26,,,,
11604,Alyssa,McCarty,UNRESOLVED (-1),2025-26,,,,
11605,Carson,Dillard,UNRESOLVED (-1),2025-26,,,,
11606,Lydia,Babirye,UNRESOLVED (-1),2025-26,,,,
11607,Kamie,Jenkins,UNRESOLVED (-1),2025-26,,,,
11609,Emma,Mullings,UNRESOLVED (-1),2025-26,,,,
11610,Ellison,Mehrhoff,UNRESOLVED (-1),2025-26,,,,
11611,Brooklyn,Kearbey,UNRESOLVED (-1),2025-26,,,,
11646,Zoe,Davis,UNRESOLVED (-1),2025-26,,,,
11686,Andrea,Simmons,UNRESOLVED (-1),2025-26,,,,
11688,McKenzie,Smith,Northeastern State,2025-26,https://goriverhawksgo.com/sports/womens-basketball/stats/2025-26,,"6' 0""",R-So.
11691,Makala,Bingley,Northeastern State,2025-26,https://goriverhawksgo.com/sports/womens-basketball/stats/2025-26,,"5' 10""",SR
11698,Ndidiamaka,Chineke,Arkansas - Fort Smith,2025-26,https://uafortsmithlions.com/sports/womens-basketball/stats/2025-26,,,
11708,Cheyan,McDaniel,Rogers State,2025-26,https://rsuhillcats.com/sports/womens-basketball/stats/2025-26,,,
11725,Macee,Matthews,UNRESOLVED (-1),2025-26,,,,
11746,Sanaa,Dennis-Burch,Cal State East Bay,2025-26,https://eastbaypioneers.com/sports/womens-basketball/stats/2025-26,,"6' 1""",JR
11749,Shayla,Kantarevic,Humboldt State,2025-26,https://humboldtathletics.com/sports/womens-basketball/stats/2025-26,Forward,"5' 10""",
11756,Alexandra,Thompson,San Francisco State,2025-26,https://sfstategators.com/sports/womens-basketball/stats/2025-26,,,
11769,Brianna,Thomas,UNRESOLVED (-1),2025-26,,,,
11771,Jaylo,Bello,UNRESOLVED (-1),2025-26,,,,
11772,Brooklyn,Coe,UNRESOLVED (-1),2025-26,,,,
11774,Sidney,Folkenberg,UNRESOLVED (-1),2025-26,,,,
11775,Meghan,Rasmussen,UNRESOLVED (-1),2025-26,,,,
11776,Tessa,Duncan,UNRESOLVED (-1),2025-26,,,,
11777,Delaney,Gunther,UNRESOLVED (-1),2025-26,,,,
11801,Avery,Burkhart,UNRESOLVED (-1),2025-26,,,,
11822,Kaylie,Neary,UNRESOLVED (-1),2025-26,,,,
11858,Antonia,Whorley,Christian Brothers,2025-26,https://cbubucs.com/sports/womens-basketball/stats/2025-26,,,
11861,Yagmur,Canguven,Southern Arkansas,2025-26,https://muleriderathletics.com/sports/womens-basketball/stats/2025-26,,,
11864,Lillie,Taylor,UNRESOLVED (-1),2025-26,,,,
11865,Kaidence,Prendergast,UNRESOLVED (-1),2025-26,,,,
11866,Liberty,Miller,UNRESOLVED (-1),2025-26,,,,
11867,Taniyah,Mays,UNRESOLVED (-1),2025-26,,,,
11868,Alida,Torres,UNRESOLVED (-1),2025-26,,,,
11869,Antaniece,Jackson,UNRESOLVED (-1),2025-26,,,,
11870,Desirae,Reed,UNRESOLVED (-1),2025-26,,,,
11929,Grace,Lynch,UNRESOLVED (-1),2025-26,,,,
11930,Danika,Starr,UNRESOLVED (-1),2025-26,,,,
11987,Clara,Enrich Tasias,Southwest Baptist,2025-26,https://www.sbubearcats.com/sports/womens-basketball/stats/2025-26,G,,FR
11988,Tinu,Fakunle,Southwest Baptist,2025-26,https://www.sbubearcats.com/sports/womens-basketball/stats/2025-26,G,,JR
11990,Gwen,O'Connell,Southwest Baptist,2025-26,https://www.sbubearcats.com/sports/womens-basketball/stats/2025-26,G,,SO
12072,Layla,Willams,Lewis,2025-26,https://lewisflyers.com/sports/womens-basketball/stats/2025-26,,,
12136,Alyssa,Hill,UNRESOLVED (-1),2025-26,,,,
12165,Amaya,Henderson,Davenport,2025-26,https://dupanthers.com/sports/womens-basketball/stats/2025-26,,,
12167,Katie,Hamill,UNRESOLVED (-1),2025-26,,,,
12173,Nakiyah,Hurst,Wisconsin Parkside,2025-26,https://parksiderangers.com/sports/womens-basketball/stats/2025-26,,,
12275,Aaliyah,Garcia,Azusa Pacific,2025-26,https://athletics.apu.edu/sports/womens-basketball/stats/2025-26,G,,JR
12293,Camryn,Kiernan,UNRESOLVED (-1),2025-26,,,,
12294,Genesis,Hopkins,UNRESOLVED (-1),2025-26,,,,
12295,Hannah,Vela,UNRESOLVED (-1),2025-26,,,,
12296,Myia,Collins,UNRESOLVED (-1),2025-26,,,,
12297,Ashari,Cassell,UNRESOLVED (-1),2025-26,,,,
12298,Asia,Darcuiel,UNRESOLVED (-1),2025-26,,,,
12299,Allison,Shumate,UNRESOLVED (-1),2025-26,,,,
12300,Cadence,Tarrant,UNRESOLVED (-1),2025-26,,,,
12301,Ellana,Klemp,UNRESOLVED (-1),2025-26,,,,
12302,Kayla,Cabaccang,UNRESOLVED (-1),2025-26,,,,
12303,Sophie,McWatt,UNRESOLVED (-1),2025-26,,,,
12362,Sofia,Addiego,Dominican (CA),2025-26,https://dominicanathletics.com/sports/womens-basketball/stats/2025-26,,,
12369,KalysaMarie,Ng,Hawaii Pacific,2025-26,https://hpusharks.com/sports/womens-basketball/stats/2025-26,,,
12372,Cadence,Williams,UNRESOLVED (-1),2025-26,,,,
12373,Laia,Pala,UNRESOLVED (-1),2025-26,,,,
12377,Tiana,Holland,Hawaii Pacific,2025-26,https://hpusharks.com/sports/womens-basketball/stats/2025-26,,"5' 8""",JR
12380,Madi,Borgan,Westmont,2025-26,https://athletics.westmont.edu/sports/womens-basketball/stats/2025-26,,,
12383,Juliette,Nichols,UNRESOLVED (-1),2025-26,,,,
12384,Sarah,Beaulieu,UNRESOLVED (-1),2025-26,,,,
12543,Zoe,Kennedy,Western State,2025-26,https://gomountaineers.com/sports/womens-basketball/stats/2025-26,,,
12570,Amaris,Valadez,New Mexico Highlands,2025-26,https://nmhuathletics.com/sports/womens-basketball/stats/2025-26,,,
12576,Mistidawn,Roybal,New Mexico Highlands,2025-26,https://nmhuathletics.com/sports/womens-basketball/stats/2025-26,,,
12642,Olivia,Towns,Western State,2025-26,https://gomountaineers.com/sports/womens-basketball/stats/2025-26,,,
12834,Marisa,Lee,UNRESOLVED (-1),2025-26,,,,
12846,Kenedee,Matthews,Virginia Union,2025-26,https://vuusports.com/sports/womens-basketball/roster,,,
13148,Aniyah,Rainey,Chowan,2025-26,https://gocuhawks.com/sports/womens-basketball/stats/2025-26,,,
13149,Nyeshia,Savage,Chowan,2025-26,https://gocuhawks.com/sports/womens-basketball/stats/2025-26,,,
13202,Shawntenna,Tillman,Coker,2025-26,https://www.cokercobras.com/sports/wbkb/2025-26/teams/coker?jsRendering=true,,,
13390,Tanya,Ghai,UNRESOLVED (-1),2025-26,,,,
13391,Katie,Resendiz,UNRESOLVED (-1),2025-26,,,,
13393,Cate,Shingler,UNRESOLVED (-1),2025-26,,,,
13395,Mason,Oberg,Western Washington,2025-26,https://wwuvikings.com/sports/womens-basketball/stats/2025-26,,,
13444,Sienna,Cherwinski,Humboldt State,2025-26,https://humboldtathletics.com/sports/womens-basketball/stats/2025-26,Guard,"5' 8""",
13546,Emilia,Long,Fresno State,2025-26,,,,
13566,Julia,Calvin,Humboldt State,2025-26,https://humboldtathletics.com/sports/womens-basketball/stats/2025-26,,,
13602,Kaylyn,Buchanon-Lamb,Dominican (CA),2025-26,https://dominicanathletics.com/sports/womens-basketball/stats/2025-26,,,
13683,Riley,Sanz,Humboldt State,2025-26,https://humboldtathletics.com/sports/womens-basketball/stats/2025-26,Guard,"5' 8""",
13684,Kyori,Lloyd,Humboldt State,2025-26,https://humboldtathletics.com/sports/womens-basketball/stats/2025-26,Forward,"5' 10""",
13704,Kendal,Alloway,UNRESOLVED (-1),2025-26,,,,
13725,Shade,Satica,Humboldt State,2025-26,https://humboldtathletics.com/sports/womens-basketball/stats/2025-26,Guard,"5' 10""",
13726,Jordyn,Smith,Humboldt State,2025-26,https://humboldtathletics.com/sports/womens-basketball/stats/2025-26,Center,"6' 2""",
13727,Jada,Barnes,Humboldt State,2025-26,https://humboldtathletics.com/sports/womens-basketball/stats/2025-26,Guard,"5' 4""",
13728,Kya,Kanoho,Humboldt State,2025-26,https://humboldtathletics.com/sports/womens-basketball/stats/2025-26,Guard,"5' 7""",
13729,Keana,Gosney,Humboldt State,2025-26,https://humboldtathletics.com/sports/womens-basketball/stats/2025-26,Guard,"5' 7""",
13730,Kyra,Stewart,Humboldt State,2025-26,https://humboldtathletics.com/sports/womens-basketball/stats/2025-26,Guard,"5' 7""",
13731,Leamsi,Acuna,Humboldt State,2025-26,https://humboldtathletics.com/sports/womens-basketball/stats/2025-26,Guard,"5' 5""",
13747,MilaSarai,Tau,UNRESOLVED (-1),2025-26,,,,
13750,Aaliyah,Dias,UNRESOLVED (-1),2025-26,,,,
13757,Demi,Thompson Lopez,Cal State Monterey Bay,2025-26,https://otterathletics.com/sports/womens-basketball/stats/2025-26,,,
13784,Jakiyah,Keith,UNRESOLVED (-1),2025-26,,,,
13785,I'ziah,McCutchins,UNRESOLVED (-1),2025-26,,,,
13786,Niya,Moon,UNRESOLVED (-1),2025-26,,,,
13787,Na'Yel,Camper,UNRESOLVED (-1),2025-26,,,,
13788,Julia,Craft,UNRESOLVED (-1),2025-26,,,,
13789,Kemara,Washington,UNRESOLVED (-1),2025-26,,,,
13790,Trea,Blalock,UNRESOLVED (-1),2025-26,,,,
13791,Haley,Johnson,UNRESOLVED (-1),2025-26,,,,
13792,Maya,Crawford,UNRESOLVED (-1),2025-26,,,,
13793,Tyra,Wilson,UNRESOLVED (-1),2025-26,,,,
13794,Emaleigh,Tarpley,UNRESOLVED (-1),2025-26,,,,
13795,Ty,Buckley,UNRESOLVED (-1),2025-26,,,,
13796,AC,Whitehead,UNRESOLVED (-1),2025-26,,,,
13797,Faith,Colston,UNRESOLVED (-1),2025-26,,,,
13798,Myajae,Eubanks,UNRESOLVED (-1),2025-26,,,,
13799,Mariyah,Person,UNRESOLVED (-1),2025-26,,,,
13800,Ever,Walker,UNRESOLVED (-1),2025-26,,,,
13801,Maddie,Brillhart,UNRESOLVED (-1),2025-26,,,,
13802,Kayla,Gordon,UNRESOLVED (-1),2025-26,,,,
13803,Jordan,Harris,UNRESOLVED (-1),2025-26,,,,
13804,Megan,Biliter,UNRESOLVED (-1),2025-26,,,,
13805,Gibson,Boykin,UNRESOLVED (-1),2025-26,,,,
13806,Emery,Tollett,UNRESOLVED (-1),2025-26,,,,
13807,Jadyn,Cooper,UNRESOLVED (-1),2025-26,,,,
13808,Shaiya,Francis,UNRESOLVED (-1),2025-26,,,,
13809,Hailey,Brooks,UNRESOLVED (-1),2025-26,,,,
13810,Alicia,Cruz,UNRESOLVED (-1),2025-26,,,,
13811,Kelsey,Holt,UNRESOLVED (-1),2025-26,,,,
13812,Kelsey,Cruz,UNRESOLVED (-1),2025-26,,,,
13813,Kaylen,Schultz,UNRESOLVED (-1),2025-26,,,,
13814,Alexis,Healy,UNRESOLVED (-1),2025-26,,,,
13815,Lyric,Prinzi,UNRESOLVED (-1),2025-26,,,,
13818,Laila,Battle,UNRESOLVED (-1),2025-26,,,,
13819,Amanda,Mclendon,UNRESOLVED (-1),2025-26,,,,
13820,Mya,Anderson,UNRESOLVED (-1),2025-26,,,,
13821,Annika,Bonds,UNRESOLVED (-1),2025-26,,,,
13822,Kyra,Ware,UNRESOLVED (-1),2025-26,,,,
13823,Adazha,Burrell,UNRESOLVED (-1),2025-26,,,,
13824,Skylar,Edwards,UNRESOLVED (-1),2025-26,,,,
13825,Hope,Harrell,UNRESOLVED (-1),2025-26,,,,
13826,Malea,Graves,UNRESOLVED (-1),2025-26,,,,
13827,Carmyn,Bowden,UNRESOLVED (-1),2025-26,,,,
13828,Deasia,Stinson,UNRESOLVED (-1),2025-26,,,,
13829,Carltajah,Jackson,UNRESOLVED (-1),2025-26,,,,
13830,Jasmine,Owens,UNRESOLVED (-1),2025-26,,,,
13831,Zori,Tarrance,UNRESOLVED (-1),2025-26,,,,
13840,Jersey,McGehee,UNRESOLVED (-1),2025-26,,,,
13841,Ellie,Bost,UNRESOLVED (-1),2025-26,,,,
13842,Ellie,Waard,UNRESOLVED (-1),2025-26,,,,
13843,Kaleah,Medeiros,UNRESOLVED (-1),2025-26,,,,
13844,Ella,Whitaker,UNRESOLVED (-1),2025-26,,,,
13845,Griffyn,Eyman,UNRESOLVED (-1),2025-26,,,,
13846,Taimane,Auwae,UNRESOLVED (-1),2025-26,,,,
13847,Kamille,Febo-Santiag,UNRESOLVED (-1),2025-26,,,,
13848,Adriana,Milanez,UNRESOLVED (-1),2025-26,,,,
13849,Hailey,Monte,UNRESOLVED (-1),2025-26,,,,
13850,Faith,Dumlao,UNRESOLVED (-1),2025-26,,,,
13857,Faith,Feuerbach,UNRESOLVED (-1),2025-26,,,,
13858,Alyssa,Sand,UNRESOLVED (-1),2025-26,,,,
13859,Jada,Hood,UNRESOLVED (-1),2025-26,,,,
13860,Savannah,McGowan,UNRESOLVED (-1),2025-26,,,,
13861,Autumn,McCall,UNRESOLVED (-1),2025-26,,,,
13862,Laura,Hauge,UNRESOLVED (-1),2025-26,,,,
13863,Mikayla,Werner,UNRESOLVED (-1),2025-26,,,,
13864,Savannah,Gage,UNRESOLVED (-1),2025-26,,,,
13865,Kammie,Ludwig,UNRESOLVED (-1),2025-26,,,,
13866,Abbey,Vallance,UNRESOLVED (-1),2025-26,,,,
13867,Addison,Schliewe,UNRESOLVED (-1),2025-26,,,,
13868,Lydia,Aalsma,UNRESOLVED (-1),2025-26,,,,
13870,Campbell,Mathews,UC Merced,2025-26,https://ucmercedbobcats.com/sports/womens-basketball/stats/2025-26,,,
13871,Tiara,Bolden,Oregon State,2025-26,,,,
13872,Ally,Schimel,Oregon State,2025-26,,,,
13873,Jenna,Villa,Oregon State,2025-26,,,,
13874,Kennedie,Shuler,Oregon State,2025-26,,,,
13875,Lizzy,Williamson,Oregon State,2025-26,,,,
13876,Katelyn,Field,Oregon State,2025-26,,,,
13877,Lara,Alonso,Oregon State,2025-26,,,,
13878,Susana,Yepes,Oregon State,2025-26,,,,
13879,Nene,Sow,Oregon State,2025-26,,,,
13880,Elisa,Mehyar,Oregon State,2025-26,,,,
13881,Lucia,Navarro,Oregon State,2025-26,,,,
13882,Cloe,Vecina,Oregon State,2025-26,,,,
13883,Mackenzie,Shivers,Oregon State,2025-26,,,,
13884,Keira,Lindemans,Oregon State,2025-26,,,,
13910,Ashlyn,Waggoner,Alaska - Fairbanks,2025-26,https://alaskananooks.com/sports/womens-basketball/stats/2025-26,,,
13911,Paige,Macduff,UNRESOLVED (-1),2025-26,,,,
13912,Hanne,Hopkins,UNRESOLVED (-1),2025-26,,,,
13913,Kylie,Ritter,UNRESOLVED (-1),2025-26,,,,
13914,Mia,Skoro,UNRESOLVED (-1),2025-26,,,,
13915,Tara,Ushiro,UNRESOLVED (-1),2025-26,,,,
13916,Sophia,Hardy,UNRESOLVED (-1),2025-26,,,,
13917,Emma,Boehm,UNRESOLVED (-1),2025-26,,,,
13918,Laney,Snelling,UNRESOLVED (-1),2025-26,,,,
13919,Madeline,Schumacher,UNRESOLVED (-1),2025-26,,,,
13920,Sophie,Carbajal,UNRESOLVED (-1),2025-26,,,,
13921,Aubrey,Case,UNRESOLVED (-1),2025-26,,,,
13922,Addison,Dippel,UNRESOLVED (-1),2025-26,,,,
13923,Lara,Alonso-Basurto Cumplido,Oregon State,2025-26,,,,
13924,Evie,Roach,Hawaii Hilo,2025-26,https://hiloathletics.com/sports/womens-basketball/stats/2025-26,,,
13925,Alli,VanKooten,UNRESOLVED (-1),2025-26,,,,
13926,Allie,Miller,UNRESOLVED (-1),2025-26,,,,
13927,Chloe,Auble,UNRESOLVED (-1),2025-26,,,,
13928,Izabella,Forker,UNRESOLVED (-1),2025-26,,,,
13929,Abbie,Mullins,UNRESOLVED (-1),2025-26,,,,
13930,Leyna,Gorauskas,UNRESOLVED (-1),2025-26,,,,
13931,Madi,Brooks,UNRESOLVED (-1),2025-26,,,,
13932,Eva,Serra,UNRESOLVED (-1),2025-26,,,,
13933,Kaden,Saguchi,UNRESOLVED (-1),2025-26,,,,
13934,Grace,Weede,UNRESOLVED (-1),2025-26,,,,
13951,Shelbi,LaBrie,UNRESOLVED (-1),2025-26,,,,
13956,Shiyah,Forte,Kentucky State,2025-26,https://ksuthorobreds.com/sports/womens-basketball/stats/2025-26,,,
13957,Jazmin,Chambers,Kentucky State,2025-26,https://ksuthorobreds.com/sports/womens-basketball/stats/2025-26,,,
13960,Tyonna,Bailey,UNRESOLVED (-1),2025-26,,,,
13961,Alaina,Nettles,UNRESOLVED (-1),2025-26,,,,
13962,Mya,Dotson,UNRESOLVED (-1),2025-26,,,,
13963,Courtney,Davis,UNRESOLVED (-1),2025-26,,,,
13964,Alba,Garcia,UNRESOLVED (-1),2025-26,,,,
13965,Caelan,Ellis,UNRESOLVED (-1),2025-26,,,,
13966,Thelma,Barbitch,UNRESOLVED (-1),2025-26,,,,
13967,Nevaeh,Jones,UNRESOLVED (-1),2025-26,,,,
13968,Asha,Sra,UNRESOLVED (-1),2025-26,,,,
13969,Sydney,Bradley,UNRESOLVED (-1),2025-26,,,,
13970,Aïssé,Coulibaly,UNRESOLVED (-1),2025-26,,,,
13971,Maureen,Okoli,Lane,2025-26,https://golcdragons.com/sports/womens-basketball/stats/2025-26,,,
13973,Breana,Griffin,Tuskegee,2025-26,https://goldentigersports.com/sports/womens-basketball/stats/2025-26,,,
13974,Jayden,Bullard,Tuskegee,2025-26,https://goldentigersports.com/sports/womens-basketball/stats/2025-26,,,
13976,Donyeil,Bolton,Tuskegee,2025-26,https://goldentigersports.com/sports/womens-basketball/stats/2025-26,,,
13977,Aniya,Barron,Albany State (GA),2025-26,https://asugoldenrams.com/sports/womens-basketball/stats/2025-26,,,
13979,Zephaniah,Parks,Miles,2025-26,https://milesgoldenbears.com/sports/womens-basketball/stats/2025-26,,,
14030,Janae,Southall,Arkansas - Monticello,2025-26,https://www.uamsports.com/sports/womens-basketball/stats/2025-26,,,
14033,Brenna,Howard,UNRESOLVED (-1),2025-26,,,,
14036,Raylee,Gaston,Northeastern State,2025-26,https://goriverhawksgo.com/sports/womens-basketball/stats/2025-26,,"5' 8""",FR
14038,Kayley,Alt,Northeastern State,2025-26,https://goriverhawksgo.com/sports/womens-basketball/stats/2025-26,,"5' 9""",JR
14039,Alexis,Schell,Northeastern State,2025-26,https://goriverhawksgo.com/sports/womens-basketball/stats/2025-26,,"5' 11""",FR
14069,Ja'Nae,Southall,Arkansas - Monticello,2025-26,https://www.uamsports.com/sports/womens-basketball/stats/2025-26,,,
14070,Jah'Mareah,Linville-Finley,Arkansas - Fort Smith,2025-26,https://uafortsmithlions.com/sports/womens-basketball/stats/2025-26,,,
14071,Caitlynn,Clark,Newman,2025-26,https://newmanjets.com/sports/womens-basketball/stats/2025-26,,,
14072,J,Fry,UNRESOLVED (-1),2025-26,,,,
14073,I,Woods,UNRESOLVED (-1),2025-26,,,,
14074,E,Wofford,UNRESOLVED (-1),2025-26,,,,
14075,Z,Jackson,UNRESOLVED (-1),2025-26,,,,
14076,A,Kenner,UNRESOLVED (-1),2025-26,,,,
14077,Shanice,Ferguson,UNRESOLVED (-1),2025-26,,,,
14078,M,Escabor,UNRESOLVED (-1),2025-26,,,,
14079,Dihlynn,Mitchell,UNRESOLVED (-1),2025-26,,,,
14080,K,Moore,UNRESOLVED (-1),2025-26,,,,
14081,T,Jones,UNRESOLVED (-1),2025-26,,,,
14082,Alissia,Barriner,UNRESOLVED (-1),2025-26,,,,
14083,Joi,Montgomery,UNRESOLVED (-1),2025-26,,,,
14084,Shadarriana,Stewart,UNRESOLVED (-1),2025-26,,,,
14085,Kynslee,Ward,UNRESOLVED (-1),2025-26,,,,
14086,Skylar,Rhodes,UNRESOLVED (-1),2025-26,,,,
14087,Mallory,Welch,UNRESOLVED (-1),2025-26,,,,
14088,Gracie,Washington,UNRESOLVED (-1),2025-26,,,,
14089,Kiyuana,Foster,UNRESOLVED (-1),2025-26,,,,
14097,Addie,McLemore,UNRESOLVED (-1),2025-26,,,,
14098,Madison,Moeller,UNRESOLVED (-1),2025-26,,,,
14099,Ana,Vieira,Arkansas - Monticello,2025-26,https://www.uamsports.com/sports/womens-basketball/stats/2025-26,,,
14100,Anna,Eldridge,UNRESOLVED (-1),2025-26,,,,
14101,Keely,Hussey,UNRESOLVED (-1),2025-26,,,,
14124,Mya,Jiminez,South New Hampshire,2025-26,https://snhupenmen.com/sports/womens-basketball/stats/2025-26,,,
14149,Amber,Bing,UNRESOLVED (-1),2025-26,,,,
14150,Kaia,Ponder,Alabama State,2025-26,,,,
14151,Amari,Franklin,Alabama State,2025-26,,,,
14152,Shamya,Reid,Alabama State,2025-26,,,,
14153,Takaya,Walters-Norman,Alabama State,2025-26,,,,
14154,Kaitlyn,Bryant,Alabama State,2025-26,,,,
14155,Alanah,Pooler,Alabama State,2025-26,,,,
14156,Charlese,McClendon,Alabama State,2025-26,,,,
14157,Ny'Keria,Flowers,Alabama State,2025-26,,,,
14158,Caylee,Simpson,Alabama State,2025-26,,,,
14159,Taylor,Smith,Alabama State,2025-26,,,,
14160,Samiah,Puckett,Alabama State,2025-26,,,,
14161,Ashley,Gray,Alabama State,2025-26,,,,
14162,Meagan,Scott,Alabama State,2025-26,,,,
14163,Jacqueline,Osei,Alabama State,2025-26,,,,
14164,Emma,Toombs,West Alabama,2025-26,https://uwaathletics.com/sports/womens-basketball/stats/2025-26,,,
14178,Kamiyah,Love,UNRESOLVED (-1),2025-26,,,,
14198,Jackie,Lindsay,UNRESOLVED (-1),2025-26,,,,
14199,Ailani,Collazo,UNRESOLVED (-1),2025-26,,,,
14200,Wakinyela,Bear,UNRESOLVED (-1),2025-26,,,,
14201,Saylor,Gallagher,UNRESOLVED (-1),2025-26,,,,
14202,Jada,Stanford,UNRESOLVED (-1),2025-26,,,,
14203,Melanie,Delestrez,UNRESOLVED (-1),2025-26,,,,
14204,Evelyn,Perkins,UNRESOLVED (-1),2025-26,,,,
14205,Sydney,Hazuga,UNRESOLVED (-1),2025-26,,,,
14206,Amira,LaDuke,UNRESOLVED (-1),2025-26,,,,
14207,Kaylee,Buerman,UNRESOLVED (-1),2025-26,,,,
14208,Leilani,Fonoti,UNRESOLVED (-1),2025-26,,,,
14209,Alexiah,LaRose,UNRESOLVED (-1),2025-26,,,,
14210,LaiLoni,Harris,UNRESOLVED (-1),2025-26,,,,
14211,Ellie,Braaten,UNRESOLVED (-1),2025-26,,,,
14212,Olivia,Backus,UNRESOLVED (-1),2025-26,,,,
14213,Ellie,Powell,UNRESOLVED (-1),2025-26,,,,
14214,Madison,Spacher,UNRESOLVED (-1),2025-26,,,,
14215,Aubrey,Prunty,UNRESOLVED (-1),2025-26,,,,
14216,Abby,Aslesen,UNRESOLVED (-1),2025-26,,,,
14217,Tiyana,Schwinghammer,UNRESOLVED (-1),2025-26,,,,
14218,Liz,Lukken,UNRESOLVED (-1),2025-26,,,,
14219,Tilda,Mauritzson,UNRESOLVED (-1),2025-26,,,,
14220,Delaney,Cotton,UNRESOLVED (-1),2025-26,,,,
14221,Sophie,Bachmeier,UNRESOLVED (-1),2025-26,,,,
14222,Maddy,Grove,UNRESOLVED (-1),2025-26,,,,
14223,Itzel,Salazar,UNRESOLVED (-1),2025-26,,,,
14224,Claire,Stark,UNRESOLVED (-1),2025-26,,,,
14225,Grace,Perry,UNRESOLVED (-1),2025-26,,,,
14226,Gianna,Klarenbeek,UNRESOLVED (-1),2025-26,,,,
14227,Shelby,Mortenson,UNRESOLVED (-1),2025-26,,,,
14228,Brooke,Ver Steeg,UNRESOLVED (-1),2025-26,,,,
14229,Anna,Myers,UNRESOLVED (-1),2025-26,,,,
14230,Mckenna,McIlonie,UNRESOLVED (-1),2025-26,,,,
14231,Gabby,Randt,UNRESOLVED (-1),2025-26,,,,
14232,Taylor,Johnson,UNRESOLVED (-1),2025-26,,,,
14233,Savanna,Pelzer,UNRESOLVED (-1),2025-26,,,,
14234,Reece,Wassink,UNRESOLVED (-1),2025-26,,,,
14235,Savannah,Petersen,UNRESOLVED (-1),2025-26,,,,
14236,Reagan,Krueger,Minnesota Duluth,2025-26,https://umdbulldogs.com/sports/womens-basketball/stats/2025-26,,,
14252,Erin,Isabell,Lane,2025-26,https://golcdragons.com/sports/womens-basketball/stats/2025-26,,,
14264,Renee,Chong,UNRESOLVED (-1),2025-26,,,,
14265,Laura,Strenk,UNRESOLVED (-1),2025-26,,,,
14266,Caleigh,Edwards,UNRESOLVED (-1),2025-26,,,,
14267,Payton,Sugar,UNRESOLVED (-1),2025-26,,,,
14268,Haylie,Wang,UNRESOLVED (-1),2025-26,,,,
14269,Naima,Joseph,UNRESOLVED (-1),2025-26,,,,
14270,Lauren,Dex,UNRESOLVED (-1),2025-26,,,,
14271,Audrey,Bayless,UNRESOLVED (-1),2025-26,,,,
14272,Jane,Hewitt,UNRESOLVED (-1),2025-26,,,,
14273,Abigail,Homan,UNRESOLVED (-1),2025-26,,,,
14274,Emily,Lee,UNRESOLVED (-1),2025-26,,,,
14275,Kayla,Malek,UNRESOLVED (-1),2025-26,,,,
14276,Jadyn,Lee,UNRESOLVED (-1),2025-26,,,,
14277,Kellie,Au,UNRESOLVED (-1),2025-26,,,,
14278,Sara,Chicco,UNRESOLVED (-1),2025-26,,,,
14279,Sofia,Robel,UNRESOLVED (-1),2025-26,,,,
14280,Shea,Joko,UNRESOLVED (-1),2025-26,,,,
14281,Avery,Patricco,UNRESOLVED (-1),2025-26,,,,
14282,Katie,Drais,UNRESOLVED (-1),2025-26,,,,
14283,Elsa,Cottrell,UNRESOLVED (-1),2025-26,,,,
14284,Molly,Pieper,UNRESOLVED (-1),2025-26,,,,
14285,Ali,Bennett,UNRESOLVED (-1),2025-26,,,,
14286,Anna,Revill,UNRESOLVED (-1),2025-26,,,,
14287,Claire,Wegmann-Krider,UNRESOLVED (-1),2025-26,,,,
14298,Minyhah,Easterling,Mansfield,2025-26,https://gomounties.com/sports/womens-basketball/stats/2025-26,,,
14326,Philleah,Bright,West Virginia State,2025-26,https://wvsuyellowjackets.com/sports/womens-basketball/stats/2025-26,,,
14341,Ashanti,Northcross,UNRESOLVED (-1),2025-26,,,,
14342,Gabriela,Rosado,UNRESOLVED (-1),2025-26,,,,
14343,Maddie,Day,UNRESOLVED (-1),2025-26,,,,
14344,Elle,Gunter,UNRESOLVED (-1),2025-26,,,,
14345,Charli,Wynn,UNRESOLVED (-1),2025-26,,,,
14346,Abby,O'Quinn,UNRESOLVED (-1),2025-26,,,,
14347,Lauren,Bragg,UNRESOLVED (-1),2025-26,,,,
14348,Katelyn,Norman,UNRESOLVED (-1),2025-26,,,,
14349,Elizabeth,Smith,UNRESOLVED (-1),2025-26,,,,
14350,Kierston,Rozell,UNRESOLVED (-1),2025-26,,,,
14351,Zoey,Snavely,UNRESOLVED (-1),2025-26,,,,
14352,Anna,Smith,UNRESOLVED (-1),2025-26,,,,
14353,J'Maia,Joseph,UNRESOLVED (-1),2025-26,,,,
14365,Taylor,Simpson,UNRESOLVED (-1),2025-26,,,,
14370,Chloe,Williams,UNRESOLVED (-1),2025-26,,,,
14377,Chrishawn,Coleman,UNRESOLVED (-1),2025-26,,,,
14378,Marley,Langi,UNRESOLVED (-1),2025-26,,,,
14379,Morgan,Hawkins,UNRESOLVED (-1),2025-26,,,,
14380,Aliyah,Carter,UNRESOLVED (-1),2025-26,,,,
14381,Tena,Ikidi,UNRESOLVED (-1),2025-26,,,,
14382,Dae'Jaidence,Kincade,UNRESOLVED (-1),2025-26,,,,
14383,Maria,Dias,UNRESOLVED (-1),2025-26,,,,
14384,Tianna,Sutherland,UNRESOLVED (-1),2025-26,,,,
14385,Zalissa,Finley,UNRESOLVED (-1),2025-26,,,,
14386,Ophelia,Powell,UNRESOLVED (-1),2025-26,,,,
14387,Jaime,Gallatly,UNRESOLVED (-1),2025-26,,,,
14399,Kylie,Kulina,UNRESOLVED (-1),2025-26,,,,
14402,Fatimah,Sani,Cal State Dominguez Hills,2025-26,https://gotoros.com/sports/womens-basketball/stats/2025-26,,,
14420,Mason,Oberg,Cal State Los Angeles,2025-26,https://lagoldeneagles.com/sports/womens-basketball/stats/2025-26,,,
14421,Ayanna,Thompson,SMU,2025-26,,,,
14422,Mary Ashley,Stevenson,Stanford,2025-26,,,,
14437,Eliza,DiGiulio,UNRESOLVED (-1),2025-26,,,,
14438,Keeley,Wright,UNRESOLVED (-1),2025-26,,,,
14439,Gracie,Arnold,UNRESOLVED (-1),2025-26,,,,
14440,Bridgette,McIntyre,UNRESOLVED (-1),2025-26,,,,
14441,Millie,Day,UNRESOLVED (-1),2025-26,,,,
14442,Lydia,Traore,UNRESOLVED (-1),2025-26,,,,
14443,Sage,Winslow,UNRESOLVED (-1),2025-26,,,,
14444,Shakia,Teague-Perry,UNRESOLVED (-1),2025-26,,,,
14445,Jenika,Zurita,UNRESOLVED (-1),2025-26,,,,
14446,Taylee,Clements,UNRESOLVED (-1),2025-26,,,,
14447,Kai'Lani,Aoki,UNRESOLVED (-1),2025-26,,,,
14448,Kyla,Albee,UNRESOLVED (-1),2025-26,,,,
14449,Paige,Worthem,UNRESOLVED (-1),2025-26,,,,
14450,Asia,Jackson,San Francisco State,2025-26,https://sfstategators.com/sports/womens-basketball/stats/2025-26,,,
14467,Christen,Ziska,UNRESOLVED (-1),2025-26,,,,
14469,Nia,Johnson,UNRESOLVED (-1),2025-26,,,,
14481,Aaliyah,Dias,Cal State Stanislaus,2025-26,https://warriorathletics.com/sports/womens-basketball/stats/2025-26,,,
14482,Kylie,Kulina,Cal State Stanislaus,2025-26,https://warriorathletics.com/sports/womens-basketball/stats/2025-26,,,
14483,Women's Basketball,TMTeam,Cal State Stanislaus,2025-26,https://warriorathletics.com/sports/womens-basketball/stats/2025-26,,,
14484,Sabrina,Flowers,UNRESOLVED (-1),2025-26,,,,
14485,Maddie,Gerhart,UNRESOLVED (-1),2025-26,,,,
14486,Ayden,Krupke,UNRESOLVED (-1),2025-26,,,,
14487,Ciena,Tumoine,UNRESOLVED (-1),2025-26,,,,
14488,Kenzi,Pederson,UNRESOLVED (-1),2025-26,,,,
14489,Kyra,Quinn,UNRESOLVED (-1),2025-26,,,,
14490,Karlee,VonMoos,UNRESOLVED (-1),2025-26,,,,
14491,Eliana,Fleming,UNRESOLVED (-1),2025-26,,,,
14492,Katie,Spillum,UNRESOLVED (-1),2025-26,,,,
14493,Dayvis,Key,UNRESOLVED (-1),2025-26,,,,
14494,Jaycee,Stiegeler,UNRESOLVED (-1),2025-26,,,,
14502,Elisabeth,Gadient,UNRESOLVED (-1),2025-26,,,,
14503,August,Palmer,UNRESOLVED (-1),2025-26,,,,
14506,Emilia,Sierra Lacost,Wheeling,2025-26,https://wucardinals.com/sports/womens-basketball/stats/2025-26,,,
14510,Liv,Bolduc,Wheeling,2025-26,https://wucardinals.com/sports/womens-basketball/stats/2025-26,,,
14520,Alexis,Ferguson,Bloomsburg,2025-26,https://bloomsburgathletics.com/sports/womens-basketball/stats/2025-26,,,
14534,Kayley,Joseph-Bernar,Slippery Rock,2025-26,https://rockathletics.com/sports/womens-basketball/stats/2025-26,,,
14550,Jamie,Molina,UNRESOLVED (-1),2025-26,,,,
14551,EmmaJo,Locks,UNRESOLVED (-1),2025-26,,,,
14552,Carson,Schanbacher,UNRESOLVED (-1),2025-26,,,,
14553,Mattie,Rich,UNRESOLVED (-1),2025-26,,,,
14554,Aaliyah,Smith,UNRESOLVED (-1),2025-26,,,,
14572,Natalie,Magallnes,Western New Mexico,2025-26,https://wnmumustangs.com/sports/womens-basketball/stats/2025-26,,,
14575,Breanna,Morrison,UNRESOLVED (-1),2025-26,,,,
14591,Briann,Warehime,Midwestern State,2025-26,https://msumustangs.com/sports/womens-basketball/stats/2025-26,,,
14595,Kyra,Taylor,UNRESOLVED (-1),2025-26,,,,
14596,Mikah,Hammerquist,UNRESOLVED (-1),2025-26,,,,
14597,Amyah,Williams-Woodmore,UNRESOLVED (-1),2025-26,,,,
14598,Dana,Imankulova,UNRESOLVED (-1),2025-26,,,,
14599,Maizen,Gillam,UNRESOLVED (-1),2025-26,,,,
14600,Dana,Parker,UNRESOLVED (-1),2025-26,,,,
14601,Amaree,Henderson,UNRESOLVED (-1),2025-26,,,,
14602,Gillian,Rodgers,UNRESOLVED (-1),2025-26,,,,
14603,Kenya,McCain,UNRESOLVED (-1),2025-26,,,,
14604,Skylar,Bencsek,UNRESOLVED (-1),2025-26,,,,
14605,Lauren,Young,UNRESOLVED (-1),2025-26,,,,
14608,Ahmirah,Taylor,Benedict,2025-26,https://benedicttigers.com/sports/womens-basketball/stats/2025-26,,,
14610,Kira,Williams,Savannah State,2025-26,https://ssuathletics.com/sports/womens-basketball/stats/2025-26,,,
14612,Morgan,Defoor,UNRESOLVED (-1),2025-26,,,,
14613,Andrea,Seay,UNRESOLVED (-1),2025-26,,,,
14614,Ranyia,Murphy,UNRESOLVED (-1),2025-26,,,,
14615,Kyndall,Thompson,UNRESOLVED (-1),2025-26,,,,
14616,Kia,Gurton,UNRESOLVED (-1),2025-26,,,,
14617,Calise,Mathis,UNRESOLVED (-1),2025-26,,,,
14618,Christen,Stone,UNRESOLVED (-1),2025-26,,,,
14619,Precious,Hereford,UNRESOLVED (-1),2025-26,,,,
14620,Janiesse,Armstrong,UNRESOLVED (-1),2025-26,,,,
14621,Curstine,Ellis,UNRESOLVED (-1),2025-26,,,,
14626,Jemihya,Carter,LeMoyne-Owen,2025-26,https://athletics.loc.edu/sports/womens-basketball/stats/2025-26,,,
14627,Ja'Nya,Foster,Lane,2025-26,https://golcdragons.com/sports/womens-basketball/stats/2025-26,,,
14647,Kate,Gallery,UNRESOLVED (-1),2025-26,,,,
14648,Savanna,Staff,UNRESOLVED (-1),2025-26,,,,
14656,Brya Brooklyn,Arroyo-Gillcrese,Adams State,2025-26,https://asugrizzlies.com/sports/womens-basketball/stats/2025-26,,,
14658,Madison,Johnson,UNRESOLVED (-1),2025-26,,,,
14659,Gianna,Whiteside,UNRESOLVED (-1),2025-26,,,,
14660,Noa Gloria,Bravo Hernandez,UNRESOLVED (-1),2025-26,,,,
14662,Lauren,Gould,UNRESOLVED (-1),2025-26,,,,
14663,Jasmyne,Tores,UNRESOLVED (-1),2025-26,,,,
14664,Mylina,Pluff,UNRESOLVED (-1),2025-26,,,,
14665,Kaylee,Wilson,UNRESOLVED (-1),2025-26,,,,
14666,Wicahpi,Cuny,UNRESOLVED (-1),2025-26,,,,
14667,Sophie,Bronson,UNRESOLVED (-1),2025-26,,,,
14668,Tala,Mitchell,UNRESOLVED (-1),2025-26,,,,
14669,Zoey,Juan,UNRESOLVED (-1),2025-26,,,,
14670,Aliesha,Solomon,UNRESOLVED (-1),2025-26,,,,
14671,Lea,Armour,UNRESOLVED (-1),2025-26,,,,
14672,Jade,Liulamaga,UNRESOLVED (-1),2025-26,,,,
14673,Ciara,Cargo-Acosta,UNRESOLVED (-1),2025-26,,,,
14674,Raven,Solomon,UNRESOLVED (-1),2025-26,,,,
14679,Audrey,Counts,UNRESOLVED (-1),2025-26,,,,
14680,Macy,Freeze,UNRESOLVED (-1),2025-26,,,,
14702,Kaylee,Marvin,Daemen,2025-26,https://daemenwildcats.com/sports/womens-basketball/stats/2025-26,,,
14707,Júlia,Garcia Roig,Drexel,2025-26,,,,
14723,S.,Formby,Felician,2025-26,https://felicianuathletics.com/sports/womens-basketball/stats/2025-26,,,
14724,A.,Valle,Felician,2025-26,https://felicianuathletics.com/sports/womens-basketball/stats/2025-26,,,
14725,M.,Palek,Felician,2025-26,https://felicianuathletics.com/sports/womens-basketball/stats/2025-26,,,
14726,K.,Barreno,Felician,2025-26,https://felicianuathletics.com/sports/womens-basketball/stats/2025-26,,,
14727,L.,Szilvassy,Felician,2025-26,https://felicianuathletics.com/sports/womens-basketball/stats/2025-26,,,
14728,K.,Ritchie,Felician,2025-26,https://felicianuathletics.com/sports/womens-basketball/stats/2025-26,,,
14729,D.,Jackson,Felician,2025-26,https://felicianuathletics.com/sports/womens-basketball/stats/2025-26,,,
14730,S.,Martinez,Felician,2025-26,https://felicianuathletics.com/sports/womens-basketball/stats/2025-26,,,
14752,Anylah,Bowe,Elizabeth City State,2025-26,https://ecsuvikings.com/sports/womens-basketball/stats/2025-26,,,
14762,Jaidyn,Harper,UNRESOLVED (-1),2025-26,,,,
14763,Anala,Nelson,UNRESOLVED (-1),2025-26,,,,
14764,Lucy,Hood,UNRESOLVED (-1),2025-26,,,,
14765,Carmen,Richardson,UNRESOLVED (-1),2025-26,,,,
14766,Meghan,Downing,East Tennessee State,2025-26,,,,
14767,Paige,Lyons,UNRESOLVED (-1),2025-26,,,,
14768,SaBreya,Monsanto,UNRESOLVED (-1),2025-26,,,,
14769,Emmah,McAmis,UNRESOLVED (-1),2025-26,,,,
14770,Gemma,GrÃ¼ttner Baco,UNRESOLVED (-1),2025-26,,,,
14771,Lucia,France,UNRESOLVED (-1),2025-26,,,,
14772,Kennedy,Younkin,UNRESOLVED (-1),2025-26,,,,
14773,Yanessa,Boyd,UNRESOLVED (-1),2025-26,,,,
14774,Maya,McCorkle,UNRESOLVED (-1),2025-26,,,,
14775,Yorie,WATSON,UNRESOLVED (-1),2025-26,,,,
14776,Jazmyne,LYDE,UNRESOLVED (-1),2025-26,,,,
14777,Taniyah,WESTON,UNRESOLVED (-1),2025-26,,,,
14778,PaNajala,CURRY,UNRESOLVED (-1),2025-26,,,,
14779,Skye,MCCREA,UNRESOLVED (-1),2025-26,,,,
14780,Shakira,JACKSON,UNRESOLVED (-1),2025-26,,,,
14781,Zoey,MCMIKERS,UNRESOLVED (-1),2025-26,,,,
14782,Alaya,GRANE,UNRESOLVED (-1),2025-26,,,,
14783,Jada,TEASLEY,UNRESOLVED (-1),2025-26,,,,
14784,Cazaria,BRITT,UNRESOLVED (-1),2025-26,,,,
14785,Shykiera,Brown,UNRESOLVED (-1),2025-26,,,,
14786,Kierra,Diggs,UNRESOLVED (-1),2025-26,,,,
14787,Kaelin,Davis,UNRESOLVED (-1),2025-26,,,,
14788,Zaniyah,Snow,UNRESOLVED (-1),2025-26,,,,
14789,Nia,Marshall,UNRESOLVED (-1),2025-26,,,,
14790,Caitlin,Bowling,UNRESOLVED (-1),2025-26,,,,
14791,Bryah,Henry,UNRESOLVED (-1),2025-26,,,,
14792,Kimmya,Epps,UNRESOLVED (-1),2025-26,,,,
14793,Syriah,Hogan,UNRESOLVED (-1),2025-26,,,,
14794,Albertine,Cyuzuzo,UNRESOLVED (-1),2025-26,,,,
14795,Tierra,Griffin,UNRESOLVED (-1),2025-26,,,,
14796,Avis,Williams,UNRESOLVED (-1),2025-26,,,,
14797,Ameerah,Evans,UNRESOLVED (-1),2025-26,,,,
14800,Cali,Levine,UNRESOLVED (-1),2025-26,,,,
14835,Addie,McCormick,St Edward's,2025-26,https://gohilltoppers.com/sports/womens-basketball/stats/2025-26,,"5' 5""",JR
14837,Dame,Van Gils,Western State,2025-26,https://gomountaineers.com/sports/womens-basketball/stats/2025-26,,,
14838,Jayden,Jenkins,UNRESOLVED (-1),2025-26,,,,
14839,Romina,Lopez,UNRESOLVED (-1),2025-26,,,,
14840,GG,Romero,UNRESOLVED (-1),2025-26,,,,
14841,Paulina,Lopez,UNRESOLVED (-1),2025-26,,,,
14842,Zoe,Brown,UNRESOLVED (-1),2025-26,,,,
14843,Rhianna,Padilla,UNRESOLVED (-1),2025-26,,,,
14844,Mariana,Arambula,UNRESOLVED (-1),2025-26,,,,
14845,Lorianne,Bueno,UNRESOLVED (-1),2025-26,,,,
14846,Sophia,Moron,UNRESOLVED (-1),2025-26,,,,
14847,Tatiana,Ayala,UNRESOLVED (-1),2025-26,,,,
14848,Juliana,Kirker,UNRESOLVED (-1),2025-26,,,,
14849,Emma,Koker,UNRESOLVED (-1),2025-26,,,,
14850,Gabrielle,Haskie,UNRESOLVED (-1),2025-26,,,,
14851,Makayla,Powell,UNRESOLVED (-1),2025-26,,,,
14852,Nya,Misi Havatone,UNRESOLVED (-1),2025-26,,,,
14853,Unique,Begishe,UNRESOLVED (-1),2025-26,,,,
14854,Chloe,Warren,UNRESOLVED (-1),2025-26,,,,
14855,Takara,Rocha,UNRESOLVED (-1),2025-26,,,,
14856,Aerianz,Brown,UNRESOLVED (-1),2025-26,,,,
14860,Sheridan,Liggett,Colorado Mesa,2025-26,https://cmumavericks.com/sports/womens-basketball/stats/2025-26,,,
14861,Sabrina,Lopez,Saint Martin's,2025-26,https://smusaints.com/sports/womens-basketball/stats/2025-26,,,
14879,Abby,Seitz,UNRESOLVED (-1),2025-26,,,,
14880,Ariana,Brown,UNRESOLVED (-1),2025-26,,,,
14897,Leah,Jessup,UNRESOLVED (-1),2025-26,,,,
14898,Kennedy,Johnson-Corley,Lander,2025-26,https://landerbearcats.com/sports/wbball/stats/2025-26,,,
14906,Kayla,Sylvain,UNRESOLVED (-1),2025-26,,,,
14942,Emilia,Sierra Lacosta,Wheeling,2025-26,https://wucardinals.com/sports/womens-basketball/stats/2025-26,,"5' 10""",SO
14945,Ashley,Shroades,Wheeling,2025-26,https://wucardinals.com/sports/womens-basketball/stats/2025-26,,"5' 4""",SO
14949,Ana-Isabel,Andersson Rodriguez,West Liberty,2025-26,https://hilltoppersports.com/sports/womens-basketball/stats/2025-26,,,
14955,Ida,Bengstsson,Salem (WV),2025-26,https://salemtigers.com/sports/womens-basketball/stats/2025-26,,,
14991,Hattie,Fox,UNRESOLVED (-1),2025-26,,,,
14992,Jordyn,Peed,UNRESOLVED (-1),2025-26,,,,
14993,Elle,Covey,UNRESOLVED (-1),2025-26,,,,
14994,Lily,Peper,UNRESOLVED (-1),2025-26,,,,
14995,Kristen,Oberle,UNRESOLVED (-1),2025-26,,,,
14996,Kate,Flicek,UNRESOLVED (-1),2025-26,,,,
14997,Olivia,Gannon,UNRESOLVED (-1),2025-26,,,,
14998,Julia,Harmon,UNRESOLVED (-1),2025-26,,,,
14999,Ada,Skafte,UNRESOLVED (-1),2025-26,,,,
15000,Liz,Kyles,UNRESOLVED (-1),2025-26,,,,
15001,Ajiem,Agwa,UNRESOLVED (-1),2025-26,,,,
15002,Mya,Nunez Williams,UNRESOLVED (-1),2025-26,,,,
15017,Camryn,Koester,UNRESOLVED (-1),2025-26,,,,
15020,Yvanna,Villarreal,Western New Mexico,2025-26,https://wnmumustangs.com/sports/womens-basketball/stats/2025-26,,,
15021,Cadence,Turnbow,Western New Mexico,2025-26,https://wnmumustangs.com/sports/womens-basketball/stats/2025-26,,,
15023,Jaci,Powers,UNRESOLVED (-1),2025-26,,,,
15024,Ariana,Berryhill,UNRESOLVED (-1),2025-26,,,,
15028,Trintiy,Fortune-Medine,Wilmington (DE),2025-26,https://wildcats.athletics.wilmu.edu/sports/wbkb/2025-26/teams/wilmingtondel,,,
15032,Leah,Palmer,Lewis,2025-26,https://lewisflyers.com/sports/womens-basketball/stats/2025-26,,,
15040,Fatim,Sarr Ndow,Point Park,2025-26,https://pointparksports.com/sports/womens-basketball/stats/2025-26,,,
15042,Mya,Babbitt,Kent State,2025-26,,,,
15043,Rylee,Kalocay,Kent State,2025-26,,,,
15044,Riley,Rismiller,Kent State,2025-26,,,,
15045,Tatiana,Thomas,Kent State,2025-26,,,,
15046,Dionna,Gray,Kent State,2025-26,,,,
15047,Emory,Klatt,Kent State,2025-26,,,,
15048,Meghan,Murray,Kent State,2025-26,,,,
15049,Anna,Campanelli,Kent State,2025-26,,,,
15050,Journey,Hildebrand,Kent State,2025-26,,,,
15051,Bianca,Juzzo,Kent State,2025-26,,,,
15052,Caitlyn,Holmes,Kent State,2025-26,,,,
15088,Anyce,Jefferson,San Francisco State,2025-26,https://sfstategators.com/sports/womens-basketball/stats/2025-26,,,
15089,Victoria,Fowler,UNRESOLVED (-1),2025-26,,,,
15090,Krystal,Pineda,UNRESOLVED (-1),2025-26,,,,
15091,Stephanie,Zuniga,UNRESOLVED (-1),2025-26,,,,
15092,Matay,Amen-Sherman,UNRESOLVED (-1),2025-26,,,,
15093,Raven,James,UNRESOLVED (-1),2025-26,,,,
15094,Mykaylin,Gutierrez,UNRESOLVED (-1),2025-26,,,,
15095,Ronna,Henry,UNRESOLVED (-1),2025-26,,,,
15100,Annie,Jackson,Chestnut Hill,2025-26,https://griffinathletics.com/sports/womens-basketball/stats/2025-26,,,
15102,Shaima,James,UNRESOLVED (-1),2025-26,,,,
15108,Theresha,Miller,Bowie State,2025-26,https://bsubulldogs.com/sports/womens-basketball/stats/2025-26,,,
15128,Niyah,Johnson,Eastern New Mexico,2025-26,https://goeasternathletics.com/sports/womens-basketball/stats/2025-26,,,
15130,Mackenzie,Burkhart,Newman,2025-26,https://newmanjets.com/sports/womens-basketball/stats/2025-26,,,
15134,Madilyn,Rendall,West Florida,2025-26,https://goargos.com/sports/womens-basketball/stats/2025-26,,,
15139,Elaina,Makris,South Wesleyan,2025-26,https://swuathletics.com/sports/womens-basketball/stats/2025-26,,,
15141,Eyra,Co,UNRESOLVED (-1),2025-26,,,,
15142,Jess,Bickart,UNRESOLVED (-1),2025-26,,,,
15143,Sarah,Santicola,UNRESOLVED (-1),2025-26,,,,
15144,Isabella,Antonacci,UNRESOLVED (-1),2025-26,,,,
15145,Kate,Leach,UNRESOLVED (-1),2025-26,,,,
15146,Ava,Kobus,UNRESOLVED (-1),2025-26,,,,
15147,Bella,Wilson,UNRESOLVED (-1),2025-26,,,,
15148,Ashlan,Price,UNRESOLVED (-1),2025-26,,,,
15151,Felicia,Schoelander,UCF,2025-26,,,,
15152,Meja,Hansel,UCF,2025-26,,,,
15153,Kiarra,Mcelrath,Hampton,2025-26,,,,
15155,Omari,Mitchell,LeMoyne-Owen,2025-26,https://athletics.loc.edu/sports/womens-basketball/stats/2025-26,,,
15158,Bella,Bosch,Indiana (PA),2025-26,https://iupathletics.com/sports/womens-basketball/stats/2025-26,,,
15159,Kamiya,Dambreville,Indiana (PA),2025-26,https://iupathletics.com/sports/womens-basketball/stats/2025-26,,,
15161,Raigan,McCalla,Indiana (PA),2025-26,https://iupathletics.com/sports/womens-basketball/stats/2025-26,,,
15163,Dearia,Page,UNRESOLVED (-1),2025-26,,,,
15164,Jakyiiah,Willis,UNRESOLVED (-1),2025-26,,,,
15165,Mya,Smith,UNRESOLVED (-1),2025-26,,,,
15166,Angelina,Jordan,UNRESOLVED (-1),2025-26,,,,
15167,MeiLani,Patterson,UNRESOLVED (-1),2025-26,,,,
15168,Tynilla,Simpkins,UNRESOLVED (-1),2025-26,,,,
15169,Ariel,Adderton,UNRESOLVED (-1),2025-26,,,,
15170,Janiya,Mitchell,UNRESOLVED (-1),2025-26,,,,
15173,Noel,Warrior,UNRESOLVED (-1),2025-26,,,,
15174,Nala,Louis,UNRESOLVED (-1),2025-26,,,,
15184,Rose,Bone,UNRESOLVED (-1),2025-26,,,,
15198,Jazmine,Flournoy,UNRESOLVED (-1),2025-26,,,,
15216,Alice,Woodward,Southwest Baptist,2025-26,https://www.sbubearcats.com/sports/womens-basketball/stats/2025-26,G,,FR
15218,Keely,Barnard,UNRESOLVED (-1),2025-26,,,,
15219,Addison,Tower,UNRESOLVED (-1),2025-26,,,,
15220,Saige,Grampsas,UNRESOLVED (-1),2025-26,,,,
15221,Mary,Olson,UNRESOLVED (-1),2025-26,,,,
15222,Abby,Wendte,UNRESOLVED (-1),2025-26,,,,
15223,Quinn,Carpenter,UNRESOLVED (-1),2025-26,,,,
15224,Cady,Huffman,UNRESOLVED (-1),2025-26,,,,
15225,Riley,Kerwin,UNRESOLVED (-1),2025-26,,,,
15226,A'Myah,Bankston,UNRESOLVED (-1),2025-26,,,,
15227,Summer,Wieneke,UNRESOLVED (-1),2025-26,,,,
15228,Addison,Schletzbaum,UNRESOLVED (-1),2025-26,,,,
15229,Kate,Harter,UNRESOLVED (-1),2025-26,,,,
15230,Aryaa,Tanner,UNRESOLVED (-1),2025-26,,,,
15231,Jaylee,Levario,UNRESOLVED (-1),2025-26,,,,
15232,Julianna,Walker,UNRESOLVED (-1),2025-26,,,,
15234,Zakiyyah,Muhammad,UNRESOLVED (-1),2025-26,,,,
15235,Joy,Beran,UNRESOLVED (-1),2025-26,,,,
15236,Drasoni,Kyles,UNRESOLVED (-1),2025-26,,,,
15237,Jhanel,Coleman,UNRESOLVED (-1),2025-26,,,,
15238,Dru,Zoucha,UNRESOLVED (-1),2025-26,,,,
15239,Karoline,Ellison,UNRESOLVED (-1),2025-26,,,,
15240,Emma,Russell,UNRESOLVED (-1),2025-26,,,,
15241,Tarryn,Godsey,UNRESOLVED (-1),2025-26,,,,
15242,Danielle,Coyer,UNRESOLVED (-1),2025-26,,,,
15243,Taylee,Wharton,UNRESOLVED (-1),2025-26,,,,
15244,Mailey,Malone,UNRESOLVED (-1),2025-26,,,,
15247,Gosia,Byczkowska,Nebraska Kearney,2025-26,https://lopers.com/sports/womens-basketball/stats/2025-26,,,
15259,Ori,Galloway,UNRESOLVED (-1),2025-26,,,,
15260,Tatyana,Lewis,UNRESOLVED (-1),2025-26,,,,
15261,Ellie,Martin,UNRESOLVED (-1),2025-26,,,,
15262,Hailey,Ripley,UNRESOLVED (-1),2025-26,,,,
15263,Kiera,Littlejohn,UNRESOLVED (-1),2025-26,,,,
15264,Briah,Clarke,UNRESOLVED (-1),2025-26,,,,
15265,Nesha,Oliver,UNRESOLVED (-1),2025-26,,,,
15266,Twig,Barnes,UNRESOLVED (-1),2025-26,,,,
15270,Addison,Holly,UNRESOLVED (-1),2025-26,,,,
15271,Fallon,Taylor,UNRESOLVED (-1),2025-26,,,,
15272,Chloe,Reynolds,UNRESOLVED (-1),2025-26,,,,
15273,Piper,Helle,UNRESOLVED (-1),2025-26,,,,
15274,Emily,Starn,Fairmont State,2025-26,https://fightingfalcons.com/sports/womens-basketball/stats/2025-26,,,
15275,Akasha,Santos,Bloomsburg,2025-26,https://bloomsburgathletics.com/sports/womens-basketball/stats/2025-26,,,
15317,LaKeeyah,Barnes,Anderson (SC),2025-26,https://autrojans.com/sports/womens-basketball/stats/2025-26,,,
15319,Dackjer,Senior Feliz,UNRESOLVED (-1),2025-26,,,,
15322,Kalecia,Holiday,Columbus State,2025-26,https://csucougars.com/sports/womens-basketball/stats/2025-26,,,
15323,L.,Mitchell-Walthall,Columbus State,2025-26,https://csucougars.com/sports/womens-basketball/stats/2025-26,,,
15325,DJ,Dennis-Cassanova,UNRESOLVED (-1),2025-26,,,,
15344,Isabella,Toro,UNRESOLVED (-1),2025-26,,,,
15345,Abeliz,Rodriguez,UNRESOLVED (-1),2025-26,,,,
15346,Jozai,Vazquez,UNRESOLVED (-1),2025-26,,,,
15347,Arianis,Rivera,UNRESOLVED (-1),2025-26,,,,
15348,Franchesca,Torres,UNRESOLVED (-1),2025-26,,,,
15349,Illadian,Vazquez,UNRESOLVED (-1),2025-26,,,,
15350,Gabriela,Figueroa,UNRESOLVED (-1),2025-26,,,,
15351,Bianca,Argunzoni,UNRESOLVED (-1),2025-26,,,,
15352,Carlianis,Nieves,UNRESOLVED (-1),2025-26,,,,
15353,Joneilys,Serrano,UNRESOLVED (-1),2025-26,,,,
15354,Jeyliam,Semidey,UNRESOLVED (-1),2025-26,,,,
15355,Keiliz,Soto,UNRESOLVED (-1),2025-26,,,,
15356,Shairanis,Pena,UNRESOLVED (-1),2025-26,,,,
15365,Bree,Williams,Nova Southeastern,2025-26,https://nsusharks.com/sports/womens-basketball/stats/2025-26,,,
15372,Lillie,Veer,UNRESOLVED (-1),2025-26,,,,
15373,Kaylee,Kauffman,UNRESOLVED (-1),2025-26,,,,
15374,Tayton,Smith,UNRESOLVED (-1),2025-26,,,,
15375,Hailey,Contreras,UNRESOLVED (-1),2025-26,,,,
15376,Adrian,Hazelwood,UNRESOLVED (-1),2025-26,,,,
15377,Miyah,McGee,UNRESOLVED (-1),2025-26,,,,
15378,Kloe,Bowin,UNRESOLVED (-1),2025-26,,,,
15379,Kassidy,Beam,UNRESOLVED (-1),2025-26,,,,
15380,Katelin,Long,UNRESOLVED (-1),2025-26,,,,
15381,Ivy,Preusser,UNRESOLVED (-1),2025-26,,,,
15382,Landry,O'Brien,UNRESOLVED (-1),2025-26,,,,
15383,Brooke,Berlin,UNRESOLVED (-1),2025-26,,,,
15384,Malynn,Beil,UNRESOLVED (-1),2025-26,,,,
15385,Jaelle,Johnson,UNRESOLVED (-1),2025-26,,,,
15386,Jada,Hopson,UNRESOLVED (-1),2025-26,,,,
15387,Ellie,McKellips,UNRESOLVED (-1),2025-26,,,,
15394,Betti,Hamori,Angelo State,2025-26,https://angelosports.com/sports/womens-basketball/stats/2025-26,,,
15399,Kameron,jones,UNRESOLVED (-1),2025-26,,,,
15400,Teanna,Watts,UNRESOLVED (-1),2025-26,,,,
15401,Kiersten,Usher,UNRESOLVED (-1),2025-26,,,,
15402,Courtney,Lowe,UNRESOLVED (-1),2025-26,,,,
15403,Ladaja,Caldwell,UNRESOLVED (-1),2025-26,,,,
15404,Shaniya,Cribbs,UNRESOLVED (-1),2025-26,,,,
15405,DeJaria,Lewis,UNRESOLVED (-1),2025-26,,,,
15406,Ceara,Myers,UNRESOLVED (-1),2025-26,,,,
15407,Beautiful,Curry,UNRESOLVED (-1),2025-26,,,,
15408,Cmaille,Files,UNRESOLVED (-1),2025-26,,,,
15409,Anteresa,Dickson,UNRESOLVED (-1),2025-26,,,,
15410,Ja'Kalynn,McGinnis,UNRESOLVED (-1),2025-26,,,,
15411,Mya,Millner,Fort Valley State,2025-26,https://fvsusports.com/sports/womens-basketball/stats/2025-26,,,
15412,Shannon,Niles,Fort Valley State,2025-26,https://fvsusports.com/sports/womens-basketball/stats/2025-26,,,
15413,Samarian,Franklin,Fort Valley State,2025-26,https://fvsusports.com/sports/womens-basketball/stats/2025-26,,,
15414,Madison,Lee,Fort Valley State,2025-26,https://fvsusports.com/sports/womens-basketball/stats/2025-26,,,
15415,Jayln,Shelby,Fort Valley State,2025-26,https://fvsusports.com/sports/womens-basketball/stats/2025-26,,,
15416,Laila,Minter,Fort Valley State,2025-26,https://fvsusports.com/sports/womens-basketball/stats/2025-26,,,
15417,Jaylen,Pleasant,Fort Valley State,2025-26,https://fvsusports.com/sports/womens-basketball/stats/2025-26,,,
15418,Gabrielle,Pass,Fort Valley State,2025-26,https://fvsusports.com/sports/womens-basketball/stats/2025-26,,,
15419,Shamar,Hamlett,LeMoyne-Owen,2025-26,https://athletics.loc.edu/sports/womens-basketball/stats/2025-26,,,
15429,Danae,Powell,Fresno State,2025-26,,,,
15430,Jaisa,Gamble,Fresno State,2025-26,,,,
15431,Djessira,Diawara,Fresno State,2025-26,,,,
15432,Ashlyn,Rean,Fresno State,2025-26,,,,
15433,Ava,Marr,Fresno State,2025-26,,,,
15434,Avery,Watkins,Fresno State,2025-26,,,,
15435,Hedda,Koehne,Fresno State,2025-26,,,,
15436,Aloni,Oliver,Fresno State,2025-26,,,,
15437,Morelia,Chavez,Fresno State,2025-26,,,,
15440,Mikayla,Smith,West Virginia State,2025-26,https://wvsuyellowjackets.com/sports/womens-basketball/stats/2025-26,,,
15441,Laia,Santanach Fita,Charleston (WV),2025-26,https://ucgoldeneagles.com/sports/womens-basketball/stats/2025-26,,,
15457,Carmen,Cabello-River,Emmanuel (GA),2025-26,https://goeulions.com/sports/womens-basketball/stats/2025-26,,,
15461,Alexandria,Berk,UNRESOLVED (-1),2025-26,,,,
15472,Laura,Mitchell-Walth,Columbus State,2025-26,https://csucougars.com/sports/womens-basketball/stats/2025-26,,,
15474,Maiya,Petit,UNRESOLVED (-1),2025-26,,,,
15475,Takayla,Davis,UNRESOLVED (-1),2025-26,,,,
15476,Kouraje,Johnson,UNRESOLVED (-1),2025-26,,,,
15477,Kintaeja,Ling,UNRESOLVED (-1),2025-26,,,,
15478,Kindal,Glanton,UNRESOLVED (-1),2025-26,,,,
15479,Nina,Solomon,UNRESOLVED (-1),2025-26,,,,
15480,Esther,Joseph,UNRESOLVED (-1),2025-26,,,,
15481,Yadira,Marshall,UNRESOLVED (-1),2025-26,,,,
15482,Alicia,Loesch,UNRESOLVED (-1),2025-26,,,,
15490,Martina,Howe,Glenville State,2025-26,https://gstatepioneers.com/sports/womens-basketball/stats/2025-26,,,
15500,Jera,Cotten,UNRESOLVED (-1),2025-26,,,,
15501,Chioma,Emeh,UNRESOLVED (-1),2025-26,,,,
15502,Lex,Foster,UNRESOLVED (-1),2025-26,,,,
15503,Gigi,Waddell,UNRESOLVED (-1),2025-26,,,,
15504,Nailah,Zetrenne,UNRESOLVED (-1),2025-26,,,,
15505,Quren,Santiago,UNRESOLVED (-1),2025-26,,,,
15506,Evelyn,Alcantar,UNRESOLVED (-1),2025-26,,,,
15507,Unique,McBride,UNRESOLVED (-1),2025-26,,,,
15508,Demetria,Smith,UNRESOLVED (-1),2025-26,,,,
15509,Noura,Aboutaleb,UNRESOLVED (-1),2025-26,,,,
15510,Ashley,Daniel,UNRESOLVED (-1),2025-26,,,,
15516,Alanis,Ventura,UNRESOLVED (-1),2025-26,,,,
15518,Deyaneira,Rivera,UNRESOLVED (-1),2025-26,,,,
15519,Andrea,Gonzalez,UNRESOLVED (-1),2025-26,,,,
15525,Dayra,Albaladejo,UNRESOLVED (-1),2025-26,,,,
15542,Tykara,Harrison,UNRESOLVED (-1),2025-26,,,,
15543,Le'lani,Harris,UNRESOLVED (-1),2025-26,,,,
15544,Symone,Harrell,UNRESOLVED (-1),2025-26,,,,
15545,Laurelei,Thormeyer,UNRESOLVED (-1),2025-26,,,,
15546,Mariah,Pates,UNRESOLVED (-1),2025-26,,,,
15547,Coryn,Fromm,UNRESOLVED (-1),2025-26,,,,
15548,Keijah,Gray,UNRESOLVED (-1),2025-26,,,,
15549,Jorja,Bolton,UNRESOLVED (-1),2025-26,,,,
15550,Gabi,Bednar,UNRESOLVED (-1),2025-26,,,,
15551,Baylei,Johnson,UNRESOLVED (-1),2025-26,,,,
15552,Abby,Shepard,UNRESOLVED (-1),2025-26,,,,
15557,Caityln,Rodriguez,Virginia State,2025-26,https://govsutrojans.com/sports/womens-basketball/stats/2025-26,,,
15558,Alyssa,Laukus,UNRESOLVED (-1),2025-26,,,,
15559,Madison,Nereu,UNRESOLVED (-1),2025-26,,,,
15560,Hannah,Chenault,UNRESOLVED (-1),2025-26,,,,
15561,Maria,Barela,UNRESOLVED (-1),2025-26,,,,
15562,Jordyn,Jensen,UNRESOLVED (-1),2025-26,,,,
15563,JaKaia,Lotz,UNRESOLVED (-1),2025-26,,,,
15564,Erin,Dixon,UNRESOLVED (-1),2025-26,,,,
15565,Emily,Venick,UNRESOLVED (-1),2025-26,,,,
15566,Erica,Olszewski,UNRESOLVED (-1),2025-26,,,,
15567,Reese,Kresslein,UNRESOLVED (-1),2025-26,,,,
15568,Hannah,Stephanites,UNRESOLVED (-1),2025-26,,,,
15569,Kristin,Szymusiak,UNRESOLVED (-1),2025-26,,,,
15570,Kyla,Glasser-Hyman,West Chester,2025-26,https://wcupagoldenrams.com/sports/womens-basketball/stats/2025-26,,,
15575,Willow,Thiel,Jamestown,2025-26,https://jimmiepride.com/sports/womens-basketball/stats/2025-26,,,
15576,J'ell,Garfield,UNRESOLVED (-1),2025-26,,,,
15577,Kaylin,Garza,UNRESOLVED (-1),2025-26,,,,
15578,Allie,Kohn,UNRESOLVED (-1),2025-26,,,,
15579,Jada,Clarkson,UNRESOLVED (-1),2025-26,,,,
15580,Brae,Eneboe,UNRESOLVED (-1),2025-26,,,,
15581,Kyrie,Alldredge,UNRESOLVED (-1),2025-26,,,,
15582,Makena,Hauge,UNRESOLVED (-1),2025-26,,,,
15583,Dylan,Stedillie,UNRESOLVED (-1),2025-26,,,,
15584,Ava,Robinson,UNRESOLVED (-1),2025-26,,,,
15585,Sandie,Friday,UNRESOLVED (-1),2025-26,,,,
15586,Karson,Tempel,UNRESOLVED (-1),2025-26,,,,
15587,Kennedy,Stormer,UNRESOLVED (-1),2025-26,,,,
15588,Natalie,DeCoteau,UNRESOLVED (-1),2025-26,,,,
15589,Jayden,Wiest,UNRESOLVED (-1),2025-26,,,,
15590,Aleah,McPherson,UNRESOLVED (-1),2025-26,,,,
15591,Piper,Harris,UNRESOLVED (-1),2025-26,,,,
15592,Ashley,Martodam,UNRESOLVED (-1),2025-26,,,,
15593,Harper,Harris,UNRESOLVED (-1),2025-26,,,,
15594,Alionna,Lawrence,UNRESOLVED (-1),2025-26,,,,
15595,Kali,Dauenhauer,UNRESOLVED (-1),2025-26,,,,
15596,Mariah,Buffalo-Halfred,UNRESOLVED (-1),2025-26,,,,
15597,Kennedy,Harter,UNRESOLVED (-1),2025-26,,,,
15598,Brynnlee,Murdock,UNRESOLVED (-1),2025-26,,,,
15599,Thomiah,Poor Bear,UNRESOLVED (-1),2025-26,,,,
15600,Adeia,Erickson,UNRESOLVED (-1),2025-26,,,,
15618,Ashley,Dickey,UNRESOLVED (-1),2025-26,,,,
15619,Lauren,Smith,UNRESOLVED (-1),2025-26,,,,
15620,Taya,Totten,UNRESOLVED (-1),2025-26,,,,
15621,Silkiari,Vazquez-Troche,UNRESOLVED (-1),2025-26,,,,
15622,Ramie,Reid,UNRESOLVED (-1),2025-26,,,,
15623,Abbilyn,Teter,UNRESOLVED (-1),2025-26,,,,
15624,Mia,Jones,UNRESOLVED (-1),2025-26,,,,
15625,Marypaz,Martinez,UNRESOLVED (-1),2025-26,,,,
15626,Mary Claire,Pike,UNRESOLVED (-1),2025-26,,,,
15627,Debrionna,Jones,UNRESOLVED (-1),2025-26,,,,
15628,Emma,Bryant,UNRESOLVED (-1),2025-26,,,,
15629,Haohao,Zhang,UNRESOLVED (-1),2025-26,,,,
15631,Alexis,Taylor,UNRESOLVED (-1),2025-26,,,,
15632,A'Lyrica,Hughes,UNRESOLVED (-1),2025-26,,,,
15633,Trinity,Johnson,UNRESOLVED (-1),2025-26,,,,
15634,Alexys,Moore,UNRESOLVED (-1),2025-26,,,,
15635,Jermyra,Christian,UNRESOLVED (-1),2025-26,,,,
15636,Paige,Medley,UNRESOLVED (-1),2025-26,,,,
15637,Kiera,Couch,UNRESOLVED (-1),2025-26,,,,
15638,Aleah,Arlinghaus,UNRESOLVED (-1),2025-26,,,,
15639,Morgan,Cross,UNRESOLVED (-1),2025-26,,,,
15640,Jenna,Phelps,UNRESOLVED (-1),2025-26,,,,
15641,Annabelle,Babb,UNRESOLVED (-1),2025-26,,,,
15642,Lauren,Walton,UNRESOLVED (-1),2025-26,,,,
15643,Kristen,Whited,UNRESOLVED (-1),2025-26,,,,
15644,Maddie,Nipper,UNRESOLVED (-1),2025-26,,,,
15645,Heleina,John,UNRESOLVED (-1),2025-26,,,,
15646,Taryn,Morris,UNRESOLVED (-1),2025-26,,,,
15647,Grace,Stapleton,UNRESOLVED (-1),2025-26,,,,
15648,Jesse,Ledgerwood,UNRESOLVED (-1),2025-26,,,,
15649,Linzie,Wernert,UNRESOLVED (-1),2025-26,,,,
15651,Skyler,Mills,UNRESOLVED (-1),2025-26,,,,
15652,Taylor,Treat,UNRESOLVED (-1),2025-26,,,,
15653,Morgan,Roberts,UNRESOLVED (-1),2025-26,,,,
15654,Jericho,Hopper,UNRESOLVED (-1),2025-26,,,,
15655,Taylor,Turpin,UNRESOLVED (-1),2025-26,,,,
15656,Addison,Foley,UNRESOLVED (-1),2025-26,,,,
15657,Carley,Higgins,UNRESOLVED (-1),2025-26,,,,
15676,Le'Aije,Ellington,King,2025-26,https://www.kingtornado.com/sports/womens-basketball/stats/2025-26,,,
15677,Raven,Addison,King,2025-26,https://www.kingtornado.com/sports/womens-basketball/stats/2025-26,,,
15679,Jaida,Fitzgerald,UNRESOLVED (-1),2025-26,,,,
15680,Laila,Lowery,UNRESOLVED (-1),2025-26,,,,
15682,Daniela,López,UNRESOLVED (-1),2025-26,,,,
15683,Gemma,Grüttner Bacoul,UNRESOLVED (-1),2025-26,,,,
15686,Serena,Jones,UNRESOLVED (-1),2025-26,,,,
15687,Alli,Crockett,UNRESOLVED (-1),2025-26,,,,
15688,Mikayla,Johnson,UNRESOLVED (-1),2025-26,,,,
15689,Noy,Halimi,UNRESOLVED (-1),2025-26,,,,
15690,Makayla,Pass,UNRESOLVED (-1),2025-26,,,,
15691,Katelyn,Otto,UNRESOLVED (-1),2025-26,,,,
15692,Ava,Novak,UNRESOLVED (-1),2025-26,,,,
15693,Tayla,Jones,UNRESOLVED (-1),2025-26,,,,
15694,Megan,Hauser,UNRESOLVED (-1),2025-26,,,,
15695,Teresa,Maggio,UNRESOLVED (-1),2025-26,,,,
15696,Nyshae',Weaver,UNRESOLVED (-1),2025-26,,,,
15697,Marin,Miller,UNRESOLVED (-1),2025-26,,,,
15698,Belle,Bosch,UNRESOLVED (-1),2025-26,,,,
15699,Ellie,Wilkerson,UNRESOLVED (-1),2025-26,,,,
15700,Ali,Hardwell,UNRESOLVED (-1),2025-26,,,,
15701,Madison,Zavasky,UNRESOLVED (-1),2025-26,,,,
15702,Bella,Peterson,UNRESOLVED (-1),2025-26,,,,
15703,Noami,Zulueta,UNRESOLVED (-1),2025-26,,,,
15704,Molly,Keane,UNRESOLVED (-1),2025-26,,,,
15705,Alexis,Buie,UNRESOLVED (-1),2025-26,,,,
15706,Bri,Claxon,UNRESOLVED (-1),2025-26,,,,
15707,Jordan,Popyk,UNRESOLVED (-1),2025-26,,,,
15708,Maddy,Wheatley,UNRESOLVED (-1),2025-26,,,,
15709,Kate,Ratliff,UNRESOLVED (-1),2025-26,,,,
15710,Tori,Mayes,UNRESOLVED (-1),2025-26,,,,
15711,Bella,Deere,UNRESOLVED (-1),2025-26,,,,
15712,Olivia,Pepple,UNRESOLVED (-1),2025-26,,,,
15713,Mia,Slater,UNRESOLVED (-1),2025-26,,,,
15714,Olivia,Cernuto,UNRESOLVED (-1),2025-26,,,,
15715,Lauren,Kingsley,UNRESOLVED (-1),2025-26,,,,
15716,Taylor,Ethridge,UNRESOLVED (-1),2025-26,,,,
15741,Kadence,Stoner,UNRESOLVED (-1),2025-26,,,,
15742,Ella,Tharpe,UNRESOLVED (-1),2025-26,,,,
15743,Emily,Wilson,UNRESOLVED (-1),2025-26,,,,
15744,Ella,Haney,UNRESOLVED (-1),2025-26,,,,
15745,Braxton,Fritz,UNRESOLVED (-1),2025-26,,,,
15746,Chloe,Powell,UNRESOLVED (-1),2025-26,,,,
15747,Halle,Kitchen,UNRESOLVED (-1),2025-26,,,,
15748,Emily,Allen,UNRESOLVED (-1),2025-26,,,,
15749,Charla,Young,UNRESOLVED (-1),2025-26,,,,
15750,Niles,Daniel,UNRESOLVED (-1),2025-26,,,,
15751,Leighan,Jackson,UNRESOLVED (-1),2025-26,,,,
15752,Maddie,Galuski,UNRESOLVED (-1),2025-26,,,,
15753,Tinsley,Walker,UNRESOLVED (-1),2025-26,,,,
15754,Cassidy,Andry,UNRESOLVED (-1),2025-26,,,,
15755,Victoria,Wright,UNRESOLVED (-1),2025-26,,,,
15756,Konner,Hutson,UNRESOLVED (-1),2025-26,,,,
15757,Bella,Tetterton,UNRESOLVED (-1),2025-26,,,,
15758,Catalina,Ion,UNRESOLVED (-1),2025-26,,,,
15759,Julia,Howard,UNRESOLVED (-1),2025-26,,,,
15760,Talley,Lawson,UNRESOLVED (-1),2025-26,,,,
15761,Leslie,Hames,UNRESOLVED (-1),2025-26,,,,
15762,Camryn,Brown,UNRESOLVED (-1),2025-26,,,,
15763,Sloan,Carpenter,UNRESOLVED (-1),2025-26,,,,
15764,Jordan,White,UNRESOLVED (-1),2025-26,,,,
15765,Grace,Phillips,UNRESOLVED (-1),2025-26,,,,
15766,Ella,Canter,UNRESOLVED (-1),2025-26,,,,
15767,Courtney,Berry,UNRESOLVED (-1),2025-26,,,,
15768,Alexis,Kranz,UNRESOLVED (-1),2025-26,,,,
15769,Jalaya,Lindsey,UNRESOLVED (-1),2025-26,,,,
15770,Aubrey,Long,UNRESOLVED (-1),2025-26,,,,
15772,Shamari,Hamlett,LeMoyne-Owen,2025-26,https://athletics.loc.edu/sports/womens-basketball/stats/2025-26,,,
15773,Miracle,Thomas,UNRESOLVED (-1),2025-26,,,,
15774,Samya,Johnson,UNRESOLVED (-1),2025-26,,,,
15775,Sidney,Townsend,UNRESOLVED (-1),2025-26,,,,
15776,Ashlyn,Kimble,UNRESOLVED (-1),2025-26,,,,
15777,Jade,Myles,UNRESOLVED (-1),2025-26,,,,
15778,Omoiye,Jordan,UNRESOLVED (-1),2025-26,,,,
15779,Isis,Isom,UNRESOLVED (-1),2025-26,,,,
15780,Dasia,Turner,UNRESOLVED (-1),2025-26,,,,
15781,Siaderiel,OIiver,UNRESOLVED (-1),2025-26,,,,
15782,Ari,Winston,UNRESOLVED (-1),2025-26,,,,
15783,Kiara,Howard,UNRESOLVED (-1),2025-26,,,,
15784,D'Mya,Ferguson,UNRESOLVED (-1),2025-26,,,,
15785,Davielis,Berroa,UNRESOLVED (-1),2025-26,,,,
15786,Faith,Alessandra,UNRESOLVED (-1),2025-26,,,,
15787,Azaria,Knox,UNRESOLVED (-1),2025-26,,,,
15788,Kayla,Terry,UNRESOLVED (-1),2025-26,,,,
15793,,,UNRESOLVED (-1),2025-26,,,,
15797,Abbi,Dykstra,UNRESOLVED (-1),2025-26,,,,
15798,Ai,Yonemura,UNRESOLVED (-1),2025-26,,,,
15799,Hannah,Lopez,UNRESOLVED (-1),2025-26,,,,
15800,Sophia,Pedraza,UNRESOLVED (-1),2025-26,,,,
15801,Naveya,Jackson,UNRESOLVED (-1),2025-26,,,,
15802,Kira,Holliday,UNRESOLVED (-1),2025-26,,,,
15803,Linley,Southern,UNRESOLVED (-1),2025-26,,,,
15804,Abby,Kulig,UNRESOLVED (-1),2025-26,,,,
15805,Jocelyn,Chammas,UNRESOLVED (-1),2025-26,,,,
15809,Anjelle,Kerr,Lincoln (MO),2025-26,https://lubluetigers.com/sports/womens-basketball/stats/2025-26,,,
15810,Jaila,Harding,Wichita State,2025-26,,,,
15811,Abby,Cater,Wichita State,2025-26,,,,
15812,Bre'Yon,White,Wichita State,2025-26,,,,
15813,Taya,Davis,Wichita State,2025-26,,,,
15814,Cheyenne,Banks,Wichita State,2025-26,,,,
15815,Sophie,Benharouga,Wichita State,2025-26,,,,
15816,Jaida,Mcdonald,Wichita State,2025-26,,,,
15817,Maimouna,Sissoko,Wichita State,2025-26,,,,
15818,Kyleigh,Ortiz,Wichita State,2025-26,,,,
15819,Diamond,Richardson,Wichita State,2025-26,,,,
15820,Azjah,Reeves,Wichita State,2025-26,,,,
15821,Fiona,Diomande,Wichita State,2025-26,,,,
15823,Ona,Dauphinais,UNRESOLVED (-1),2025-26,,,,
15824,Ivy,Fox,UNRESOLVED (-1),2025-26,,,,
15825,Tierzah,Penn,UNRESOLVED (-1),2025-26,,,,
15826,Angela,Astorga,UNRESOLVED (-1),2025-26,,,,
15827,Jayla,Flient,UNRESOLVED (-1),2025-26,,,,
15828,Allie,Greene,UNRESOLVED (-1),2025-26,,,,
15829,Chehlis,Aleck,UNRESOLVED (-1),2025-26,,,,
15830,Lish,Spoonhunter,UNRESOLVED (-1),2025-26,,,,
15831,Ciahna,Oatman,UNRESOLVED (-1),2025-26,,,,
15832,Alana,Stephens,UNRESOLVED (-1),2025-26,,,,
15833,Bree,Johnson,UNRESOLVED (-1),2025-26,,,,
15834,Cailynn,Dilosa,UNRESOLVED (-1),2025-26,,,,
15835,Alivia,Montgomery,UNRESOLVED (-1),2025-26,,,,
15836,J'Lessa,Jordan,UNRESOLVED (-1),2025-26,,,,
15837,Jayla,Jackson,UNRESOLVED (-1),2025-26,,,,
15838,Jayla,Dixon,UNRESOLVED (-1),2025-26,,,,
15839,Marchi,Hunter,UNRESOLVED (-1),2025-26,,,,
15840,Janiya,Brown,UNRESOLVED (-1),2025-26,,,,
15841,Janiya,Jones,UNRESOLVED (-1),2025-26,,,,
15842,Carlota,Aliaga Alonso,Southwest Baptist,2025-26,https://www.sbubearcats.com/sports/womens-basketball/stats/2025-26,FWD,,JR
15848,T,McLaren,Illinois Springfield,2025-26,https://uisprairiestars.com/sports/womens-basketball/stats/2025-26,,,
15858,Ja'Nisha,Caldwell,UNRESOLVED (-1),2025-26,,,,
15859,Maria,Beltran,UNRESOLVED (-1),2025-26,,,,
15860,Kaylan,Logan,UNRESOLVED (-1),2025-26,,,,
15861,Samantha,Soto,UNRESOLVED (-1),2025-26,,,,
15862,Celeste,Bailey,UNRESOLVED (-1),2025-26,,,,
15863,Layne,Sleight,UNRESOLVED (-1),2025-26,,,,
15864,Leah,Hampton,UNRESOLVED (-1),2025-26,,,,
15865,Lauren,Mingo,UNRESOLVED (-1),2025-26,,,,
15866,Dasani,Williamson,UNRESOLVED (-1),2025-26,,,,
15867,Lauren,Farrell,UNRESOLVED (-1),2025-26,,,,
15868,MaKayla,Noble,UNRESOLVED (-1),2025-26,,,,
15869,Cyntiah,Braden,UNRESOLVED (-1),2025-26,,,,
15870,Jahriell,Murchison,UNRESOLVED (-1),2025-26,,,,
15871,T.,Eichelberger,Fayetteville State,2025-26,https://fsubroncos.com/sports/womens-basketball/stats/2025-26,,,
15872,Nevah,Colon,Fayetteville State,2025-26,https://fsubroncos.com/sports/womens-basketball/stats/2025-26,,,
15873,Ashari,Lewis,UNRESOLVED (-1),2025-26,,,,
15874,Tyra,Floyd,UNRESOLVED (-1),2025-26,,,,
15875,Yvette,Sandifer,UNRESOLVED (-1),2025-26,,,,
15876,Olivia,Randolph,UNRESOLVED (-1),2025-26,,,,
15877,Ariel,Lucas,UNRESOLVED (-1),2025-26,,,,
15878,Ryian,Howard,UNRESOLVED (-1),2025-26,,,,
15879,Makaliah,Davis,UNRESOLVED (-1),2025-26,,,,
15880,Kennedy,Rivers,UNRESOLVED (-1),2025-26,,,,
15881,Emaree,Hinton,UNRESOLVED (-1),2025-26,,,,
15882,Aveion,Walker,UNRESOLVED (-1),2025-26,,,,
15883,Zhaire,Mack,UNRESOLVED (-1),2025-26,,,,
15884,Adrianna,Lopez,Shaw (NC),2025-26,https://shawbears.com/sports/womens-basketball/stats/2025-26,,,
15885,Maebry,Shields,UNRESOLVED (-1),2025-26,,,,
15889,Shailyn,Woodson,UNRESOLVED (-1),2025-26,,,,
15890,Mei-Lin,Calliste,UNRESOLVED (-1),2025-26,,,,
15891,Sabrei,Halsey,UNRESOLVED (-1),2025-26,,,,
15892,Saniya,Moreau,UNRESOLVED (-1),2025-26,,,,
15893,Me-Lin,Caliste,UNRESOLVED (-1),2025-26,,,,
15894,Dasia,Edmond,UNRESOLVED (-1),2025-26,,,,
15895,Krysta,Gonzalez,UNRESOLVED (-1),2025-26,,,,
15896,Zanya,Berrien,UNRESOLVED (-1),2025-26,,,,
15897,Karen,V,UNRESOLVED (-1),2025-26,,,,
15928,Jacie,Persing,McKendree,2025-26,https://mckbearcats.com/sports/womens-basketball/stats/2025-26,,,
15929,Armani,Bingham,UNRESOLVED (-1),2025-26,,,,
15932,Railynn,Brown,UNRESOLVED (-1),2025-26,,,,
15933,Sierra,Garcia-Reisch,UNRESOLVED (-1),2025-26,,,,
15934,Allysa,Taylor,UNRESOLVED (-1),2025-26,,,,
15935,Miracle,Armstrong,UNRESOLVED (-1),2025-26,,,,
15936,Brooklyn,Bowman,UNRESOLVED (-1),2025-26,,,,
15937,Courtney,Hart,UNRESOLVED (-1),2025-26,,,,
15938,Kenna,Newton,UNRESOLVED (-1),2025-26,,,,
15939,Abigail,Martinez,UNRESOLVED (-1),2025-26,,,,
15940,Daniesha,Oliver,UNRESOLVED (-1),2025-26,,,,
15942,Sarah,Reuter,UNRESOLVED (-1),2025-26,,,,
15943,Claire,Galbo,UNRESOLVED (-1),2025-26,,,,
15944,Emilie,Ngo,UNRESOLVED (-1),2025-26,,,,
15945,Alyssa,Jackson,UNRESOLVED (-1),2025-26,,,,
15946,Danielle,Tyner,UNRESOLVED (-1),2025-26,,,,
15947,Bria,Tate,UNRESOLVED (-1),2025-26,,,,
15948,Lia,Papador,UNRESOLVED (-1),2025-26,,,,
15963,Victoria,Baker,Denver,2025-26,,,,
15964,Alexa,Pletschette,Denver,2025-26,,,,
15965,Natalia,Fanjul Mardones,Denver,2025-26,,,,
15966,Jasmine,Holloway,UNRESOLVED (-1),2025-26,,,,
15967,Tahlia,Morris,UNRESOLVED (-1),2025-26,,,,
15968,Macayla,Hines,UNRESOLVED (-1),2025-26,,,,
15969,Mackenzie,Lovett,UNRESOLVED (-1),2025-26,,,,
15970,Ca'Mya,Burns,UNRESOLVED (-1),2025-26,,,,
15971,Nekayla,Williams,UNRESOLVED (-1),2025-26,,,,
15972,Elayna,Wegner,UNRESOLVED (-1),2025-26,,,,
15973,Madison,Ellis,UNRESOLVED (-1),2025-26,,,,
15974,Tatum,Milenski,UNRESOLVED (-1),2025-26,,,,
15978,Kencia,Levasseur,Roosevelt,2025-26,https://rooseveltlakers.com/sports/womens-basketball/stats/2025-26,,,
15994,Briann,Warehime,Midwestern State,2025-26,https://msumustangs.com/sports/womens-basketball/stats/2025-26,,,
15995,Sophia,Fisher,UNRESOLVED (-1),2025-26,,,,
15996,Kayden,Riley,UNRESOLVED (-1),2025-26,,,,
15997,Abigail,Ramos,UNRESOLVED (-1),2025-26,,,,
15998,Lyric,Smith,UNRESOLVED (-1),2025-26,,,,
15999,Khalaizah,Martin,UNRESOLVED (-1),2025-26,,,,
16000,Ke'Liyah,Anderson,UNRESOLVED (-1),2025-26,,,,
16001,ShanDrea,Yeldell,UNRESOLVED (-1),2025-26,,,,
16002,Kayln,Minor,UNRESOLVED (-1),2025-26,,,,
16003,Sanaa,Murphy-Showers,UNRESOLVED (-1),2025-26,,,,
16004,Allysa,Pendley,UNRESOLVED (-1),2025-26,,,,
16005,De'Asia,Johnson,UNRESOLVED (-1),2025-26,,,,
16006,Channing,Beauvais,UNRESOLVED (-1),2025-26,,,,
16008,Linoska,Ortega,Sacred Heart,2025-26,,,,
16009,Kiary,Cosme,Sacred Heart,2025-26,,,,
16010,Mirelys,Ramirez,Sacred Heart,2025-26,,,,
16011,Genesis,Berrios,Sacred Heart,2025-26,,,,
16012,Keysha,Rivera,Sacred Heart,2025-26,,,,
16013,Wigdalimarie,Cordova,Sacred Heart,2025-26,,,,
16014,Darielis,Morales,Sacred Heart,2025-26,,,,
16015,Celian,De Jesus,Sacred Heart,2025-26,,,,
16016,Ariana,Seda,Sacred Heart,2025-26,,,,
16017,Jonelis,Carpio,Sacred Heart,2025-26,,,,
16020,Shunqeisha,Bobo,LeMoyne-Owen,2025-26,https://athletics.loc.edu/sports/womens-basketball/stats/2025-26,,,
16058,Kyla,Overskei,UNRESOLVED (-1),2025-26,,,,
16059,Reanna,Hutchinson,UNRESOLVED (-1),2025-26,,,,
16060,Delaney,Nyenhuis,UNRESOLVED (-1),2025-26,,,,
16061,Olivia,Witkowski,UNRESOLVED (-1),2025-26,,,,
16062,Britta,DeMar,UNRESOLVED (-1),2025-26,,,,
16063,Reese,Grimm,UNRESOLVED (-1),2025-26,,,,
16064,Kailey,Tulachka,UNRESOLVED (-1),2025-26,,,,
16065,Emily,Vogel,UNRESOLVED (-1),2025-26,,,,
16066,Macie,Miller,UNRESOLVED (-1),2025-26,,,,
16067,Emma,Donovan,UNRESOLVED (-1),2025-26,,,,
16068,Sydney,Subke,UNRESOLVED (-1),2025-26,,,,
16069,Karsyn,Bauman,UNRESOLVED (-1),2025-26,,,,
16070,Paige,Keller,UNRESOLVED (-1),2025-26,,,,
16071,Marin,Wilson,UNRESOLVED (-1),2025-26,,,,
16072,Sophie,Hafeman,UNRESOLVED (-1),2025-26,,,,
16073,Kate,Roeber,UNRESOLVED (-1),2025-26,,,,
16074,Kasey,Stelpflug,UNRESOLVED (-1),2025-26,,,,
16075,Abby,Bloch,UNRESOLVED (-1),2025-26,,,,
16098,Gabrielle,Burrus,UNRESOLVED (-1),2025-26,,,,
16099,Andrea,Aragon,UNRESOLVED (-1),2025-26,,,,
16100,AuShae,Farris,UNRESOLVED (-1),2025-26,,,,
16101,Ellaina,LaNear,UNRESOLVED (-1),2025-26,,,,
16102,Sydney,Stumpf,UNRESOLVED (-1),2025-26,,,,
16103,Sadie,Hubbard,UNRESOLVED (-1),2025-26,,,,
16104,Makenzie,Haynes,UNRESOLVED (-1),2025-26,,,,
16105,Navaeh,Sanchez,UNRESOLVED (-1),2025-26,,,,
16106,Karol,Key,UNRESOLVED (-1),2025-26,,,,
16107,Riley,Essenpries,UNRESOLVED (-1),2025-26,,,,
16108,Halle,Richmond,UNRESOLVED (-1),2025-26,,,,
16109,Julissa,Carroll,UNRESOLVED (-1),2025-26,,,,
16110,Madison,Stovall,UNRESOLVED (-1),2025-26,,,,
16111,Zaneiya,Batiste,UNRESOLVED (-1),2025-26,,,,
16112,Gabby,Douglass,UNRESOLVED (-1),2025-26,,,,
16113,Brooke,McNeal,UNRESOLVED (-1),2025-26,,,,
16114,Nicole,Hollowell,UNRESOLVED (-1),2025-26,,,,
16115,Ma’Kaylia,Lute,UNRESOLVED (-1),2025-26,,,,
16116,Brianna,Bauer,UNRESOLVED (-1),2025-26,,,,
16117,Deonte'nae,Neal,UNRESOLVED (-1),2025-26,,,,
16118,Timarri,Miller,UNRESOLVED (-1),2025-26,,,,
16119,Zuri,King,UNRESOLVED (-1),2025-26,,,,
16144,Sandra,Frau-Garcia,Stony Brook,2025-26,,,,
16145,Kylie,Mullholland,UNRESOLVED (-1),2025-26,,,,
16162,Hadley,Humphreys,UNRESOLVED (-1),2025-26,,,,
16163,Halle,Haber,UNRESOLVED (-1),2025-26,,,,
16164,Liv,Wangerin,UNRESOLVED (-1),2025-26,,,,
16165,Rachel,Van Blaricom,UNRESOLVED (-1),2025-26,,,,
16166,Avery,Carlson,UNRESOLVED (-1),2025-26,,,,
16167,Brooke,Badovinac,UNRESOLVED (-1),2025-26,,,,
16168,Hallie,Neibauer,UNRESOLVED (-1),2025-26,,,,
16169,Olivia,Nielson,UNRESOLVED (-1),2025-26,,,,
16170,Izzy,Arave,UNRESOLVED (-1),2025-26,,,,
16171,Kylie,Konen,UNRESOLVED (-1),2025-26,,,,
16172,Terryn,Chirrick,UNRESOLVED (-1),2025-26,,,,
16173,Kameryn,Ketcham,UNRESOLVED (-1),2025-26,,,,
16174,Selene,Morrell,UNRESOLVED (-1),2025-26,,,,
16175,Ciera,Agasiva,UNRESOLVED (-1),2025-26,,,,
16176,Canzas,HisBadHorse,UNRESOLVED (-1),2025-26,,,,
16177,Taya,Trottier,UNRESOLVED (-1),2025-26,,,,
16178,Lauren,Gunn,UNRESOLVED (-1),2025-26,,,,
16179,Becky,Melcher,UNRESOLVED (-1),2025-26,,,,
16180,L'Tia,Lawrence,UNRESOLVED (-1),2025-26,,,,
16181,Addie,Kiefer,UNRESOLVED (-1),2025-26,,,,
16182,Lynnea,Moran,UNRESOLVED (-1),2025-26,,,,
16183,Maddie,Williamson,UNRESOLVED (-1),2025-26,,,,
16184,Madi,King,UNRESOLVED (-1),2025-26,,,,
16185,Willa,Albrecht,UNRESOLVED (-1),2025-26,,,,
16186,Kenzie,Allen,UNRESOLVED (-1),2025-26,,,,
16187,Kennedi,Niemann,UNRESOLVED (-1),2025-26,,,,
16188,Isabelle,Erickson,UNRESOLVED (-1),2025-26,,,,
16189,Meagan,Karstetter,UNRESOLVED (-1),2025-26,,,,
16190,Jillian,Kanduch,UNRESOLVED (-1),2025-26,,,,
16191,Avery,Kraft,UNRESOLVED (-1),2025-26,,,,
16192,Gracie,Millimen,UNRESOLVED (-1),2025-26,,,,
16193,Ava,Oakland,UNRESOLVED (-1),2025-26,,,,
16194,Sadie,Smith,UNRESOLVED (-1),2025-26,,,,
16195,Halle,Fitzgerald,UNRESOLVED (-1),2025-26,,,,
16196,Brenna,Linse,UNRESOLVED (-1),2025-26,,,,
16197,Isabelle,Heggem,UNRESOLVED (-1),2025-26,,,,
16198,Jordan,Labrador-Hallett,UNRESOLVED (-1),2025-26,,,,
16199,Angie,Cavanaugh,UNRESOLVED (-1),2025-26,,,,
16200,Paige,Wasson,UNRESOLVED (-1),2025-26,,,,
16201,Lexy,Burnham,UNRESOLVED (-1),2025-26,,,,
16202,Gabriella,Biittner,UNRESOLVED (-1),2025-26,,,,
16203,Kiya,Foran,UNRESOLVED (-1),2025-26,,,,
16204,Tailyn,Black,UNRESOLVED (-1),2025-26,,,,
16205,Makenzie,Strachan,UNRESOLVED (-1),2025-26,,,,
16206,Isabella,Morris,UNRESOLVED (-1),2025-26,,,,
16207,Emma,Timm,UNRESOLVED (-1),2025-26,,,,
16208,Summer,Long,UNRESOLVED (-1),2025-26,,,,
16209,Zoe,Michelson,UNRESOLVED (-1),2025-26,,,,
16210,Nyomi,Heins,UNRESOLVED (-1),2025-26,,,,
16211,Chase,Wells-Creighton,UNRESOLVED (-1),2025-26,,,,
16212,Gaby,Power,UNRESOLVED (-1),2025-26,,,,
16213,Yar,Biar,UNRESOLVED (-1),2025-26,,,,
16214,Paighton,Kumson,UNRESOLVED (-1),2025-26,,,,
16215,Gianna,Gammie,UNRESOLVED (-1),2025-26,,,,
16216,Mylynn,Lewis,UNRESOLVED (-1),2025-26,,,,
16217,Gabby,Graves,UNRESOLVED (-1),2025-26,,,,
16218,Ava,Michelson,UNRESOLVED (-1),2025-26,,,,
16219,Angelina,Cavanaugh,UNRESOLVED (-1),2025-26,,,,
16220,Janelle,Taylor,UNRESOLVED (-1),2025-26,,,,
16221,Jordan,Labrador-Hall,UNRESOLVED (-1),2025-26,,,,
16222,Meela,Mitchell,UNRESOLVED (-1),2025-26,,,,
16223,Paige,Lethert,UNRESOLVED (-1),2025-26,,,,
16246,Destiny,Long,UNRESOLVED (-1),2025-26,,,,
16247,Najah,Ghani-Perryman,UNRESOLVED (-1),2025-26,,,,
16248,J'Maia,Norman,UNRESOLVED (-1),2025-26,,,,
16249,Haley,Smith,UNRESOLVED (-1),2025-26,,,,
16250,Annalee,Woodson,UNRESOLVED (-1),2025-26,,,,
16312,Lauren,Bell,North Carolina Pembroke,2025-26,https://uncpbraves.com/sports/womens-basketball/stats/2025-26,,,
16313,Quamiya,Ward,Clayton State,2025-26,https://claytonstatesports.com/sports/wbball/stats/2025-26,,,
16314,Emariah,Grant,UNRESOLVED (-1),2025-26,,,,
16315,Londaisha,Smith,Salem (WV),2025-26,https://salemtigers.com/sports/womens-basketball/stats/2025-26,,,
16316,Chloe,Van Dyke,UNRESOLVED (-1),2025-26,,,,
16317,Mackenzie,Franklin,UNRESOLVED (-1),2025-26,,,,
16318,Lana,Van Dyke,UNRESOLVED (-1),2025-26,,,,
16319,Audrey,Ekoue-Bla,UNRESOLVED (-1),2025-26,,,,
16320,McKinley,Brothers,UNRESOLVED (-1),2025-26,,,,
16321,Taylor,Collins,UNRESOLVED (-1),2025-26,,,,
16324,Faith,Hayward,UNRESOLVED (-1),2025-26,,,,
16325,Keely,Price,UNRESOLVED (-1),2025-26,,,,
16326,Jenna,Brooks,UNRESOLVED (-1),2025-26,,,,
16327,Caitlyn,Dickerson,UNRESOLVED (-1),2025-26,,,,
16328,Faith,McClary,UNRESOLVED (-1),2025-26,,,,
16329,Peyton,Teague,UNRESOLVED (-1),2025-26,,,,
16330,Imani,Pouncey,UNRESOLVED (-1),2025-26,,,,
16341,Anaya,Muhammad,UNRESOLVED (-1),2025-26,,,,
16342,Makiah,Thompson,UNRESOLVED (-1),2025-26,,,,
16343,Natalie,Pitts,UNRESOLVED (-1),2025-26,,,,
16344,Lauren,Wearbon,UNRESOLVED (-1),2025-26,,,,
16345,Shandrea,Pringle,UNRESOLVED (-1),2025-26,,,,
16346,Tameah,Gaddis,UNRESOLVED (-1),2025-26,,,,
16347,Ronni,Harper,UNRESOLVED (-1),2025-26,,,,
16348,Courtney,McClaney,UNRESOLVED (-1),2025-26,,,,
16349,Leanissa,Swinton,UNRESOLVED (-1),2025-26,,,,
16350,De'Asia,Feaster,UNRESOLVED (-1),2025-26,,,,
16351,Krislyn,Wilder,UNRESOLVED (-1),2025-26,,,,
16352,Cecilia,Burke,UNRESOLVED (-1),2025-26,,,,
16353,Jadah,O'Bryant,UNRESOLVED (-1),2025-26,,,,
16354,Addisyn,Whiteley,Northeastern State,2025-26,https://goriverhawksgo.com/sports/womens-basketball/stats/2025-26,,-,FR
16356,Faith,Lee,Missouri S&T,2025-26,https://minerathletics.com/sports/womens-basketball/stats/2025-26,,,
16357,Lainie,Douglas,Missouri S&T,2025-26,https://minerathletics.com/sports/womens-basketball/stats/2025-26,,,
16358,Cady,Pauley,Missouri S&T,2025-26,https://minerathletics.com/sports/womens-basketball/stats/2025-26,,,
16359,Kaemyn,Bekemeier,Missouri S&T,2025-26,https://minerathletics.com/sports/womens-basketball/stats/2025-26,,,
16360,Maycee,James,Missouri S&T,2025-26,https://minerathletics.com/sports/womens-basketball/stats/2025-26,,,
16361,Maiesha,Washington,Missouri S&T,2025-26,https://minerathletics.com/sports/womens-basketball/stats/2025-26,,,
16362,JaNyla,Bush,Missouri S&T,2025-26,https://minerathletics.com/sports/womens-basketball/stats/2025-26,,,
16363,Audrey,Hopkins,Missouri S&T,2025-26,https://minerathletics.com/sports/womens-basketball/stats/2025-26,,,
16364,Tyra,Robinson,Missouri S&T,2025-26,https://minerathletics.com/sports/womens-basketball/stats/2025-26,,,
16365,Victoria,Dixon,Missouri S&T,2025-26,https://minerathletics.com/sports/womens-basketball/stats/2025-26,,,
16366,Zoe,Canfield,Missouri S&T,2025-26,https://minerathletics.com/sports/womens-basketball/stats/2025-26,,,
16367,Kendal,Brueggen,Missouri S&T,2025-26,https://minerathletics.com/sports/womens-basketball/stats/2025-26,,,
16368,Angel,Scott,Missouri S&T,2025-26,https://minerathletics.com/sports/womens-basketball/stats/2025-26,,,
16369,Blake,O'Grady,Missouri S&T,2025-26,https://minerathletics.com/sports/womens-basketball/stats/2025-26,,,
16370,Aaliyah,Holmes,UNRESOLVED (-1),2025-26,,,,
16371,Kisa,Unruh,UNRESOLVED (-1),2025-26,,,,
16372,Hannah,Moss,UNRESOLVED (-1),2025-26,,,,
16373,CJ,Rignell,UNRESOLVED (-1),2025-26,,,,
16374,Celina,Eisenhardt,UNRESOLVED (-1),2025-26,,,,
16375,Emily,Acton,UNRESOLVED (-1),2025-26,,,,
16376,Chloe,Percy,UNRESOLVED (-1),2025-26,,,,
16377,Janae,Black-Harmon,UNRESOLVED (-1),2025-26,,,,
16378,Halle,Jones,UNRESOLVED (-1),2025-26,,,,
16379,Kylie,Dunn,UNRESOLVED (-1),2025-26,,,,
16380,Emily,Green,UNRESOLVED (-1),2025-26,,,,
16381,Jaden,Newfarmer,UNRESOLVED (-1),2025-26,,,,
16382,Tayten,Dewey,UNRESOLVED (-1),2025-26,,,,
16383,Zayda,Pearson,UNRESOLVED (-1),2025-26,,,,
16384,J'Myra,London,UNRESOLVED (-1),2025-26,,,,
16385,Ekko,Hopkins,UNRESOLVED (-1),2025-26,,,,
16386,Liz,Holland,UNRESOLVED (-1),2025-26,,,,
16417,Elyse,Hebrink,UNRESOLVED (-1),2025-26,,,,
16418,Cassidy,Shute,UNRESOLVED (-1),2025-26,,,,
16432,Ianara,Morbidoni,UNRESOLVED (-1),2025-26,,,,
16433,Oliviya,Tinoco,UNRESOLVED (-1),2025-26,,,,
16434,Angelique,Taylor,UNRESOLVED (-1),2025-26,,,,
16435,Nateonia,Russell,UNRESOLVED (-1),2025-26,,,,
16436,Sariah,Bradley,UNRESOLVED (-1),2025-26,,,,
16437,Sophia,Rodriguez,UNRESOLVED (-1),2025-26,,,,
16438,Bryanna,Griffiths,UNRESOLVED (-1),2025-26,,,,
16439,Kayla,Smolley,UNRESOLVED (-1),2025-26,,,,
16440,Brooklyn,Davis,UNRESOLVED (-1),2025-26,,,,
16441,Skye,Pepp,UNRESOLVED (-1),2025-26,,,,
16442,Taniya,Tease,Rogers State,2025-26,https://rsuhillcats.com/sports/womens-basketball/stats/2025-26,,,
16443,Gabby,Rose,UNRESOLVED (-1),2025-26,,,,
16444,Kennedy,Bryan,UNRESOLVED (-1),2025-26,,,,
16445,Rihanna,Blanchard,UNRESOLVED (-1),2025-26,,,,
16446,Kaylee,Heinen,UNRESOLVED (-1),2025-26,,,,
16447,Amaya,Barnes,UNRESOLVED (-1),2025-26,,,,
16448,Neveah,Leeks,UNRESOLVED (-1),2025-26,,,,
16449,Lauren,Berg,UNRESOLVED (-1),2025-26,,,,
16450,Corrine,Cole,UNRESOLVED (-1),2025-26,,,,
16451,Lydia,Cobler,UNRESOLVED (-1),2025-26,,,,
16452,Mari,Tease,UNRESOLVED (-1),2025-26,,,,
16453,Maddie,Wilbeck,UNRESOLVED (-1),2025-26,,,,
16454,Mariah,Dightman,UNRESOLVED (-1),2025-26,,,,
16455,Mary,Walker,UNRESOLVED (-1),2025-26,,,,
16456,Tyme,Boettcher,UNRESOLVED (-1),2025-26,,,,
16457,Adriana,Howard,UNRESOLVED (-1),2025-26,,,,
16458,Bradi,Krager,UNRESOLVED (-1),2025-26,,,,
16459,Danika,Demers,UNRESOLVED (-1),2025-26,,,,
16460,Adeeya,Yanga,UNRESOLVED (-1),2025-26,,,,
16461,McKenna,Cone,UNRESOLVED (-1),2025-26,,,,
16462,Maddy,Raveling,UNRESOLVED (-1),2025-26,,,,
16463,Maddie,Hilgendorf,UNRESOLVED (-1),2025-26,,,,
16464,Jenna,Hallock,UNRESOLVED (-1),2025-26,,,,
16465,Mckenna,Scott,UNRESOLVED (-1),2025-26,,,,
16466,Grace,Neuberger,UNRESOLVED (-1),2025-26,,,,
16467,Rysaiah,Sitzman,UNRESOLVED (-1),2025-26,,,,
16468,Sophia,McCullough,UNRESOLVED (-1),2025-26,,,,
16469,Olivia,Mattson,UNRESOLVED (-1),2025-26,,,,
16470,Hayley,Humphrey,UNRESOLVED (-1),2025-26,,,,
16471,Ruthie,Hulton,UNRESOLVED (-1),2025-26,,,,
16472,Emily,Nothwehr,UNRESOLVED (-1),2025-26,,,,
16489,Jamie,Molina,Northwestern Oklahoma State,2025-26,https://riderangersride.com/sports/womens-basketball/stats/2025-26,,,
16490,Keira,Pineda,UNRESOLVED (-1),2025-26,,,,
16491,Akiva,Brown,UNRESOLVED (-1),2025-26,,,,
16492,Anna,McIntire,UNRESOLVED (-1),2025-26,,,,
16493,Sarah,Beltran,UNRESOLVED (-1),2025-26,,,,
16494,Mariah,Hall,UNRESOLVED (-1),2025-26,,,,
16495,Brooke,Bettis,UNRESOLVED (-1),2025-26,,,,
16496,Presley,Wilson,UNRESOLVED (-1),2025-26,,,,
16497,Mia,Curtis,UNRESOLVED (-1),2025-26,,,,
16498,Jenna,Avery,UNRESOLVED (-1),2025-26,,,,
16499,Mia,Brown,UNRESOLVED (-1),2025-26,,,,
16500,Felicity,Walters,UNRESOLVED (-1),2025-26,,,,
16501,Gresa,Arapi,UNRESOLVED (-1),2025-26,,,,
16502,Tatum,Suderman,UNRESOLVED (-1),2025-26,,,,
16503,Mattie,Rich,Northwestern Oklahoma State,2025-26,https://riderangersride.com/sports/womens-basketball/stats/2025-26,,,
16504,Carrington,Jones,UNRESOLVED (-1),2025-26,,,,
16505,Eniyah,Stinnette,UNRESOLVED (-1),2025-26,,,,
16506,Dezmariah,Soto,UNRESOLVED (-1),2025-26,,,,
16507,Jaylyn,Laguna,UNRESOLVED (-1),2025-26,,,,
16508,Ziul,Gonzalez,UNRESOLVED (-1),2025-26,,,,
16509,Kaylynn,Jean-Gilles,UNRESOLVED (-1),2025-26,,,,
16510,Maria,De Gracia,UNRESOLVED (-1),2025-26,,,,
16511,Kaylee,Llanos,UNRESOLVED (-1),2025-26,,,,
16512,Hermione,Hicks,UNRESOLVED (-1),2025-26,,,,
16513,Jessica,Carreras,UNRESOLVED (-1),2025-26,,,,
16514,Naomi,Barabie,UNRESOLVED (-1),2025-26,,,,
16515,Valeria,Cifuentes,UNRESOLVED (-1),2025-26,,,,
16516,Valeria,Castro,UNRESOLVED (-1),2025-26,,,,
16517,Savannah,Villarreal,UNRESOLVED (-1),2025-26,,,,
16518,Madison,Lippy,UNRESOLVED (-1),2025-26,,,,
16519,Maddie,Scharrenberg,UNRESOLVED (-1),2025-26,,,,
16520,Ja'Nya,Ferguson,UNRESOLVED (-1),2025-26,,,,
16521,Isabella,Rivera,UNRESOLVED (-1),2025-26,,,,
16522,Samantha,Vales,UNRESOLVED (-1),2025-26,,,,
16523,Samantha,Bautista,UNRESOLVED (-1),2025-26,,,,
16524,Jaliyah,Weekes,UNRESOLVED (-1),2025-26,,,,
16525,Julissa,Danglade,UNRESOLVED (-1),2025-26,,,,
16526,Morgan,Taylor,UNRESOLVED (-1),2025-26,,,,
16527,Kimora,Lee,UNRESOLVED (-1),2025-26,,,,
16528,Sophia,Taylor,UNRESOLVED (-1),2025-26,,,,
16539,Aubrie,Ickes,UNRESOLVED (-1),2025-26,,,,
16540,Morgan,Babb,UNRESOLVED (-1),2025-26,,,,
16541,Ava,Schultz,UNRESOLVED (-1),2025-26,,,,
16542,Hannah,Lisch,UNRESOLVED (-1),2025-26,,,,
16543,Ashlyn,Moorehead,UNRESOLVED (-1),2025-26,,,,
16544,Anna,Ignatoski,UNRESOLVED (-1),2025-26,,,,
16545,Darby,Lienerth,UNRESOLVED (-1),2025-26,,,,
16546,Emma,McElroy,UNRESOLVED (-1),2025-26,,,,
16547,Jenna,Tierman,UNRESOLVED (-1),2025-26,,,,
16548,Aleena,McCullough,UNRESOLVED (-1),2025-26,,,,
16563,Kera,Martinez,UNRESOLVED (-1),2025-26,,,,
16564,Brooke,Nails,UNRESOLVED (-1),2025-26,,,,
16565,Myah,Coleman,UNRESOLVED (-1),2025-26,,,,
16566,DeMia,Jackson,UNRESOLVED (-1),2025-26,,,,
16567,Camryn,Mackey,UNRESOLVED (-1),2025-26,,,,
16568,Chloe,Buckner,UNRESOLVED (-1),2025-26,,,,
16569,Mattie,Parham,UNRESOLVED (-1),2025-26,,,,
16570,Donnesia,Skinner,UNRESOLVED (-1),2025-26,,,,
16571,Jada,Douglas,UNRESOLVED (-1),2025-26,,,,
16572,Hadassah,Knotts,UNRESOLVED (-1),2025-26,,,,
16573,Alexis,Smith,UNRESOLVED (-1),2025-26,,,,
16575,Taylor,Wilson,UNRESOLVED (-1),2025-26,,,,
16576,Reese,Ericson,UNRESOLVED (-1),2025-26,,,,
16577,Kya,Smith,UNRESOLVED (-1),2025-26,,,,
16578,Brooke,Wilson,UNRESOLVED (-1),2025-26,,,,
16579,Camryn,Tade,UNRESOLVED (-1),2025-26,,,,
16580,Reganne,Reardon,UNRESOLVED (-1),2025-26,,,,
16581,Soleil,Montrose,UNRESOLVED (-1),2025-26,,,,
16582,Stella,Chartrand,UNRESOLVED (-1),2025-26,,,,
16583,Audrey,Annee,UNRESOLVED (-1),2025-26,,,,
16584,Jane,Preston,UNRESOLVED (-1),2025-26,,,,
16585,Kelly,Cramer,UNRESOLVED (-1),2025-26,,,,
16586,Landry,Sherrer,UNRESOLVED (-1),2025-26,,,,
16589,Nina,Solomon,Paine,2025-26,https://paineathletics.com/sports/womens-basketball/stats/2025-26,,"5' 6""",SO
16590,Adia,Dormu,Paine,2025-26,https://paineathletics.com/sports/womens-basketball/stats/2025-26,,"5' 10""",SO
16591,Leia,Brown,Paine,2025-26,https://paineathletics.com/sports/womens-basketball/stats/2025-26,,"5' 10""",JR
16592,Ayva,Tillmon,Paine,2025-26,https://paineathletics.com/sports/womens-basketball/stats/2025-26,,"5' 7""",JR
16593,Jayla,Lockhart,Paine,2025-26,https://paineathletics.com/sports/womens-basketball/stats/2025-26,,"5' 6""",FR
16594,A'Keira,Blue,Paine,2025-26,https://paineathletics.com/sports/womens-basketball/stats/2025-26,,"5' 9""",FR
16595,Tekiarah,Jones,Paine,2025-26,https://paineathletics.com/sports/womens-basketball/stats/2025-26,,"5' 4""",JR
16596,Daiyah,Ruger,Paine,2025-26,https://paineathletics.com/sports/womens-basketball/stats/2025-26,,"5' 3""",SO
16597,Sierre,Georges,Paine,2025-26,https://paineathletics.com/sports/womens-basketball/stats/2025-26,,"5' 10""",SO
16598,Kyra,McCrary,Paine,2025-26,https://paineathletics.com/sports/womens-basketball/stats/2025-26,,"5' 7""",SR
16599,Kindal,Glanton,Paine,2025-26,https://paineathletics.com/sports/womens-basketball/stats/2025-26,,,
16600,Tailin,Ward,Paine,2025-26,https://paineathletics.com/sports/womens-basketball/stats/2025-26,,,
16601,Alesha,Canady,UNRESOLVED (-1),2025-26,,,,
16602,Icesis,Nwafor,UNRESOLVED (-1),2025-26,,,,
16603,Zora,Hill,UNRESOLVED (-1),2025-26,,,,
16604,Alaijah,Kirk-Veal,UNRESOLVED (-1),2025-26,,,,
16605,Ry'Naisha,Barnes,UNRESOLVED (-1),2025-26,,,,
16606,TaKenya,James,UNRESOLVED (-1),2025-26,,,,
16607,Emory,Smith,UNRESOLVED (-1),2025-26,,,,
16608,Ty,Chisolm,UNRESOLVED (-1),2025-26,,,,
16609,Shamacus,Galloway,UNRESOLVED (-1),2025-26,,,,
16610,Mar'Reonna,Little,UNRESOLVED (-1),2025-26,,,,
16611,Briscia,Tejada,UNRESOLVED (-1),2025-26,,,,
16612,Zariah,Davis,UNRESOLVED (-1),2025-26,,,,
16613,Anderia,Jackson,UNRESOLVED (-1),2025-26,,,,
16614,Idrianna,Edwards,UNRESOLVED (-1),2025-26,,,,
16615,Alissa,Sandifer,UNRESOLVED (-1),2025-26,,,,
16616,Maya,Whitehead,UNRESOLVED (-1),2025-26,,,,
16617,Katie,Laufer,UNRESOLVED (-1),2025-26,,,,
16618,Kiara,Hayes,UNRESOLVED (-1),2025-26,,,,
16619,Briana,Moore,UNRESOLVED (-1),2025-26,,,,
16620,Destiny,McFadden,UNRESOLVED (-1),2025-26,,,,
16621,Zamarria,Green,UNRESOLVED (-1),2025-26,,,,
16622,Asia,Freeman,UNRESOLVED (-1),2025-26,,,,
16623,Minnie,Griffin,UNRESOLVED (-1),2025-26,,,,
16624,Azyah,Kirkland,UNRESOLVED (-1),2025-26,,,,
16625,Trinity,Hill,UNRESOLVED (-1),2025-26,,,,
16626,Samaya,Johnson,UNRESOLVED (-1),2025-26,,,,
16627,Mikayla,Raines,UNRESOLVED (-1),2025-26,,,,
16628,Kyra,Price,UNRESOLVED (-1),2025-26,,,,
16629,Savannah,Nicholson,UNRESOLVED (-1),2025-26,,,,
16630,Peyton,Looky,UNRESOLVED (-1),2025-26,,,,
16631,Danielle,Earley,UNRESOLVED (-1),2025-26,,,,
16632,Esther,Cole,UNRESOLVED (-1),2025-26,,,,
16633,Lexie,Ransom,UNRESOLVED (-1),2025-26,,,,
16634,Faith,Yellow,UNRESOLVED (-1),2025-26,,,,
16635,Maris,Payseur,UNRESOLVED (-1),2025-26,,,,
16636,Emily,Gamon,UNRESOLVED (-1),2025-26,,,,
16637,Lainie,Makris,UNRESOLVED (-1),2025-26,,,,
16638,Trinity,Nesbitt,UNRESOLVED (-1),2025-26,,,,
16639,Jabrica,Leslie,UNRESOLVED (-1),2025-26,,,,
16640,Danauje,Brooks,UNRESOLVED (-1),2025-26,,,,
16641,Shabrica,Leslie,UNRESOLVED (-1),2025-26,,,,
16642,Valmary,Nuñez,UNRESOLVED (-1),2025-26,,,,
16643,Rylan,Dundan,UNRESOLVED (-1),2025-26,,,,
16647,Jamilah,Hayles,UNRESOLVED (-1),2025-26,,,,
16648,Paris'Alana,Jones,UNRESOLVED (-1),2025-26,,,,
16651,T,Rogers,UNRESOLVED (-1),2025-26,,,,
16652,Nedisha,Ford,UNRESOLVED (-1),2025-26,,,,
16653,Sommer,Joseph,UNRESOLVED (-1),2025-26,,,,
16654,Zoey,McMickens,UNRESOLVED (-1),2025-26,,,,
16655,Jaycee,Williams,UNRESOLVED (-1),2025-26,,,,
16656,Skye,McCrae,UNRESOLVED (-1),2025-26,,,,
16657,Azya,Kirkland,UNRESOLVED (-1),2025-26,,,,
16658,Panjala,Curry,UNRESOLVED (-1),2025-26,,,,
16671,Laila,Stewart,UNRESOLVED (-1),2025-26,,,,
16672,Sa'Nya,Green,UNRESOLVED (-1),2025-26,,,,
16673,MyLeah,Young,UNRESOLVED (-1),2025-26,,,,
16674,Kaylee,Bennett,UNRESOLVED (-1),2025-26,,,,
16675,Paris,Beard,UNRESOLVED (-1),2025-26,,,,
16676,Brilee,Dousay,UNRESOLVED (-1),2025-26,,,,
16677,Sophia,Cortez,UNRESOLVED (-1),2025-26,,,,
16678,Aniya,Jackson,UNRESOLVED (-1),2025-26,,,,
16679,Zoe,Senganya,UNRESOLVED (-1),2025-26,,,,
16680,Haley,Perkins,UNRESOLVED (-1),2025-26,,,,
16681,Jordyn,Overton,UNRESOLVED (-1),2025-26,,,,
16682,Precious,Candler,UNRESOLVED (-1),2025-26,,,,
16683,Jade,Davis,UNRESOLVED (-1),2025-26,,,,
16684,Baylie,Harris,UNRESOLVED (-1),2025-26,,,,
16685,Silah,Flores,UNRESOLVED (-1),2025-26,,,,
16686,Kenya,Washington,UNRESOLVED (-1),2025-26,,,,
16689,Arianna,Mosley,UNRESOLVED (-1),2025-26,,,,
16690,Ella,Gilliam,UNRESOLVED (-1),2025-26,,,,
16691,Makayla,Hunter,UNRESOLVED (-1),2025-26,,,,
16692,Queen,Bradley,UNRESOLVED (-1),2025-26,,,,
16695,Tairat,Samuel  - Afolabi,Long Beach State,2025-26,,,,
16698,Kaylin,Zaal,Point Park,2025-26,https://pointparksports.com/sports/womens-basketball/stats/2025-26,,,
16706,Sydney,Pleat,Queens (NY),2025-26,https://queensknights.com/sports/womens-basketball/stats/2025-26,,,
16724,Grace,Stanley,UNRESOLVED (-1),2025-26,,,,
16728,Sydney,Lazenby,UNRESOLVED (-1),2025-26,,,,
16729,Talia,Vreugdenhil,UNRESOLVED (-1),2025-26,,,,
16730,Sophia,VanRaalte,UNRESOLVED (-1),2025-26,,,,
16731,Ava,VanHouwelingen,UNRESOLVED (-1),2025-26,,,,
16732,Zoe,Dejonge,UNRESOLVED (-1),2025-26,,,,
16733,Lauren,Van Dyk,UNRESOLVED (-1),2025-26,,,,
16734,Faith,Noble,UNRESOLVED (-1),2025-26,,,,
16735,Ava,Ffrese,UNRESOLVED (-1),2025-26,,,,
16736,Danielle,Zondag,UNRESOLVED (-1),2025-26,,,,
16737,Abigail,Hoogland,UNRESOLVED (-1),2025-26,,,,
16738,Megan,Moes,UNRESOLVED (-1),2025-26,,,,
16744,Jayla,Jones,UNRESOLVED (-1),2025-26,,,,
16745,Hallie,Fender,UNRESOLVED (-1),2025-26,,,,
16746,Sara,Shoemaker,UNRESOLVED (-1),2025-26,,,,
16747,Claire,Hall,UNRESOLVED (-1),2025-26,,,,
16748,Rachel,Darling,UNRESOLVED (-1),2025-26,,,,
16749,Lancey Joe,Bellamy,UNRESOLVED (-1),2025-26,,,,
16750,Nene,Owen,UNRESOLVED (-1),2025-26,,,,
16751,Marina,Perdiguero,UNRESOLVED (-1),2025-26,,,,
16752,Tajanique,Carter,UNRESOLVED (-1),2025-26,,,,
16753,Nevaeh,Spillman,UNRESOLVED (-1),2025-26,,,,
16754,Nadiyah,Cooper,UNRESOLVED (-1),2025-26,,,,
16755,Destiny,Hines,UNRESOLVED (-1),2025-26,,,,
16756,Alexus,Woodard,UNRESOLVED (-1),2025-26,,,,
16757,Sheridan,Curley,UNRESOLVED (-1),2025-26,,,,
16758,Jordan,Bianco,UNRESOLVED (-1),2025-26,,,,
16759,Emma,Perry,UNRESOLVED (-1),2025-26,,,,
16760,Ramyiah,Logan,UNRESOLVED (-1),2025-26,,,,
16761,Allison,Swank,UNRESOLVED (-1),2025-26,,,,
16762,Sa'Yere,Banks,UNRESOLVED (-1),2025-26,,,,
16763,Ivy,Lesley,UNRESOLVED (-1),2025-26,,,,
16764,Ainsley,Diepenbrock,UNRESOLVED (-1),2025-26,,,,
16765,Zady,Gundry,UNRESOLVED (-1),2025-26,,,,
16766,Candice,Dowell,UNRESOLVED (-1),2025-26,,,,
16767,Abby,White,UNRESOLVED (-1),2025-26,,,,
16768,Mykaela,Elliott,UNRESOLVED (-1),2025-26,,,,
16769,Ayden,Lippincott,UNRESOLVED (-1),2025-26,,,,
16770,Hannah,Neese,UNRESOLVED (-1),2025-26,,,,
16771,Aaliyah,Welch,UNRESOLVED (-1),2025-26,,,,
16789,Brooka,Jones,UNRESOLVED (-1),2025-26,,,,
16790,Reagan,Etzel,UNRESOLVED (-1),2025-26,,,,
16791,Brooke,Nice,UNRESOLVED (-1),2025-26,,,,
16792,Dina,Marchoud,UNRESOLVED (-1),2025-26,,,,
16793,Kyndall,Scott,UNRESOLVED (-1),2025-26,,,,
16794,Delani,Johnson,UNRESOLVED (-1),2025-26,,,,
16795,Annie,Chuckluck,UNRESOLVED (-1),2025-26,,,,
16796,Addison,Martin,UNRESOLVED (-1),2025-26,,,,
16797,Tea,Murray,UNRESOLVED (-1),2025-26,,,,
16798,Jashimailyz,Muniez,UNRESOLVED (-1),2025-26,,,,
16799,Sulybell,Melendez,UNRESOLVED (-1),2025-26,,,,
16800,Andrea,N.MendezColon,UNRESOLVED (-1),2025-26,,,,
16801,Samiya,Morris,UNRESOLVED (-1),2025-26,,,,
16802,Reshea,Pilgrim,UNRESOLVED (-1),2025-26,,,,
16803,UNKNOWN,TEAM,UNRESOLVED (-1),2025-26,,,,
16804,Clinnesha,Simmons,UNRESOLVED (-1),2025-26,,,,
16805,Jade,Studamire,UNRESOLVED (-1),2025-26,,,,
16806,Jamia,Brown,UNRESOLVED (-1),2025-26,,,,
16807,Destiny,Hill,UNRESOLVED (-1),2025-26,,,,
16808,Kennedy,Collins,UNRESOLVED (-1),2025-26,,,,
16809,Jasmyn,Studamire,UNRESOLVED (-1),2025-26,,,,
16810,LaTarius,Montgomery,UNRESOLVED (-1),2025-26,,,,
16811,Aaliyah,Ringold,UNRESOLVED (-1),2025-26,,,,
16812,Tieraney,Bolton,UNRESOLVED (-1),2025-26,,,,
16813,Kennedy,Hayes,UNRESOLVED (-1),2025-26,,,,
16814,Sheridan,Green,UNRESOLVED (-1),2025-26,,,,
16832,Anyce,Jefferson,San Francisco State,2025-26,https://sfstategators.com/sports/womens-basketball/stats/2025-26,,,
16833,Asia,Jackson,San Francisco State,2025-26,https://sfstategators.com/sports/womens-basketball/stats/2025-26,,,
16834,Karli,Muagututia,San Francisco State,2025-26,https://sfstategators.com/sports/womens-basketball/stats/2025-26,,,
16838,Paige,Yasukochi,UNRESOLVED (-1),2025-26,,,,
16839,Dara,Tokeshi,UNRESOLVED (-1),2025-26,,,,
16840,Dominique,Cabading,UNRESOLVED (-1),2025-26,,,,
16841,Ila,Giblin,UNRESOLVED (-1),2025-26,,,,
16842,Makena,Daggett,UNRESOLVED (-1),2025-26,,,,
16843,Emily,Ko,UNRESOLVED (-1),2025-26,,,,
16844,Kayla,Ikuma,UNRESOLVED (-1),2025-26,,,,
16845,Megan,Delgado,UNRESOLVED (-1),2025-26,,,,
16846,Nicole,Vanegas,UNRESOLVED (-1),2025-26,,,,
16847,Natalie,Durbin,Seattle Pacific,2025-26,https://spufalcons.com/sports/womens-basketball/stats/2025-26,,,
16848,Bella,Arrisgado,UNRESOLVED (-1),2025-26,,,,
16884,Sam,Crispe,Utah,2025-26,,,,
16902,Ah'Kiya,Pye,UNRESOLVED (-1),2025-26,,,,
16903,Leigha,Dennison,UNRESOLVED (-1),2025-26,,,,
16904,Janiah,Shular,UNRESOLVED (-1),2025-26,,,,
16905,Riley,James,UNRESOLVED (-1),2025-26,,,,
16906,Isabella,Martin,UNRESOLVED (-1),2025-26,,,,
16907,Valeria,Batista,UNRESOLVED (-1),2025-26,,,,
16908,Reagan,Iovino,UNRESOLVED (-1),2025-26,,,,
16909,Madison,Lusk,UNRESOLVED (-1),2025-26,,,,
16910,Kallie,Lusk,UNRESOLVED (-1),2025-26,,,,
16911,Brielle,George,UNRESOLVED (-1),2025-26,,,,
16912,Sofia,McNabb,Arkansas - Fort Smith,2025-26,https://uafortsmithlions.com/sports/womens-basketball/stats/2025-26,,,
16913,Lillian,Bates,UNRESOLVED (-1),2025-26,,,,
16914,Uriah,Jennings,UNRESOLVED (-1),2025-26,,,,
16915,Jasmine,Grant,UNRESOLVED (-1),2025-26,,,,
16916,Terriana,Gray,UNRESOLVED (-1),2025-26,,,,
16917,Kiara,Croskey,UNRESOLVED (-1),2025-26,,,,
16918,Bentlee,Chockley,UNRESOLVED (-1),2025-26,,,,
16919,Tyra,Myers,UNRESOLVED (-1),2025-26,,,,
16920,Mariana,Moody,UNRESOLVED (-1),2025-26,,,,
16921,Jordan,Mintz,UNRESOLVED (-1),2025-26,,,,
16922,Jaliyah,Benefield,UNRESOLVED (-1),2025-26,,,,
16923,MacKenzie,Feagin,UNRESOLVED (-1),2025-26,,,,
16924,Riley,Simmons,South Carolina Aiken,2025-26,https://pacersports.com/sports/womens-basketball/stats/2025-26,,,
16925,Hannah,Cail,UNRESOLVED (-1),2025-26,,,,
16926,Ava,McGlockton,UNRESOLVED (-1),2025-26,,,,
16927,Averie,Jones,UNRESOLVED (-1),2025-26,,,,
16928,Zaynah,Preston,Anderson (SC),2025-26,https://autrojans.com/sports/womens-basketball/stats/2025-26,,,
16929,Maddie,Millar,UNRESOLVED (-1),2025-26,,,,
16930,Kendall,Emener,UNRESOLVED (-1),2025-26,,,,
16931,Kiley,Graham,UNRESOLVED (-1),2025-26,,,,
16932,Jaleah,Storr,UNRESOLVED (-1),2025-26,,,,
16976,Anastyn,Pettlon,UNRESOLVED (-1),2025-26,,,,
16977,Brynn,Sebek,UNRESOLVED (-1),2025-26,,,,
16978,Carney,Black,UNRESOLVED (-1),2025-26,,,,
16979,Peyton,Tritz,UNRESOLVED (-1),2025-26,,,,
16980,Alison,Davis,UNRESOLVED (-1),2025-26,,,,
16981,Maddie,Demke,UNRESOLVED (-1),2025-26,,,,
16982,Breeley,King,UNRESOLVED (-1),2025-26,,,,
16983,Rhyanne,Mackling,UNRESOLVED (-1),2025-26,,,,
16996,Mya,Jiminez,South New Hampshire,2025-26,https://snhupenmen.com/sports/womens-basketball/stats/2025-26,,,
16997,Marta,Cutazzo,Bridgeport,2025-26,https://www.ubknights.com/sports/wbkb/2025-26/teams/bridgeport,,,
17000,Laia,Hernandez,Young Harris,2025-26,https://yhcathletics.com/sports/womens-basketball/stats/2025-26,,,
17016,Connie,Hughes,Southeast Oklahoma,2025-26,https://gosoutheastern.com/sports/womens-basketball/stats/2025-26,,,
17032,Nahia,Esnaola Agaen,Southwest Baptist,2025-26,https://www.sbubearcats.com/sports/womens-basketball/stats/2025-26,FWD/C,,SO
17034,Lilly,Nuytten,UNRESOLVED (-1),2025-26,,,,
17047,Kiara,Smith,Southwest Oklahoma,2025-26,https://swosuathletics.com/sports/womens-basketball/stats/2025-26,,,
17048,Maebry,Shields,Southwest Oklahoma,2025-26,https://swosuathletics.com/sports/womens-basketball/stats/2025-26,,,
17049,Ana,Vieira,Arkansas - Monticello,2025-26,https://www.uamsports.com/sports/womens-basketball/stats/2025-26,,,
17052,Klimentina,Modeva,Umass Lowell,2025-26,,,,
17056,Lillian,Meulemans,Black Hills State,2025-26,https://bhsuathletics.com/sports/womens-basketball/stats/2025-26,,,
17057,Novah,Carrasco,UNRESOLVED (-1),2025-26,,,,
17075,Taylor,Blunden,UNRESOLVED (-1),2025-26,,,,
17076,Trenti,Fleuker,UNRESOLVED (-1),2025-26,,,,
17077,Ava,Graham,UNRESOLVED (-1),2025-26,,,,
17078,Lauren,Sadowski,UNRESOLVED (-1),2025-26,,,,
17079,Brynn,Stambaugh,UNRESOLVED (-1),2025-26,,,,
17080,Skylar,Alexander,UNRESOLVED (-1),2025-26,,,,
17081,Natalya,Perez,UNRESOLVED (-1),2025-26,,,,
17082,Bianca,Berbick,UNRESOLVED (-1),2025-26,,,,
17083,Laney,Pearson,UNRESOLVED (-1),2025-26,,,,
17084,Lamaria,Williams,UNRESOLVED (-1),2025-26,,,,
17085,Jayla,Greene,UNRESOLVED (-1),2025-26,,,,
17086,Jasmine,Martinez,UNRESOLVED (-1),2025-26,,,,
17087,Jalayah,Ingram,UNRESOLVED (-1),2025-26,,,,
17088,Charlotte,O'Keefe,UNRESOLVED (-1),2025-26,,,,
17089,Gianna,Angiolet,UNRESOLVED (-1),2025-26,,,,
17090,Ivy,Brown,UNRESOLVED (-1),2025-26,,,,
17091,Erin,Maguire,UNRESOLVED (-1),2025-26,,,,
17092,Rylie,Whitehair,UNRESOLVED (-1),2025-26,,,,
17093,Kayla,Lorenz,UNRESOLVED (-1),2025-26,,,,
17094,Chazlyn,Dettor,UNRESOLVED (-1),2025-26,,,,
17095,Madison,Huhn,UNRESOLVED (-1),2025-26,,,,
17096,Sophia,Zufelt,UNRESOLVED (-1),2025-26,,,,
17097,Elizabeth,Romer,UNRESOLVED (-1),2025-26,,,,
17098,Elise,Horne,UNRESOLVED (-1),2025-26,,,,
17099,Jacei,Denley,UNRESOLVED (-1),2025-26,,,,
17100,Solenne,Olenga,UNRESOLVED (-1),2025-26,,,,
17101,Kamryn,Wilson,UNRESOLVED (-1),2025-26,,,,
17102,Molly,Powell,UNRESOLVED (-1),2025-26,,,,
17103,R'Mani,Taylor,UNRESOLVED (-1),2025-26,,,,
17104,Shaila,Forman,UNRESOLVED (-1),2025-26,,,,
17105,T'Aaliyah,Miner,UNRESOLVED (-1),2025-26,,,,
17106,KJ,Walker,UNRESOLVED (-1),2025-26,,,,
17107,Keyiona,Mcdaniel,UNRESOLVED (-1),2025-26,,,,
17108,Chisom,Oguego,UNRESOLVED (-1),2025-26,,,,
17109,Alexis,Parker,UNRESOLVED (-1),2025-26,,,,
17110,Raimi,McCrary,UNRESOLVED (-1),2025-26,,,,
17111,Jorja,Elliott,UNRESOLVED (-1),2025-26,,,,
17113,Brynn,Lusby,UNRESOLVED (-1),2025-26,,,,
17114,Londyn,Oliphant,UNRESOLVED (-1),2025-26,,,,
17115,Mallory,McQuietor,UNRESOLVED (-1),2025-26,,,,
17116,Bria,McClure,UNRESOLVED (-1),2025-26,,,,
17117,Deja,Lumsden,UNRESOLVED (-1),2025-26,,,,
17118,Martina,Monton Martinez,UNRESOLVED (-1),2025-26,,,,
17119,Izzy,Majarucon,UNRESOLVED (-1),2025-26,,,,
17120,Breelyn,Sanborn,UNRESOLVED (-1),2025-26,,,,
17133,Dana,Phelan,UNRESOLVED (-1),2025-26,,,,
17134,Kyra,Rose,UNRESOLVED (-1),2025-26,,,,
17135,Arielle,Barnes,UNRESOLVED (-1),2025-26,,,,
17136,Shonyae,Edmonds,UNRESOLVED (-1),2025-26,,,,
17137,Racky,Kane,UNRESOLVED (-1),2025-26,,,,
17138,Dorothy,Wiese,UNRESOLVED (-1),2025-26,,,,
17139,Gemma,Singer,UNRESOLVED (-1),2025-26,,,,
17140,Jasanii,Francis-Torr,UNRESOLVED (-1),2025-26,,,,
17141,Ariana,Davis,UNRESOLVED (-1),2025-26,,,,
17142,Nylah,Davis,UNRESOLVED (-1),2025-26,,,,
17143,Myah,Mckie,UNRESOLVED (-1),2025-26,,,,
17144,Giuliana,Dito,UNRESOLVED (-1),2025-26,,,,
17145,Cayla,Howard,UNRESOLVED (-1),2025-26,,,,
17146,Sky,Priester,UNRESOLVED (-1),2025-26,,,,
17147,Tamia,Nunes,UNRESOLVED (-1),2025-26,,,,
17148,Isabella,Javier,UNRESOLVED (-1),2025-26,,,,
17149,Dalana,Taylor,UNRESOLVED (-1),2025-26,,,,
17150,Ketura,Rutty,UNRESOLVED (-1),2025-26,,,,
17151,Emma,Gribben,UNRESOLVED (-1),2025-26,,,,
17152,Brianna,Pope,UNRESOLVED (-1),2025-26,,,,
17153,Serenity,Downey,UNRESOLVED (-1),2025-26,,,,
17154,Kayleigh,Ahern,UNRESOLVED (-1),2025-26,,,,
17155,Tatum,Forbes,UNRESOLVED (-1),2025-26,,,,
17156,Meghan,Trapper,UNRESOLVED (-1),2025-26,,,,
17157,Kaitlin,McDonough,UNRESOLVED (-1),2025-26,,,,
17158,Anna,Nelson,UNRESOLVED (-1),2025-26,,,,
17159,Elise,MacNair,UNRESOLVED (-1),2025-26,,,,
17160,Natalie,Harmata,UNRESOLVED (-1),2025-26,,,,
17161,Harmony,Marquez,UNRESOLVED (-1),2025-26,,,,
17162,Bella,Vaz,UNRESOLVED (-1),2025-26,,,,
17163,Amarilis,Shubick,UNRESOLVED (-1),2025-26,,,,
17164,Niya,Morgen,UNRESOLVED (-1),2025-26,,,,
17165,Julia,Elie,UNRESOLVED (-1),2025-26,,,,
17166,Kayana,Armbrister,UNRESOLVED (-1),2025-26,,,,
17167,Cassidy,Yeomans,UNRESOLVED (-1),2025-26,,,,
17168,Brennan,Doran,UNRESOLVED (-1),2025-26,,,,
17169,Ciara,Norman,UNRESOLVED (-1),2025-26,,,,
17170,Cherish,Bryant,UNRESOLVED (-1),2025-26,,,,
17171,Mikela,Cooper,UNRESOLVED (-1),2025-26,,,,
17172,Norah,Saluja,UNRESOLVED (-1),2025-26,,,,
17173,Ava,Orlando,UNRESOLVED (-1),2025-26,,,,
17174,Jaylah,Jones,UNRESOLVED (-1),2025-26,,,,
17175,Abbie,Hernandez,UNRESOLVED (-1),2025-26,,,,
17176,Kristie,Zator,UNRESOLVED (-1),2025-26,,,,
17177,Jacquelyn,Oberg,UNRESOLVED (-1),2025-26,,,,
17178,Faith,Meade,UNRESOLVED (-1),2025-26,,,,
17179,Kamryn,Devero,UNRESOLVED (-1),2025-26,,,,
17180,Isabel,Akisson,UNRESOLVED (-1),2025-26,,,,
17181,Emily,Ward,UNRESOLVED (-1),2025-26,,,,
17182,Faith,Benjamin,UNRESOLVED (-1),2025-26,,,,
17190,Natalia,Lucic,UNRESOLVED (-1),2025-26,,,,
17214,Kirina,Azemar,UNRESOLVED (-1),2025-26,,,,
17216,Beth,Healy,UNRESOLVED (-1),2025-26,,,,
17217,Sofia,Kammas,UNRESOLVED (-1),2025-26,,,,
17219,Liv,Murray,UNRESOLVED (-1),2025-26,,,,
17220,Armani,Rivera,UNRESOLVED (-1),2025-26,,,,
17221,Emily,Mennillo,UNRESOLVED (-1),2025-26,,,,
17222,Lova,Engren Wiorek,UNRESOLVED (-1),2025-26,,,,
17223,Nafi,Balde,UNRESOLVED (-1),2025-26,,,,
17224,Natalie,Beaudoin,UNRESOLVED (-1),2025-26,,,,
17225,Keely,Wiseman,UNRESOLVED (-1),2025-26,,,,
17226,Laia,Llorente,UNRESOLVED (-1),2025-26,,,,
17227,Hijjah,Allen-paisley,UNRESOLVED (-1),2025-26,,,,
17228,Jaylene,Pires,UNRESOLVED (-1),2025-26,,,,
17229,Demi,Albon,UNRESOLVED (-1),2025-26,,,,
17234,Lovelynn,D'Onofrio,UNRESOLVED (-1),2025-26,,,,
17246,Breanna,Morrison,Sul Ross,2025-26,https://srlobos.com/sports/womens-basketball/stats/2025-26,,,
17247,Helena,Chadwick,UNRESOLVED (-1),2025-26,,,,
17248,Jordan,Bravo,UNRESOLVED (-1),2025-26,,,,
17249,Aryana,Cleveland,UNRESOLVED (-1),2025-26,,,,
17250,Mackenzie,Amos,Midwestern State,2025-26,https://msumustangs.com/sports/womens-basketball/stats/2025-26,,,
17251,Jordan,Gillespie,UNRESOLVED (-1),2025-26,,,,
17252,Briley,Waters,UNRESOLVED (-1),2025-26,,,,
17253,J'Lee,Sloan,UNRESOLVED (-1),2025-26,,,,
17254,Grace,Garcia,UNRESOLVED (-1),2025-26,,,,
17255,Racie,Decker,UNRESOLVED (-1),2025-26,,,,
17256,Ashlynn,Galvin,UNRESOLVED (-1),2025-26,,,,
17257,Alliyah,Ralston,UNRESOLVED (-1),2025-26,,,,
17258,Rhyia,Ray,UNRESOLVED (-1),2025-26,,,,
17263,Jade,Hillary,UNRESOLVED (-1),2025-26,,,,
17264,Hayley,Broussard,UNRESOLVED (-1),2025-26,,,,
17265,Xaria,Culver,UNRESOLVED (-1),2025-26,,,,
17266,Destiny,Stanford,UNRESOLVED (-1),2025-26,,,,
17267,Serese,Williams,UNRESOLVED (-1),2025-26,,,,
17268,Haven,Verrett,UNRESOLVED (-1),2025-26,,,,
17269,Bria,Jackson,UNRESOLVED (-1),2025-26,,,,
17270,Kaylani,Nichols,UNRESOLVED (-1),2025-26,,,,
17271,N'Tai,Teague,UNRESOLVED (-1),2025-26,,,,
17272,Sierra,Portis,UNRESOLVED (-1),2025-26,,,,
17273,Maria,Rodriguez,UNRESOLVED (-1),2025-26,,,,
17274,Deja,El-Amin,UNRESOLVED (-1),2025-26,,,,
17275,Aries T.,Donnadieu,UNRESOLVED (-1),2025-26,,,,
17276,ShiCoriya,Orr,UNRESOLVED (-1),2025-26,,,,
17277,Alycia,Harris,UNRESOLVED (-1),2025-26,,,,
17278,Mi'Anni,LeDay,UNRESOLVED (-1),2025-26,,,,
17279,Rebekkah,Brown,UNRESOLVED (-1),2025-26,,,,
17309,Jersee,Wren,UNRESOLVED (-1),2025-26,,,,
17310,Mya,Pflasterer,UNRESOLVED (-1),2025-26,,,,
17311,Mariah,Prince,UNRESOLVED (-1),2025-26,,,,
17312,Noku,Mudoringisa,UNRESOLVED (-1),2025-26,,,,
17313,Brooklyn,Dougherty,UNRESOLVED (-1),2025-26,,,,
17314,Abby,Alivernia,UNRESOLVED (-1),2025-26,,,,
17315,Kaitlyn,Plassmeyer,UNRESOLVED (-1),2025-26,,,,
17317,Kaila,Walker,Alabama A&M,2025-26,,,,
17318,Chrystianna,Whitehead,Alabama A&M,2025-26,,,,
17319,Alyssa,Green-White,Tuskegee,2025-26,https://goldentigersports.com/sports/womens-basketball/stats/2025-26,,,
17323,Alexa,Litchev,UNRESOLVED (-1),2025-26,,,,
17324,Jaden,Hill-Massarotti,Humboldt State,2025-26,https://humboldtathletics.com/sports/womens-basketball/stats/2025-26,Guard,"5' 8""",
17326,Reese,Ryan,UNRESOLVED (-1),2025-26,,,,
17327,Hailey,Waters,UNRESOLVED (-1),2025-26,,,,
17328,Josie,Potts,UNRESOLVED (-1),2025-26,,,,
17329,Camdyn,Kay,UNRESOLVED (-1),2025-26,,,,
17330,Brecken,Stewart,UNRESOLVED (-1),2025-26,,,,
17331,Breeyona,Burrell,UNRESOLVED (-1),2025-26,,,,
17332,Beatrice,Atienza,UNRESOLVED (-1),2025-26,,,,
17333,Audree,Peck,UNRESOLVED (-1),2025-26,,,,
17334,Anisha,Vondenkamp,UNRESOLVED (-1),2025-26,,,,
17335,Sydni,Morris,UNRESOLVED (-1),2025-26,,,,
17336,Karley,Hawkins,UNRESOLVED (-1),2025-26,,,,
17337,Charlotte,Mills,UNRESOLVED (-1),2025-26,,,,
17338,Cloey,Dmytruk,UNRESOLVED (-1),2025-26,,,,
17339,Destiny,Sao-Martinez,UNRESOLVED (-1),2025-26,,,,
17340,Jariah,Riley,UNRESOLVED (-1),2025-26,,,,
17341,Mia,Sao-Martinez,UNRESOLVED (-1),2025-26,,,,
17342,Madison,Morales-Simental,UNRESOLVED (-1),2025-26,,,,
17343,Tarah,Ruckdashel,UNRESOLVED (-1),2025-26,,,,
17344,Paris,Southern,UNRESOLVED (-1),2025-26,,,,
17345,Alba,Garrido-Lamas,UNRESOLVED (-1),2025-26,,,,
17346,Brooklynn,Anderson,UNRESOLVED (-1),2025-26,,,,
17348,Ryann,Greenfield,UNRESOLVED (-1),2025-26,,,,
17349,Destinee,White,UNRESOLVED (-1),2025-26,,,,
17350,Courtney,Hall,UNRESOLVED (-1),2025-26,,,,
17351,Aryn,Harris,UNRESOLVED (-1),2025-26,,,,
17352,Amarie,Hightower,UNRESOLVED (-1),2025-26,,,,
17353,Delesha,Jackson,UNRESOLVED (-1),2025-26,,,,
17354,Madison,Jacobs,UNRESOLVED (-1),2025-26,,,,
17355,Erin,Miller,UNRESOLVED (-1),2025-26,,,,
17356,Sonya,Rembert,UNRESOLVED (-1),2025-26,,,,
17357,Maambiige,Traore,UNRESOLVED (-1),2025-26,,,,
17359,Jakyiah,Lane,UNRESOLVED (-1),2025-26,,,,
17360,Shawna,Robinson,UNRESOLVED (-1),2025-26,,,,
17361,Rainya,White,UNRESOLVED (-1),2025-26,,,,
17362,Carmella,Hayden,UNRESOLVED (-1),2025-26,,,,
17363,Sidney,Minor,UNRESOLVED (-1),2025-26,,,,
17364,Taylor,Gordon,UNRESOLVED (-1),2025-26,,,,
17365,Shamya,Champ,UNRESOLVED (-1),2025-26,,,,
17366,Jacy,Reese,UNRESOLVED (-1),2025-26,,,,
17367,Yvonne,Forman,UNRESOLVED (-1),2025-26,,,,
17368,Kaylee,Montelongo,UNRESOLVED (-1),2025-26,,,,
17369,C'Niaha,Randle,UNRESOLVED (-1),2025-26,,,,
17370,Jaden,Mitchell,UNRESOLVED (-1),2025-26,,,,
17371,T'Keitha,Valentine,UNRESOLVED (-1),2025-26,,,,
17372,Miranda,Garcia,UNRESOLVED (-1),2025-26,,,,
17373,Maddison,Sanchez,UNRESOLVED (-1),2025-26,,,,
17374,Jennabelle,Gonzalez,UNRESOLVED (-1),2025-26,,,,
17375,Erin,Boyd,UNRESOLVED (-1),2025-26,,,,
17376,Nayeli,Espinosa,UNRESOLVED (-1),2025-26,,,,
17379,Thea,Palmore,UNRESOLVED (-1),2025-26,,,,
17380,Jasmyn,Jenkins,Catawba,2025-26,https://catawbaathletics.com/sports/womens-basketball/stats/2025-26,,,
17384,Jasha,Clinton,Norfolk State,2025-26,,,,
17385,Anjanae,Richardson,Norfolk State,2025-26,,,,
17386,Da'Brya,Clark,Norfolk State,2025-26,,,,
17387,Carmen,Kweti,Norfolk State,2025-26,,,,
17388,Cire,Worley,Norfolk State,2025-26,,,,
17389,LeAire,Nicks,Norfolk State,2025-26,,,,
17390,Niyah,Gaston,Norfolk State,2025-26,,,,
17391,Jenesis,Hill,Norfolk State,2025-26,,,,
17392,Jazmine,Spencer,Norfolk State,2025-26,,,,
17393,Ciara,Bailey,Norfolk State,2025-26,,,,
17394,Iyanna,Rogers,Norfolk State,2025-26,,,,
17401,Hanah,DeBelle,UNRESOLVED (-1),2025-26,,,,
17402,Krysten,Carter,UNRESOLVED (-1),2025-26,,,,
17403,Emma,Pfannensteil,UNRESOLVED (-1),2025-26,,,,
17417,Emma,Toombs,West Alabama,2025-26,https://uwaathletics.com/sports/womens-basketball/stats/2025-26,,,
17420,Yaire,Rodriguez,UNRESOLVED (-1),2025-26,,,,
17421,Nathalie,Castro,UNRESOLVED (-1),2025-26,,,,
17459,Alexandra,Gonzales,Western New Mexico,2025-26,https://wnmumustangs.com/sports/womens-basketball/stats/2025-26,,"5' 8""",FR
17466,Jenna,Albrecht,UNRESOLVED (-1),2025-26,,,,
17467,Emilia,Bishop,UNRESOLVED (-1),2025-26,,,,
17468,Jersey,Huerta,UNRESOLVED (-1),2025-26,,,,
17469,Tori,Younker,UNRESOLVED (-1),2025-26,,,,
17470,Tayla,Yost,UNRESOLVED (-1),2025-26,,,,
17471,Mandie,Jensen,UNRESOLVED (-1),2025-26,,,,
17472,Kylie,Ihrig,UNRESOLVED (-1),2025-26,,,,
17473,Haley,Ferry,UNRESOLVED (-1),2025-26,,,,
17474,Ally,Haslam,UNRESOLVED (-1),2025-26,,,,
17475,Maddie,Dietrich,UNRESOLVED (-1),2025-26,,,,
17476,Riley,Walden,UNRESOLVED (-1),2025-26,,,,
17477,Kaitlin,Imai,UNRESOLVED (-1),2025-26,,,,
17478,Daisy,Boling-Schmidt,UNRESOLVED (-1),2025-26,,,,
17479,Emma,Floyd,UNRESOLVED (-1),2025-26,,,,
17480,Peyton,Gardner,UNRESOLVED (-1),2025-26,,,,
17481,Addie,Hiler,UNRESOLVED (-1),2025-26,,,,
17482,Leia,Mata,UNRESOLVED (-1),2025-26,,,,
17483,Aasia,Williams,UNRESOLVED (-1),2025-26,,,,
17484,Gabby,Wilson,UNRESOLVED (-1),2025-26,,,,
17485,Alexis,Dockter,UNRESOLVED (-1),2025-26,,,,
17486,Karsyn,Ripplinger,UNRESOLVED (-1),2025-26,,,,
17487,Mattie,Thompson,UNRESOLVED (-1),2025-26,,,,
17488,Bayleigh,Harder,UNRESOLVED (-1),2025-26,,,,
17489,Amaya,Afatasi,UNRESOLVED (-1),2025-26,,,,
17490,Shaunya,Kahananui,UNRESOLVED (-1),2025-26,,,,
17491,Jenna,Glenzel,UNRESOLVED (-1),2025-26,,,,
17492,Jesselle,VictoCastillo,UNRESOLVED (-1),2025-26,,,,
17493,Amaialyn,Cepeda,UNRESOLVED (-1),2025-26,,,,
17494,SKylar,Groesbeck,UNRESOLVED (-1),2025-26,,,,
17495,Matty,Woolf,UNRESOLVED (-1),2025-26,,,,
17496,Bryten,Gumke,UNRESOLVED (-1),2025-26,,,,
17497,KJ,Custer,UNRESOLVED (-1),2025-26,,,,
17498,Riley,Layton,UNRESOLVED (-1),2025-26,,,,
17499,Maggie,Lapray,UNRESOLVED (-1),2025-26,,,,
17500,Alexa,Mee,UNRESOLVED (-1),2025-26,,,,
17501,Kiki,Brooks,UNRESOLVED (-1),2025-26,,,,
17502,Emiko,Nagai,UNRESOLVED (-1),2025-26,,,,
17503,Alex,Saunders,UNRESOLVED (-1),2025-26,,,,
17504,Josie,Schultz,UNRESOLVED (-1),2025-26,,,,
17505,Lauren,Katyryniuk,UNRESOLVED (-1),2025-26,,,,
17506,SK,Hicks,UNRESOLVED (-1),2025-26,,,,
17523,Fatima,Sani,UNRESOLVED (-1),2025-26,,,,
17524,Ashala,Moseberry,Eastern New Mexico,2025-26,https://goeasternathletics.com/sports/womens-basketball/stats/2025-26,,,
17525,Tonka,Jaksic,Eastern New Mexico,2025-26,https://goeasternathletics.com/sports/womens-basketball/stats/2025-26,,,
17526,Essynce,Contreaz,New Mexico Highlands,2025-26,https://nmhuathletics.com/sports/womens-basketball/stats/2025-26,,,
17547,Giselle,Dogan,William Jessup,2025-26,https://jessupathletics.com/sports/womens-basketball/stats/2025-26,,,
17548,Amari,Guiton,William Jessup,2025-26,https://jessupathletics.com/sports/womens-basketball/stats/2025-26,,,
17549,Giorgia,Medori,UNRESOLVED (-1),2025-26,,,,
17550,Rose,Gwillim,UNRESOLVED (-1),2025-26,,,,
17552,Kayla,Peoples,UNRESOLVED (-1),2025-26,,,,
17553,Dekota,Smith,UNRESOLVED (-1),2025-26,,,,
17554,Kayla,Jones,UNRESOLVED (-1),2025-26,,,,
17555,Nava'eh,Diaz-Doolin,UNRESOLVED (-1),2025-26,,,,
17556,Breacia,Carter,UNRESOLVED (-1),2025-26,,,,
17557,Cortlynn,Jackson,UNRESOLVED (-1),2025-26,,,,
17558,Amaria,Turner,UNRESOLVED (-1),2025-26,,,,
17559,Aliya,Wagamon,UNRESOLVED (-1),2025-26,,,,
17560,Meghanna,Freehill,UNRESOLVED (-1),2025-26,,,,
17561,Kayla,Carman,UNRESOLVED (-1),2025-26,,,,
17562,Reagan,Pavesi,UNRESOLVED (-1),2025-26,,,,
17563,Eleni,Stefanaki,UNRESOLVED (-1),2025-26,,,,
17564,Chudear,Mach,UNRESOLVED (-1),2025-26,,,,
17565,Taniyah,Crawford,UNRESOLVED (-1),2025-26,,,,
17582,Kierran,Walker,Winston Salem State,2025-26,https://wssurams.com/sports/womens-basketball/stats/2025-26,,"5' 9""",SR
17583,Ah'Kiyah,Pye,Winston Salem State,2025-26,https://wssurams.com/sports/womens-basketball/stats/2025-26,,"5' 5""",SO
17584,Amari,Kilgore-Baldwin,Winston Salem State,2025-26,https://wssurams.com/sports/womens-basketball/stats/2025-26,,-,FR
17586,Chloe,Williams,Winston Salem State,2025-26,https://wssurams.com/sports/womens-basketball/stats/2025-26,,"5' 11""",SR
17587,Zion,Duncan,Winston Salem State,2025-26,https://wssurams.com/sports/womens-basketball/stats/2025-26,,"6' 2""",JR
17588,TaNiya,Simms,Winston Salem State,2025-26,https://wssurams.com/sports/womens-basketball/stats/2025-26,,"6' 0""",FR
17589,Elliott,Jessup,North Carolina A&T,2025-26,,,,
17590,Paris,Locke,North Carolina A&T,2025-26,,,,
17591,Jamyia,Lindsey,North Carolina A&T,2025-26,,,,
17592,D’Mya,Tucker,North Carolina A&T,2025-26,,,,
17593,Chaniya,Clark,North Carolina A&T,2025-26,,,,
17594,Jordan,Brown,North Carolina A&T,2025-26,,,,
17595,Darrionna,Howard,North Carolina A&T,2025-26,,,,
17596,Crystal,Hardy,North Carolina A&T,2025-26,,,,
17597,Anaya,Karriem,North Carolina A&T,2025-26,,,,
17598,Londyn,Walker,North Carolina A&T,2025-26,,,,
17599,Eva,Andrews,North Carolina A&T,2025-26,,,,
17600,Ja'naya,Meyers,North Carolina A&T,2025-26,,,,
17601,Shimei,Muhammad,North Carolina A&T,2025-26,,,,
17602,Aalyssa,Rogers,UNRESOLVED (-1),2025-26,,,,
17603,Macy,Brackett,UNRESOLVED (-1),2025-26,,,,
8432,Andrea,Lopreato,UNRESOLVED (-1),2025-26,,,,
8434,Kirsten,Hauck,UNRESOLVED (-1),2025-26,,,,
8435,Kenzie,Melcher,UNRESOLVED (-1),2025-26,,,,
8436,Sadie,Maas,UNRESOLVED (-1),2025-26,,,,
8437,Brooklyn,Stanley,UNRESOLVED (-1),2025-26,,,,
8438,Avery,Yosten,UNRESOLVED (-1),2025-26,,,,
8439,Maggie,Collins,UNRESOLVED (-1),2025-26,,,,
9931,Addison,Sullivan,Nebraska Kearney,2025-26,https://lopers.com/sports/womens-basketball/stats/2025-26,,,
9932,Abigail,Richter,Nebraska Kearney,2025-26,https://lopers.com/sports/womens-basketball/stats/2025-26,,,
11663,Julia,Clavero Seubas,Emporia State,2025-26,https://esuhornets.com/sports/womens-basketball/stats/2025-26,,,
11664,Bailey,Birmingham,UNRESOLVED (-1),2025-26,,,,
11665,Boston,Wand,UNRESOLVED (-1),2025-26,,,,
8846,Ally,Sentance,UNRESOLVED (-1),2025-26,,,,
9120,Beth,Healy,Adelphi,2025-26,https://aupanthers.com/sports/womens-basketball/stats/2025-26,,,
11069,Maia,Charles,UNRESOLVED (-1),2025-26,,,,
11074,Ah'Kiyah,Pye,UNRESOLVED (-1),2025-26,,,,
11081,Kierran,Walker,UNRESOLVED (-1),2025-26,,,,
11092,Nevaeh,Washington,Claflin,2025-26,https://athletics.claflin.edu/sports/womens-basketball/stats/2025-26,,,
11337,Mary,Cotton,UNRESOLVED (-1),2025-26,,,,
11376,Meredith,Gilbertson,Cal State East Bay,2025-26,https://eastbaypioneers.com/sports/womens-basketball/stats/2025-26,,"5' 10""",SR
11377,Hailey,Estrada,Cal State East Bay,2025-26,https://eastbaypioneers.com/sports/womens-basketball/stats/2025-26,,"5' 9""",JR
11378,Lucca,Lowenberg,Cal State East Bay,2025-26,https://eastbaypioneers.com/sports/womens-basketball/stats/2025-26,,"5' 4""",SR
11383,Nivea,Campbell,Cal State East Bay,2025-26,https://eastbaypioneers.com/sports/womens-basketball/stats/2025-26,,"5' 4""",JR
11748,Mia,Vaasili,Cal State East Bay,2025-26,https://eastbaypioneers.com/sports/womens-basketball/stats/2025-26,,"5' 8""",FR
12322,Giselle,Dogan,UNRESOLVED (-1),2025-26,,,,
12323,Andheya,Aurelio,UNRESOLVED (-1),2025-26,,,,
12324,Porter,Wood,UNRESOLVED (-1),2025-26,,,,
12325,Hannah,Shaver,UNRESOLVED (-1),2025-26,,,,
12326,Raylyn,Fergerson,UNRESOLVED (-1),2025-26,,,,
12327,Claudia,Jimenez,UNRESOLVED (-1),2025-26,,,,
12328,Aniah,Cross,UNRESOLVED (-1),2025-26,,,,
12329,Mirella,Boshell-Fernandes,UNRESOLVED (-1),2025-26,,,,
12330,Patricia,Gonzalez,UNRESOLVED (-1),2025-26,,,,
12331,Ella,Baumgartner,UNRESOLVED (-1),2025-26,,,,
12332,Hailey,Hoff,UNRESOLVED (-1),2025-26,,,,
13447,Eryn,Gardner,UNRESOLVED (-1),2025-26,,,,
13470,Kalyn,Harris,UNRESOLVED (-1),2025-26,,,,
13506,Jaden,Newman,UNRESOLVED (-1),2025-26,,,,
13508,Jaushlynn,Ruffin,UNRESOLVED (-1),2025-26,,,,
13509,Citlali,Salazar,UNRESOLVED (-1),2025-26,,,,
13618,Janelle,Pena,Cal State Monterey Bay,2025-26,https://otterathletics.com/sports/womens-basketball/stats/2025-26,,,
13622,Quinn,Garrett,UNRESOLVED (-1),2025-26,,,,
13625,Alyssa,Premo,UNRESOLVED (-1),2025-26,,,,
13655,Rebecca,Saidoff,UNRESOLVED (-1),2025-26,,,,
13656,Princess,Cassell,UNRESOLVED (-1),2025-26,,,,
13658,Paisley,Specht,UNRESOLVED (-1),2025-26,,,,
13705,Hunter,Simon,UNRESOLVED (-1),2025-26,,,,
13706,Riy,Smith,UNRESOLVED (-1),2025-26,,,,
13707,Sincere,Hardwick,UNRESOLVED (-1),2025-26,,,,
13708,Arianna,Harper,UNRESOLVED (-1),2025-26,,,,
13709,Aariah,Roa,UNRESOLVED (-1),2025-26,,,,
13710,Ariana,Hallstrom,UNRESOLVED (-1),2025-26,,,,
13711,Nevaeh,Lemons,UNRESOLVED (-1),2025-26,,,,
13714,Gianna,Darte,San Francisco State,2025-26,https://sfstategators.com/sports/womens-basketball/stats/2025-26,,,
13724,Deonna,Mayfield,Chico State,2025-26,https://chicowildcats.com/sports/womens-basketball/stats/2025-26,,,
13744,Sydney,Boyd,UC Merced,2025-26,https://ucmercedbobcats.com/sports/womens-basketball/stats/2025-26,,,
13748,Karissa,Hukill,UNRESOLVED (-1),2025-26,,,,
13749,Sara,Davis,UNRESOLVED (-1),2025-26,,,,
13751,Cameron,Gibson,UNRESOLVED (-1),2025-26,,,,
13763,Amya,Vangkham-Griffin,UNRESOLVED (-1),2025-26,,,,
13767,Alexis,Tinnin,UNRESOLVED (-1),2025-26,,,,
14289,Amari,Guiton,UNRESOLVED (-1),2025-26,,,,
14290,Eva,Delgado,UNRESOLVED (-1),2025-26,,,,
14360,Makayla,Waleed,UNRESOLVED (-1),2025-26,,,,
14361,Nevaeh,Farmer,UNRESOLVED (-1),2025-26,,,,
14362,Jakaiya,Mack,UNRESOLVED (-1),2025-26,,,,
14363,Alana,Biosse,UNRESOLVED (-1),2025-26,,,,
14364,Breonna,Roaf,UNRESOLVED (-1),2025-26,,,,
14366,Amari,Baldwin,UNRESOLVED (-1),2025-26,,,,
14367,Kloe,Thompson,UNRESOLVED (-1),2025-26,,,,
14368,Jahmaria,Miles,UNRESOLVED (-1),2025-26,,,,
14369,TaNiya,Simms,UNRESOLVED (-1),2025-26,,,,
14375,Monroe,Anderson,Cal State East Bay,2025-26,https://eastbaypioneers.com/sports/womens-basketball/stats/2025-26,,"5' 11""",FR
14404,Gabrielle,White,Cal State Dominguez Hills,2025-26,https://gotoros.com/sports/womens-basketball/stats/2025-26,,,
14451,Karli,Muagututia,San Francisco State,2025-26,https://sfstategators.com/sports/womens-basketball/stats/2025-26,,,
14495,Olivia,Nicolas,UNRESOLVED (-1),2025-26,,,,
16331,Korletta,Daniels,UNRESOLVED (-1),2025-26,,,,
16332,Maliah,Preston,UNRESOLVED (-1),2025-26,,,,
16333,Kyrah,Davis,UNRESOLVED (-1),2025-26,,,,
16334,Laylah,Toscano,UNRESOLVED (-1),2025-26,,,,
16335,Erica,Rawlings,UNRESOLVED (-1),2025-26,,,,
16336,De'Ashaj,Crawford,UNRESOLVED (-1),2025-26,,,,
16337,Gabby,Tapley,UNRESOLVED (-1),2025-26,,,,
16338,Gabby,Golphin,UNRESOLVED (-1),2025-26,,,,
16339,Laken,Powe,UNRESOLVED (-1),2025-26,,,,
16340,Gabby,Bryant,UNRESOLVED (-1),2025-26,,,,
16644,Princess,Akojenu,UNRESOLVED (-1),2025-26,,,,
16645,Lovely,Tua-Link,UNRESOLVED (-1),2025-26,,,,
16646,DaNiya,Warren McClure,UNRESOLVED (-1),2025-26,,,,
16649,Raegan,Mason,UNRESOLVED (-1),2025-26,,,,
16650,Ma'Liyah,Hodges,UNRESOLVED (-1),2025-26,,,,
16867,Paris,Alana Jones,UNRESOLVED (-1),2025-26,,,,
16868,Aletha,Bearfield,UNRESOLVED (-1),2025-26,,,,
16869,Jamilah,Hayes,UNRESOLVED (-1),2025-26,,,,
17626,Jada,Barnes,Humboldt State,2025-26,https://humboldtathletics.com/sports/womens-basketball/stats/2025-26,Guard,"5' 4""",
17627,Leamsi,Acuna,Humboldt State,2025-26,https://humboldtathletics.com/sports/womens-basketball/stats/2025-26,Guard,"5' 5""",
17629,Riley,Sanz,Humboldt State,2025-26,https://humboldtathletics.com/sports/womens-basketball/stats/2025-26,Guard,"5' 8""",
17630,Sienna,Cherwinski,Humboldt State,2025-26,https://humboldtathletics.com/sports/womens-basketball/stats/2025-26,Guard,"5' 8""",
17631,Jordyn,Smith,Humboldt State,2025-26,https://humboldtathletics.com/sports/womens-basketball/stats/2025-26,Center,"6' 2""",
17632,Shade,Satica,Humboldt State,2025-26,https://humboldtathletics.com/sports/womens-basketball/stats/2025-26,Guard,"5' 10""",
17633,Kyra,Stewart,Humboldt State,2025-26,https://humboldtathletics.com/sports/womens-basketball/stats/2025-26,Guard,"5' 7""",
17634,Keana,Gosney,Humboldt State,2025-26,https://humboldtathletics.com/sports/womens-basketball/stats/2025-26,Guard,"5' 7""",
17635,Kya,Kanoho,Humboldt State,2025-26,https://humboldtathletics.com/sports/womens-basketball/stats/2025-26,Guard,"5' 7""",
17636,Kyori,Lloyd,Humboldt State,2025-26,https://humboldtathletics.com/sports/womens-basketball/stats/2025-26,Forward,"5' 10""",
17637,Jaden,Hill-Massarotti,Humboldt State,2025-26,https://humboldtathletics.com/sports/womens-basketball/stats/2025-26,Guard,"5' 8""",
17641,Sydney,Wells,UNRESOLVED (-1),2025-26,,,,
8520,Sofia,Baldessari,UNRESOLVED (-1),2025-26,,,,
8521,Jenna,Shandy,UNRESOLVED (-1),2025-26,,,,
8522,Jade,Leon,UNRESOLVED (-1),2025-26,,,,
8523,Quincey,Baum,UNRESOLVED (-1),2025-26,,,,
8524,Emily,Thomas,UNRESOLVED (-1),2025-26,,,,
8525,Sophia,Baal,UNRESOLVED (-1),2025-26,,,,
8526,Emma,Sixta,UNRESOLVED (-1),2025-26,,,,
8527,Lindsey,Jones,UNRESOLVED (-1),2025-26,,,,
8528,Olivia,Campbell,UNRESOLVED (-1),2025-26,,,,
8682,Amyah,Moore Allen,UNRESOLVED (-1),2025-26,,,,
8683,Rylie,Ottmann,UNRESOLVED (-1),2025-26,,,,
8684,Jayla,Jackson-Allen,UNRESOLVED (-1),2025-26,,,,
8686,Mya,Wilson,UNRESOLVED (-1),2025-26,,,,
8687,Ayianna,Johnson,UNRESOLVED (-1),2025-26,,,,
8688,Gia,Bradley,UNRESOLVED (-1),2025-26,,,,
8689,Breelyn,Robinson,UNRESOLVED (-1),2025-26,,,,
8900,Calyanna,Cage,Central State (OH),2025-26,https://maraudersports.com/sports/womens-basketball/stats/2025-26,,,
8902,Nicole,Forbes,Central State (OH),2025-26,https://maraudersports.com/sports/womens-basketball/stats/2025-26,,,
9348,Kira,Bass,UNRESOLVED (-1),2025-26,,,,
9349,Catyn,Graham,Oklahoma Baptist,2025-26,https://obubison.com/sports/womens-basketball/stats/2025-26,,,
9350,Conley,Cayot,UNRESOLVED (-1),2025-26,,,,
9351,Summya,Adigun,UNRESOLVED (-1),2025-26,,,,
9352,Jaida,Shipp,UNRESOLVED (-1),2025-26,,,,
9353,Camille,Pritchard,Arkansas - Monticello,2025-26,https://www.uamsports.com/sports/womens-basketball/stats/2025-26,,,
9354,Madison,Denison,UNRESOLVED (-1),2025-26,,,,
9355,Ella,Porter,UNRESOLVED (-1),2025-26,,,,
9356,Sincere,Jackson,UNRESOLVED (-1),2025-26,,,,
9357,Landry,Allen,UNRESOLVED (-1),2025-26,,,,
9358,Piper,Patterson,UNRESOLVED (-1),2025-26,,,,
9359,Payten,Conde,Oklahoma Baptist,2025-26,https://obubison.com/sports/womens-basketball/stats/2025-26,,,
9360,Lacy,Brough,UNRESOLVED (-1),2025-26,,,,
9361,Kasidy,Russell,UNRESOLVED (-1),2025-26,,,,
9363,Wrigley,Adkisson,UNRESOLVED (-1),2025-26,,,,
9364,Zoe,Wittler,UNRESOLVED (-1),2025-26,,,,
9459,Elle,Papahronis,UNRESOLVED (-1),2025-26,,,,
9460,Rees,Berkey,UNRESOLVED (-1),2025-26,,,,
9461,Kennedy,Hight,UNRESOLVED (-1),2025-26,,,,
9569,Vilborg,Jonsdottir,UNRESOLVED (-1),2025-26,,,,
10463,Hanne,Alvarez Verdaguer,Christian Brothers,2025-26,https://cbubucs.com/sports/womens-basketball/stats/2025-26,,,
10464,Teuila,Faalogo,Christian Brothers,2025-26,https://cbubucs.com/sports/womens-basketball/stats/2025-26,,"5' 11""",JR
10465,Mya,Bourget,Christian Brothers,2025-26,https://cbubucs.com/sports/womens-basketball/stats/2025-26,,"5' 8""",SO
10466,Alice,Conrad,Christian Brothers,2025-26,https://cbubucs.com/sports/womens-basketball/stats/2025-26,,"5' 7""",JR
10467,Mariah,Curley,Christian Brothers,2025-26,https://cbubucs.com/sports/womens-basketball/stats/2025-26,,"5' 8""",GR
10468,MARIA,BRAGA,Christian Brothers,2025-26,https://cbubucs.com/sports/womens-basketball/stats/2025-26,,"5' 9""",JR
10469,Emily,Sawyer,Christian Brothers,2025-26,https://cbubucs.com/sports/womens-basketball/stats/2025-26,,"6' 2""",JR
10470,Amani,Lipscomb,Christian Brothers,2025-26,https://cbubucs.com/sports/womens-basketball/stats/2025-26,,"5' 3""",SO
10471,Anastasija,Cernova,Christian Brothers,2025-26,https://cbubucs.com/sports/womens-basketball/stats/2025-26,,"5' 11""",JR
10787,Ellie,Reynolds,UNRESOLVED (-1),2025-26,,,,
10788,Brooklyn,Hurtado,UNRESOLVED (-1),2025-26,,,,
11031,Claire,Watson,Millersville,2025-26,https://millersvilleathletics.com/sports/womens-basketball/stats/2025-26,,,
11841,Taylor,Farrar,Christian Brothers,2025-26,https://cbubucs.com/sports/womens-basketball/stats/2025-26,,"5' 9""",SO
11886,Donee',Frazier,Christian Brothers,2025-26,https://cbubucs.com/sports/womens-basketball/stats/2025-26,,,
11901,Tamora,Brown,UNRESOLVED (-1),2025-26,,,,
11902,Navaeh,Small,UNRESOLVED (-1),2025-26,,,,
11903,Ameyah,Gray,UNRESOLVED (-1),2025-26,,,,
11904,Andie,Flatgard,UNRESOLVED (-1),2025-26,,,,
11905,Keziah,Seay,UNRESOLVED (-1),2025-26,,,,
11906,Shelby,McAllister,UNRESOLVED (-1),2025-26,,,,
11907,Samya,Brooks,UNRESOLVED (-1),2025-26,,,,
11908,Gabby,Litvak,UNRESOLVED (-1),2025-26,,,,
11909,Jaden,Toney,UNRESOLVED (-1),2025-26,,,,
11910,Toccara,Stagnaro,UNRESOLVED (-1),2025-26,,,,
11911,Paige,Taylor,UNRESOLVED (-1),2025-26,,,,
11922,Ivey,Maddox,UNRESOLVED (-1),2025-26,,,,
11923,Paris,Opelt,UNRESOLVED (-1),2025-26,,,,
11924,Bella,White,UNRESOLVED (-1),2025-26,,,,
11925,Millie,Brown,UNRESOLVED (-1),2025-26,,,,
11926,Mia,Hollingsworth,UNRESOLVED (-1),2025-26,,,,
11927,Chloe,Siegel,UNRESOLVED (-1),2025-26,,,,
11928,Mckenzie,Percoski,UNRESOLVED (-1),2025-26,,,,
11949,Lindsay,Garner,West Georgia,2025-26,,,,
11984,Natalia,Crooke,Southwest Baptist,2025-26,https://www.sbubearcats.com/sports/womens-basketball/stats/2025-26,G,,GR
11985,Kamiyah,Hurd,Southwest Baptist,2025-26,https://www.sbubearcats.com/sports/womens-basketball/stats/2025-26,FWD,,JR
11986,Ida,Lusadisu N'Gonda,Southwest Baptist,2025-26,https://www.sbubearcats.com/sports/womens-basketball/stats/2025-26,FWD/C,,JR
11989,Nahia,Esnaola,Southwest Baptist,2025-26,https://www.sbubearcats.com/sports/womens-basketball/stats/2025-26,,,
11991,Claudia,Diez Sancho,Southwest Baptist,2025-26,https://www.sbubearcats.com/sports/womens-basketball/stats/2025-26,C,,JR
11992,Zaakyaa,Young,Southwest Baptist,2025-26,https://www.sbubearcats.com/sports/womens-basketball/stats/2025-26,G,,R-Sr.
12026,Savannah,Campbell,Missouri S&T,2025-26,https://minerathletics.com/sports/womens-basketball/stats/2025-26,,,
12069,Samantha,Campanelli,Lewis,2025-26,https://lewisflyers.com/sports/womens-basketball/stats/2025-26,,,
12073,Madeline,Casey,Quincy,2025-26,https://quhawks.com/sports/womens-basketball/stats/2025-26,,,
12076,Eviyon,Richardson,Southwest Baptist,2025-26,https://www.sbubearcats.com/sports/womens-basketball/stats/2025-26,FWD,,JR
12077,Carolina,Crawford,Southwest Baptist,2025-26,https://www.sbubearcats.com/sports/womens-basketball/stats/2025-26,G,,JR
12078,Reagan,Wells,Southwest Baptist,2025-26,https://www.sbubearcats.com/sports/womens-basketball/stats/2025-26,G,,SO
13495,Gabriella,Rones,UNRESOLVED (-1),2025-26,,,,
13496,Amaya,Fuentes,UNRESOLVED (-1),2025-26,,,,
13500,Ronyae,Jackson,UNRESOLVED (-1),2025-26,,,,
13502,Nevaeh,Asiasi,UNRESOLVED (-1),2025-26,,,,
13504,Sofia,Fidelus,UNRESOLVED (-1),2025-26,,,,
13603,Mariah,Blake,UNRESOLVED (-1),2025-26,,,,
13605,Kyara,Walter,UNRESOLVED (-1),2025-26,,,,
13759,Ariyah,Smith,UNRESOLVED (-1),2025-26,,,,
13760,Jocelynn,Townsend,UNRESOLVED (-1),2025-26,,,,
14031,Dessie,McCarty,Arkansas Tech,2025-26,https://arkansastechsports.com/sports/womens-basketball/stats/2025-26,,,
14032,Marleigh,Sellers,Arkansas Tech,2025-26,https://arkansastechsports.com/sports/womens-basketball/stats/2025-26,,,
14166,Lili,Wilken,UNRESOLVED (-1),2025-26,,,,
14505,Graci,Fairman,Wheeling,2025-26,https://wucardinals.com/sports/womens-basketball/stats/2025-26,,"5' 5""",SR
14508,Layla,Merriweather,Wheeling,2025-26,https://wucardinals.com/sports/womens-basketball/stats/2025-26,,"5' 6""",SO
14592,Brynae,Stewart,UNRESOLVED (-1),2025-26,,,,
14932,Briyanna,Sapp,Davis & Elkins,2025-26,https://senatornation.com/sports/womens-basketball/stats/2025-26,,,
14944,Aluel,Tong,Wheeling,2025-26,https://wucardinals.com/sports/womens-basketball/stats/2025-26,,"6' 0""",SR
15062,Avery,Davis,Wheeling,2025-26,https://wucardinals.com/sports/womens-basketball/stats/2025-26,,"5' 8""",SO
15343,Ava,McSwain,UNRESOLVED (-1),2025-26,,,,
15517,Naheim,Suarez,UNRESOLVED (-1),2025-26,,,,
15520,Joyce,Hernandez,UNRESOLVED (-1),2025-26,,,,
15521,Alondra,Cosme,UNRESOLVED (-1),2025-26,,,,
15522,Fabiola,Maisonet,UNRESOLVED (-1),2025-26,,,,
15523,Myah,Rivera,UNRESOLVED (-1),2025-26,,,,
15524,Joeysel,Velazquez,UNRESOLVED (-1),2025-26,,,,
15526,Jaymar,Montanez,UNRESOLVED (-1),2025-26,,,,
16007,Khiara,Lamberty,UNRESOLVED (-1),2025-26,,,,
16076,Liv,Loveland,UNRESOLVED (-1),2025-26,,,,
16529,JoLeigh,Hamilton,UNRESOLVED (-1),2025-26,,,,
16530,Jordyn,Smoot,UNRESOLVED (-1),2025-26,,,,
16531,Addison,West,UNRESOLVED (-1),2025-26,,,,
16532,Caris,Risner,UNRESOLVED (-1),2025-26,,,,
16533,Jenna,Tripp,UNRESOLVED (-1),2025-26,,,,
16534,Alayna,Okulich,UNRESOLVED (-1),2025-26,,,,
16535,Elisha,Smith,UNRESOLVED (-1),2025-26,,,,
16536,Kiley,Wray,UNRESOLVED (-1),2025-26,,,,
16537,Alexis,Dotson,UNRESOLVED (-1),2025-26,,,,
16538,Giselle,Griego,UNRESOLVED (-1),2025-26,,,,
16725,Mia,DiPuccio,UNRESOLVED (-1),2025-26,,,,
17647,Barbora,Fronkova,Roberts Wesleyan,2025-26,https://robertsredhawks.com/sports/womens-basketball/stats/2025-26,,,
17648,Janin,Vergara Virgil,Barry,2025-26,https://gobarrybucs.com/sports/womens-basketball/stats/2025-26,,,
17649,Amiyah,Tull,UNRESOLVED (-1),2025-26,,,,
17650,Emili,Sierra Lacosta,Wheeling,2025-26,https://wucardinals.com/sports/womens-basketball/stats/2025-26,,,
17651,Irat,Amorrortu Sainz,Kentucky Wesleyan,2025-26,https://kwcpanthers.com/sports/womens-basketball/stats/2025-26,,,
17669,Lanie,Wilt,UNRESOLVED (-1),2025-26,,,,
17670,Avana,Sayles,UNRESOLVED (-1),2025-26,,,,
17671,Madison,Rusnica,UNRESOLVED (-1),2025-26,,,,
17672,Jaidyn,McCracken,UNRESOLVED (-1),2025-26,,,,
17673,Halle,Kuzminski,UNRESOLVED (-1),2025-26,,,,
17674,Ellie,Irvin,UNRESOLVED (-1),2025-26,,,,
17675,Allyana,Stephens,UNRESOLVED (-1),2025-26,,,,
17676,Haley,Hicks,UNRESOLVED (-1),2025-26,,,,
17677,Addi,Schirato,UNRESOLVED (-1),2025-26,,,,
17679,Storm,Wilson,Trevecca Nazarene,2025-26,https://tnutrojans.com/sports/womens-basketball/stats/2025-26,,,
17680,Saniya,Keys,UNRESOLVED (-1),2025-26,,,,
17681,Brittney,Howell,UNRESOLVED (-1),2025-26,,,,
17682,Trenisha,Adams,UNRESOLVED (-1),2025-26,,,,
17683,Jay'Lenai,Thomas,UNRESOLVED (-1),2025-26,,,,
17684,Maliyah,Hughes,UNRESOLVED (-1),2025-26,,,,
17685,Lydia,Josiah,UNRESOLVED (-1),2025-26,,,,
17686,Alecia,Reasor,UNRESOLVED (-1),2025-26,,,,
17687,Jakyla,Dilawara,UNRESOLVED (-1),2025-26,,,,
17688,Shaniya,Sanders,UNRESOLVED (-1),2025-26,,,,
17689,Jatya,Lester,UNRESOLVED (-1),2025-26,,,,
17690,Jazmine,Young,UNRESOLVED (-1),2025-26,,,,
17691,Courtney,Lumpkins,UNRESOLVED (-1),2025-26,,,,
17692,Taijah,Lewis,UNRESOLVED (-1),2025-26,,,,
17693,Kayla,Lee,UNRESOLVED (-1),2025-26,,,,
17694,Krista,Brandon,UNRESOLVED (-1),2025-26,,,,
17695,Sariyah,Williams,UNRESOLVED (-1),2025-26,,,,
17696,Jayla,Bibbs,UNRESOLVED (-1),2025-26,,,,
17697,Mya,Robinson,UNRESOLVED (-1),2025-26,,,,
17698,Jayla,Hawkins,UNRESOLVED (-1),2025-26,,,,
17699,Deja,Dunbar,UNRESOLVED (-1),2025-26,,,,
17700,Teniya,Williams,UNRESOLVED (-1),2025-26,,,,
17701,Jordyn,Bailey,UNRESOLVED (-1),2025-26,,,,
17716,Alejandra,Cabrera,UNRESOLVED (-1),2025-26,,,,
17717,Jaxelis,Miranda,UNRESOLVED (-1),2025-26,,,,
17718,Joysel,Velazquez,UNRESOLVED (-1),2025-26,,,,
9215,Aminata,Diallo,Cameron,2025-26,https://cameronaggies.com/sports/womens-basketball/stats/2025-26,,,
9233,Umi,Otsuka,UNRESOLVED (-1),2025-26,,,,
9234,Danielle,Oyakhire,UNRESOLVED (-1),2025-26,,,,
9235,Clara,Paynter,UNRESOLVED (-1),2025-26,,,,
9236,Kinley,Mears,UNRESOLVED (-1),2025-26,,,,
9237,Addy,Self,UNRESOLVED (-1),2025-26,,,,
9238,Emery,Espinoza,UNRESOLVED (-1),2025-26,,,,
9239,Anna,Yellen,UNRESOLVED (-1),2025-26,,,,
9240,Raven,Busby,UNRESOLVED (-1),2025-26,,,,
9241,Liv,Pedigo,UNRESOLVED (-1),2025-26,,,,
9242,Sheridan,Kavanagh,UNRESOLVED (-1),2025-26,,,,
9262,Victoria,Aguayo,UNRESOLVED (-1),2025-26,,,,
9263,Itzel,Caro,UNRESOLVED (-1),2025-26,,,,
9264,Emma,Schumacher,UNRESOLVED (-1),2025-26,,,,
9265,Sophiya,Bustillos,UNRESOLVED (-1),2025-26,,,,
9266,Ariana,Escalante,UNRESOLVED (-1),2025-26,,,,
9267,Daisy,Fernandez,UNRESOLVED (-1),2025-26,,,,
9268,Maddie,Rhea,UNRESOLVED (-1),2025-26,,,,
9269,Alianna,Colon,UNRESOLVED (-1),2025-26,,,,
9411,Reagan,Fox,UNRESOLVED (-1),2025-26,,,,
9993,Natalie,Bremer,UNRESOLVED (-1),2025-26,,,,
9994,Ava,Stier,UNRESOLVED (-1),2025-26,,,,
9995,Rhyan,Holmgren,UNRESOLVED (-1),2025-26,,,,
9996,Mackenzie,Schweim,UNRESOLVED (-1),2025-26,,,,
9997,Hannah,Herzig,UNRESOLVED (-1),2025-26,,,,
9998,Haylee,Stokes,UNRESOLVED (-1),2025-26,,,,
9999,Hannah,Leverson,UNRESOLVED (-1),2025-26,,,,
10001,Shantell,Harden,UNRESOLVED (-1),2025-26,,,,
10002,Mallory,Czinano,UNRESOLVED (-1),2025-26,,,,
10003,Addison,Hoof,UNRESOLVED (-1),2025-26,,,,
10004,Adeline,Kent,UNRESOLVED (-1),2025-26,,,,
10005,Delaynie,Luneckas,UNRESOLVED (-1),2025-26,,,,
10007,Natalie,Mueller,UNRESOLVED (-1),2025-26,,,,
10013,Alayna,Suprenand,UNRESOLVED (-1),2025-26,,,,
10014,Rachel,Koenig,UNRESOLVED (-1),2025-26,,,,
10054,Megan,Counts,Chadron State,2025-26,https://chadroneagles.com/sports/womens-basketball/stats/2025-26,,,
10074,Emily,Srejma,Minot State,2025-26,https://msubeavers.com/sports/womens-basketball/stats/2025-26,,,
10100,Bergen,Kinnebrew,Mary (ND),2025-26,https://goumary.com/sports/womens-basketball/stats/2025-26,,,
14574,Leslie,Mojica,UNRESOLVED (-1),2025-26,,,,
14864,Evelyn,Quiroz,Texas A&M Kingsville,2025-26,https://javelinaathletics.com/sports/womens-basketball/stats/2025-26,,,
14865,Renata,Parga,Texas A&M Kingsville,2025-26,https://javelinaathletics.com/sports/womens-basketball/stats/2025-26,,,
15022,Alexandra,Gonzales,Western New Mexico,2025-26,https://wnmumustangs.com/sports/womens-basketball/stats/2025-26,,"5' 8""",FR
17721,Emma,Miller,Minnesota Crookston,2025-26,https://goldeneaglesports.com/sports/womens-basketball/stats/2025-26,,"5' 1""",SR
17722,Hope,Dudycha,Minnesota Crookston,2025-26,https://goldeneaglesports.com/sports/womens-basketball/stats/2025-26,,"5' 5""",R-Jr.
17723,Taylor,Dirkes,Minnesota Crookston,2025-26,https://goldeneaglesports.com/sports/womens-basketball/stats/2025-26,,"5' 9""",FR
17724,Tayden,Hanks,Minnesota Crookston,2025-26,https://goldeneaglesports.com/sports/womens-basketball/stats/2025-26,,"5' 11""",JR
17725,Emma,Pierson,Minnesota Crookston,2025-26,https://goldeneaglesports.com/sports/womens-basketball/stats/2025-26,,"5' 9""",FR
17726,Halle,Winjum,Minnesota Crookston,2025-26,https://goldeneaglesports.com/sports/womens-basketball/stats/2025-26,,"5' 6""",SO
17727,Natalie,Mikrot,Minnesota Crookston,2025-26,https://goldeneaglesports.com/sports/womens-basketball/stats/2025-26,,"5' 6""",SR
17728,Anna,Westby,Minnesota Crookston,2025-26,https://goldeneaglesports.com/sports/womens-basketball/stats/2025-26,,"5' 11""",FR
17729,Rayna,Klejeski,Minnesota Crookston,2025-26,https://goldeneaglesports.com/sports/womens-basketball/stats/2025-26,,"6' 0""",JR
17730,Brynlea,Mahlen,Minnesota Crookston,2025-26,https://goldeneaglesports.com/sports/womens-basketball/stats/2025-26,,"5' 9""",SO
17732,Riley,Jenkins,Minnesota Crookston,2025-26,https://goldeneaglesports.com/sports/womens-basketball/stats/2025-26,,"5' 10""",R-Jr.
9528,Katie,Yoder,Union (TN),2025-26,https://uuathletics.com/sports/womens-basketball/stats/2025-26,,,
11789,Kimberly,Carrada,Alaska - Anchorage,2025-26,https://goseawolves.com/sports/womens-basketball/stats/2025-26,,,
12150,Zoe,Spellman,Purdue Northwest,2025-26,https://pnwathletics.com/sports/womens-basketball/stats/2025-26,,,
17739,Gabi,Lutchka,Wayne State (NE),2025-26,https://wscwildcats.com/sports/womens-basketball/stats/2025-26,,,
17740,Taylor,Thompson,Wayne State (NE),2025-26,https://wscwildcats.com/sports/womens-basketball/stats/2025-26,,,
17741,Jaci,Tubergen,Wayne State (NE),2025-26,https://wscwildcats.com/sports/womens-basketball/stats/2025-26,,,
17742,Karrington,Gordon,Wayne State (NE),2025-26,https://wscwildcats.com/sports/womens-basketball/stats/2025-26,,,
17743,McKenna,Ferguson,Wayne State (NE),2025-26,https://wscwildcats.com/sports/womens-basketball/stats/2025-26,,,
17744,Koko,Sylvester,Wayne State (NE),2025-26,https://wscwildcats.com/sports/womens-basketball/stats/2025-26,,,
17745,DeMaya,Asberry,Wayne State (NE),2025-26,https://wscwildcats.com/sports/womens-basketball/stats/2025-26,,,
17746,Emily,Homan,Wayne State (NE),2025-26,https://wscwildcats.com/sports/womens-basketball/stats/2025-26,,,
17747,Lexi,Boyke,Wayne State (NE),2025-26,https://wscwildcats.com/sports/womens-basketball/stats/2025-26,,,
17748,Annabel,Ayrault,Wayne State (NE),2025-26,https://wscwildcats.com/sports/womens-basketball/stats/2025-26,,,
17749,Mackenzie,Miller,Wayne State (NE),2025-26,https://wscwildcats.com/sports/womens-basketball/stats/2025-26,,,
17751,Jazz,-Gray,UNRESOLVED (-1),2025-26,,,,
17752,Audra,-Pasakarnis,UNRESOLVED (-1),2025-26,,,,
17753,Rhi,-Gibbons,UNRESOLVED (-1),2025-26,,,,
17754,Kaylee,-King,UNRESOLVED (-1),2025-26,,,,
17755,Sara,-Mendel,UNRESOLVED (-1),2025-26,,,,
17756,Sage,-Stratton,UNRESOLVED (-1),2025-26,,,,
17757,Josie,-Storey,UNRESOLVED (-1),2025-26,,,,
17758,Talia,-Norman,UNRESOLVED (-1),2025-26,,,,
17759,Brooklyn,-Owens,UNRESOLVED (-1),2025-26,,,,
17760,Raegan,-Halliday,UNRESOLVED (-1),2025-26,,,,
17761,Teague,-Muncy,UNRESOLVED (-1),2025-26,,,,
17762,Ellie,-Wells,UNRESOLVED (-1),2025-26,,,,
17763,AJ,Rickli,Wayne State (NE),2025-26,https://wscwildcats.com/sports/womens-basketball/stats/2025-26,,,
17764,Nakiyah,-Hurst,Wisconsin Parkside,2025-26,https://parksiderangers.com/sports/womens-basketball/stats/2025-26,,,
17774,Lauren,-Wilder,UNRESOLVED (-1),2025-26,,,,
17776,Katelyn,-Baney,UNRESOLVED (-1),2025-26,,,,
17785,-Beckham,Hockley,UNRESOLVED (-1),2025-26,,,,
17788,-Maggie,Keinsley,UNRESOLVED (-1),2025-26,,,,
12187,Isabella,Hanna,Michigan Tech,2025-26,https://michigantechhuskies.com/sports/womens-basketball/stats/2025-26,,,
13782,Jaylin,Hartman,Tampa,2025-26,https://www.tampaspartans.com/sports/wbkb/2025-26/teams/tampa,,,
17765,Dara,-Capaldi,Eastern Michigan,2025-26,,,,
17766,Clare,-Conzelmann,UNRESOLVED (-1),2025-26,,,,
17767,Lara,-Aguzzi,UNRESOLVED (-1),2025-26,,,,
17768,Grace,-Bradford,UNRESOLVED (-1),2025-26,,,,
17769,Seyyane,-Matthew,UNRESOLVED (-1),2025-26,,,,
17770,Chloe,-Watson,UNRESOLVED (-1),2025-26,,,,
17771,Halen,-McLaughlin,UNRESOLVED (-1),2025-26,,,,
17772,Lena,-Pleaugh,UNRESOLVED (-1),2025-26,,,,
17773,Malia,-Thelen,UNRESOLVED (-1),2025-26,,,,
17775,Maddie,-Bradford,UNRESOLVED (-1),2025-26,,,,
17777,-Megan,McCalla,UNRESOLVED (-1),2025-26,,,,
17778,-Kaitlyn,Geurink,UNRESOLVED (-1),2025-26,,,,
17779,-Lainey,Yater,UNRESOLVED (-1),2025-26,,,,
17780,-Lydia,Meredith,UNRESOLVED (-1),2025-26,,,,
17781,-Lauren,Borsenik,UNRESOLVED (-1),2025-26,,,,
17782,-Laynie,Meredith,UNRESOLVED (-1),2025-26,,,,
17783,-Emma,Dziezgowski,UNRESOLVED (-1),2025-26,,,,
17784,-Chloe,Kilbride,UNRESOLVED (-1),2025-26,,,,
17786,-Kacie,Bush,UNRESOLVED (-1),2025-26,,,,
17787,-Elizabeth,Stuart,UNRESOLVED (-1),2025-26,,,,
17789,-Bella,Paradowski,UNRESOLVED (-1),2025-26,,,,
17790,Charley,Woodman,UNRESOLVED (-1),2025-26,,,,
17791,Makenna,Clement,UNRESOLVED (-1),2025-26,,,,
17792,Jalisa,Walker,UNRESOLVED (-1),2025-26,,,,
17793,Kennedy,Stout,UNRESOLVED (-1),2025-26,,,,
17794,Maddi,Holt,UNRESOLVED (-1),2025-26,,,,
17795,Kori,Sanders,UNRESOLVED (-1),2025-26,,,,
17796,Josie,Williams,UNRESOLVED (-1),2025-26,,,,
17797,Amelia,Rogers,UNRESOLVED (-1),2025-26,,,,
17798,Allie,Rehl,Oklahoma Baptist,2025-26,https://obubison.com/sports/womens-basketball/stats/2025-26,,,
17799,Alli,McAda,UNRESOLVED (-1),2025-26,,,,
17800,Laykin,Moore,UNRESOLVED (-1),2025-26,,,,
17801,Myiah,Butler,UNRESOLVED (-1),2025-26,,,,
17802,Maddie,Thorfinnson,UNRESOLVED (-1),2025-26,,,,
17803,Audrey,Swanson,UNRESOLVED (-1),2025-26,,,,
17804,Kylan,Gerads,UNRESOLVED (-1),2025-26,,,,
17805,Natalie,Nielsen,UNRESOLVED (-1),2025-26,,,,
17806,Nicole,Maenke,UNRESOLVED (-1),2025-26,,,,
17807,Brynn,Busse,UNRESOLVED (-1),2025-26,,,,
17808,Allie,Haabala,UNRESOLVED (-1),2025-26,,,,
17809,Brylee,Iverson,UNRESOLVED (-1),2025-26,,,,
17810,Kylie,Morris,UNRESOLVED (-1),2025-26,,,,
17811,Kaitlyn,Parker,UNRESOLVED (-1),2025-26,,,,
17812,Koi,Shabazz,UNRESOLVED (-1),2025-26,,,,
17813,Jahniya,Marion,UNRESOLVED (-1),2025-26,,,,
17814,Madison,Mims,UNRESOLVED (-1),2025-26,,,,
17815,Jatia,Markes,UNRESOLVED (-1),2025-26,,,,
17816,Deylana,Forrest,UNRESOLVED (-1),2025-26,,,,
17817,Addison,Boram,UNRESOLVED (-1),2025-26,,,,
17818,Nadia,President,UNRESOLVED (-1),2025-26,,,,
17819,Kalese,Salter,UNRESOLVED (-1),2025-26,,,,
17820,Jalia,Garner,UNRESOLVED (-1),2025-26,,,,
17821,Briyanna,Sapp,UNRESOLVED (-1),2025-26,,,,
17822,Sydney,Prince,UNRESOLVED (-1),2025-26,,,,
17823,Sophia,Yancy,UNRESOLVED (-1),2025-26,,,,
17824,Tanisha,Seymour,UNRESOLVED (-1),2025-26,,,,
9244,Addisyn,Parker,Texas A&M Kingsville,2025-26,https://javelinaathletics.com/sports/womens-basketball/stats/2025-26,,,
9247,Jadeyn,Perez,Texas A&M Kingsville,2025-26,https://javelinaathletics.com/sports/womens-basketball/stats/2025-26,,,
9248,Ava,Mitchell,Texas A&M Kingsville,2025-26,https://javelinaathletics.com/sports/womens-basketball/stats/2025-26,,,
10504,Katelynn,Hagy,Nova Southeastern,2025-26,https://nsusharks.com/sports/womens-basketball/stats/2025-26,,,
10589,Samiya,Fletcher,UNRESOLVED (-1),2025-26,,,,
10592,Meghan,Conley,UNRESOLVED (-1),2025-26,,,,
10593,Aniya,Morelli,UNRESOLVED (-1),2025-26,,,,
10594,Elif Dila,Bayrak,Florida Tech,2025-26,https://floridatechsports.com/sports/womens-basketball/stats/2025-26,,,
10609,Kaitynn,Weaver,UNRESOLVED (-1),2025-26,,,,
11846,Isabella,Brenzil,Barry,2025-26,https://gobarrybucs.com/sports/womens-basketball/stats/2025-26,,,
15321,Elif,Dila Bayrak,Florida Tech,2025-26,https://floridatechsports.com/sports/womens-basketball/stats/2025-26,,,
15357,Jasmine,Fajardo,UNRESOLVED (-1),2025-26,,,,
17825,Elaina,Kline-Ruminsk,Rollins,2025-26,https://rollinssports.com/sports/wbball/stats/2025-26,,,
17826,Dackjerlin,Senior Fe,UNRESOLVED (-1),2025-26,,,,
17827,Janina,Vergara Virgi,Barry,2025-26,https://gobarrybucs.com/sports/womens-basketball/stats/2025-26,,,
10582,Jailenn,Green,UNRESOLVED (-1),2025-26,,,,
10583,Olivia,Agunzo,UNRESOLVED (-1),2025-26,,,,
10584,Amy,Duggan,UNRESOLVED (-1),2025-26,,,,
10585,Jocelyn,Gagnon,UNRESOLVED (-1),2025-26,,,,
10586,Mira,Hanna,UNRESOLVED (-1),2025-26,,,,
10587,Zoe,Oleary,UNRESOLVED (-1),2025-26,,,,
10588,Paula,Llovich,UNRESOLVED (-1),2025-26,,,,
10590,Dackjerlin,Senior Feliz,UNRESOLVED (-1),2025-26,,,,
10591,Marie,Bangoura,UNRESOLVED (-1),2025-26,,,,
11845,Paola,Pareja,Barry,2025-26,https://gobarrybucs.com/sports/womens-basketball/stats/2025-26,,,
17828,Khalia,Whoodley,Palm Beach Atlantic,2025-26,https://pbasailfish.com/sports/womens-basketball/stats/2025-26,,,
17829,Mary,Lengemann,UNRESOLVED (-1),2025-26,,,,
17830,Laurie,Satchell,UNRESOLVED (-1),2025-26,,,,
17831,Kailey,Turpening,UNRESOLVED (-1),2025-26,,,,
17832,Jareah,Branch,UNRESOLVED (-1),2025-26,,,,
17833,Eliana,Sheplee,UNRESOLVED (-1),2025-26,,,,
17834,Alyssa,Brasko,UNRESOLVED (-1),2025-26,,,,
17835,Maya,Collins,UNRESOLVED (-1),2025-26,,,,
17836,Bianca,Negreiros,UNRESOLVED (-1),2025-26,,,,
17837,Anye',Staton,UNRESOLVED (-1),2025-26,,,,
375,Cate,Carlson,Radford,2025-26,,,"5' 10""",JR
376,Joi,Williams,Radford,2025-26,,,"5' 6""",JR
379,Anna,Stromberg,Radford,2025-26,,,"6' 3""",SO
382,Angelina,Nice,Radford,2025-26,,,"6' 1""",SO
383,Ava,Sawi,Radford,2025-26,,,"5' 8""",SO
384,Adelyn,Traylor-Walker,Radford,2025-26,,,"5' 6""",SO
385,Kirah,Dandridge,Radford,2025-26,,,"5' 10""",SR
389,Ellie,Taylor,Radford,2025-26,,,"5' 10""",SR
1580,Anaiah,Jenkins,Radford,2025-26,,,"6' 0""",JR
6083,Georgia,Simonsen,Radford,2025-26,,,"6' 1""",FR
6084,Cherish,Haywood,Radford,2025-26,,,"5' 10""",FR
6086,Anna,Chacha,Radford,2025-26,,,"6' 2""",FR
6087,Lindsee,Williams,Radford,2025-26,,,"6' 4""",FR
9790,Isabella,Martin,Belmont Abbey,2025-26,https://abbeyathletics.com/sports/wbball/stats/2025-26,,,
10886,Sanna,Moore,Lincoln (PA),2025-26,https://lulions.com/sports/womens-basketball/stats/2025-26,,,
11148,De'aisjah,Somerville,Virginia Union,2025-26,https://vuusports.com/sports/womens-basketball/roster,,,
14750,Tanahia,Hairston,Virginia Union,2025-26,https://vuusports.com/sports/womens-basketball/roster,,,
14798,Mekayla,Furman,Virginia State,2025-26,https://govsutrojans.com/sports/womens-basketball/stats/2025-26,,,
14811,Zhara,Adeyemi,Roberts Wesleyan,2025-26,https://robertsredhawks.com/sports/womens-basketball/stats/2025-26,,,
15320,Princess,McCauley,South Wesleyan,2025-26,https://swuathletics.com/sports/womens-basketball/stats/2025-26,,,
17838,Kennedy,Johnson-Corl,Lander,2025-26,https://landerbearcats.com/sports/wbball/stats/2025-26,,,
17854,Madison,Mickens,Mars Hill,2025-26,https://www.marshilllions.com/sports/wbkb/2025-26/teams/marshill?jsRendering=true,,,
8841,Tish,Blackwood,UNRESOLVED (-1),2025-26,,,,
8842,Taeya,Steinauer,UNRESOLVED (-1),2025-26,,,,
8843,Hope,Fox,UNRESOLVED (-1),2025-26,,,,
8844,Jillian,Martin,UNRESOLVED (-1),2025-26,,,,
8845,Rheyna,Steinauer,UNRESOLVED (-1),2025-26,,,,
8847,Arianna,Gerkin,UNRESOLVED (-1),2025-26,,,,
8848,Maya,Henry,UNRESOLVED (-1),2025-26,,,,
9096,Iyanna,Cotten,UNRESOLVED (-1),2025-26,,,,
9595,Gracie,Lyon,Lake Erie,2025-26,https://lakeeriestorm.com/sports/womens-basketball/stats/2025-26,,,
10746,Aliyah,Hawkins,UNRESOLVED (-1),2025-26,,,,
10747,Alayna,Smith,UNRESOLVED (-1),2025-26,,,,
10749,Jaelyn,West,UNRESOLVED (-1),2025-26,,,,
10750,Ashley,Allen,UNRESOLVED (-1),2025-26,,,,
10753,Samantha,Lee,UNRESOLVED (-1),2025-26,,,,
11453,Chelsea,Lavezzo,Georgian Court,2025-26,https://gculions.com/sports/womens-basketball/stats/2025-26,,,
11497,Artasia,Cole,Tusculum,2025-26,https://www.tusculumpioneers.com/sports/wbkb/2025-26/teams/tusculum,,,
14177,Riley,Nelson,UNRESOLVED (-1),2025-26,,,,
14179,Kendall,Cross,UNRESOLVED (-1),2025-26,,,,
14755,Le'Aije,Ellington,UNRESOLVED (-1),2025-26,,,,
15034,Reese,Gayton,Grand Valley State,2025-26,https://gvsulakers.com/sports/womens-basketball/stats/2025-26,,,
15425,Jada,Williams,UNRESOLVED (-1),2025-26,,,,
15792,Raven,Addison,UNRESOLVED (-1),2025-26,,,,
16942,Madison,Reese,UNRESOLVED (-1),2025-26,,,,
17112,Madison,Williams,UNRESOLVED (-1),2025-26,,,,
17183,Stephanie,Formby,UNRESOLVED (-1),2025-26,,,,
17184,Ane,Valle,UNRESOLVED (-1),2025-26,,,,
17185,Lilla,Szilvassy,UNRESOLVED (-1),2025-26,,,,
17186,McKenzie,Palek,UNRESOLVED (-1),2025-26,,,,
17187,Deviney,Jackson,UNRESOLVED (-1),2025-26,,,,
17188,Erica,Egan,UNRESOLVED (-1),2025-26,,,,
17189,Adriana,Perez,UNRESOLVED (-1),2025-26,,,,
17191,Phoebe,Richards,UNRESOLVED (-1),2025-26,,,,
17192,Jah'Nel,Lewis,UNRESOLVED (-1),2025-26,,,,
17193,Lucy,Coogan,UNRESOLVED (-1),2025-26,,,,
17194,Neysa,Aguilar,UNRESOLVED (-1),2025-26,,,,
17195,Brooke,Corbett,UNRESOLVED (-1),2025-26,,,,
17196,Harmony,Earth-Wiley,UNRESOLVED (-1),2025-26,,,,
17197,Shauntia,Alexander,UNRESOLVED (-1),2025-26,,,,
17198,Sofia,Maldonado,UNRESOLVED (-1),2025-26,,,,
17199,Shayne,Eldridge,UNRESOLVED (-1),2025-26,,,,
17200,Teagan,Curran,UNRESOLVED (-1),2025-26,,,,
17201,Thai,Davis,UNRESOLVED (-1),2025-26,,,,
17202,Teagan,Kamm,UNRESOLVED (-1),2025-26,,,,
17203,Laura,Johnson-Shedd,UNRESOLVED (-1),2025-26,,,,
17204,Maeve,Moriarty,UNRESOLVED (-1),2025-26,,,,
17205,Emily,Collins,UNRESOLVED (-1),2025-26,,,,
17206,Morgan,Johnson,UNRESOLVED (-1),2025-26,,,,
17207,Olivia,Found,UNRESOLVED (-1),2025-26,,,,
17208,Madison,Handrahan,UNRESOLVED (-1),2025-26,,,,
17209,Emma,Dahl,UNRESOLVED (-1),2025-26,,,,
17210,Victoria,Morales,UNRESOLVED (-1),2025-26,,,,
17211,Christina,Sanchez,UNRESOLVED (-1),2025-26,,,,
17212,Me'Challe,Cancer,UNRESOLVED (-1),2025-26,,,,
17213,Gamila,Betton,UNRESOLVED (-1),2025-26,,,,
17215,Gianna,Chuffo,UNRESOLVED (-1),2025-26,,,,
17218,Adout,Ring,UNRESOLVED (-1),2025-26,,,,
17230,Ruzgar,Christina Boy,UNRESOLVED (-1),2025-26,,,,
17231,Alicia,Aznar Chamorr,UNRESOLVED (-1),2025-26,,,,
17874,Lauren,Beberman,UNRESOLVED (-1),2025-26,,,,
17875,Isabella,Asencio,UNRESOLVED (-1),2025-26,,,,
17876,Elizabeth,Healy,UNRESOLVED (-1),2025-26,,,,
17877,Bailey,Chapman,UNRESOLVED (-1),2025-26,,,,
17878,Iyana,Morel,UNRESOLVED (-1),2025-26,,,,
17879,Trinity,Cheatom,UNRESOLVED (-1),2025-26,,,,
17880,Delaney,Finnegan,UNRESOLVED (-1),2025-26,,,,
17881,Cassidy,Mahaney,UNRESOLVED (-1),2025-26,,,,
17882,Abby,Jacoby,UNRESOLVED (-1),2025-26,,,,
17883,Angela,Williams,UNRESOLVED (-1),2025-26,,,,
17884,Alaila,Thomas,UNRESOLVED (-1),2025-26,,,,
17885,Katie,Purpura,UNRESOLVED (-1),2025-26,,,,
17886,Jona,Kabashi,UNRESOLVED (-1),2025-26,,,,
17887,Toni,Schuetze,UNRESOLVED (-1),2025-26,,,,
17888,Isabella,Leggett,UNRESOLVED (-1),2025-26,,,,
17889,Vega,Gil,UNRESOLVED (-1),2025-26,,,,
17890,Ruby,Santos,UNRESOLVED (-1),2025-26,,,,
17891,Jayla,Tyler,UNRESOLVED (-1),2025-26,,,,
17892,Ashlee,Talbot,UNRESOLVED (-1),2025-26,,,,
17893,Molly,Brophy,UNRESOLVED (-1),2025-26,,,,
17894,Amber,Furch,UNRESOLVED (-1),2025-26,,,,
17895,Bella,Franchi,UNRESOLVED (-1),2025-26,,,,
17896,Kelli,Cieplicki,UNRESOLVED (-1),2025-26,,,,
17897,Margaret,Montplaisir,UNRESOLVED (-1),2025-26,,,,
17898,Ava,MacDonough,UNRESOLVED (-1),2025-26,,,,
17901,Rory,Ciszkowski,UNRESOLVED (-1),2025-26,,,,
17902,Marasia,Dyes,UNRESOLVED (-1),2025-26,,,,
17903,Lydia,Betz,UNRESOLVED (-1),2025-26,,,,
17904,Karlee,Lemon,UNRESOLVED (-1),2025-26,,,,
17905,Amber,Furtado,UNRESOLVED (-1),2025-26,,,,
17906,Janie,Cross,UNRESOLVED (-1),2025-26,,,,
17907,Genesis,Garcia,UNRESOLVED (-1),2025-26,,,,
17908,Eva,Walker,UNRESOLVED (-1),2025-26,,,,
17909,Katherine,Lange,UNRESOLVED (-1),2025-26,,,,
17910,Angie,Zagone,UNRESOLVED (-1),2025-26,,,,
17911,Kato,Van Heuverbeke,UNRESOLVED (-1),2025-26,,,,
17912,Abby,Williams,UNRESOLVED (-1),2025-26,,,,
17913,Lauryn,Wright,UNRESOLVED (-1),2025-26,,,,
17914,Kaylee,Dupuis,UNRESOLVED (-1),2025-26,,,,
17915,Reese,Matela,UNRESOLVED (-1),2025-26,,,,
17916,Madison,Lawrence,UNRESOLVED (-1),2025-26,,,,
17917,Gules,Esposito,UNRESOLVED (-1),2025-26,,,,
17918,Jaylyn,Orefice,UNRESOLVED (-1),2025-26,,,,
17919,Marissa,Sorvillo,UNRESOLVED (-1),2025-26,,,,
17920,Ashley,Chio,UNRESOLVED (-1),2025-26,,,,
17921,Jessaiah,Reynoso,UNRESOLVED (-1),2025-26,,,,
17922,Tikyra,Miller,UNRESOLVED (-1),2025-26,,,,
17923,Sara,Tamoun,UNRESOLVED (-1),2025-26,,,,
17924,Sabria,Mann,UNRESOLVED (-1),2025-26,,,,
17925,Tiayo,Adelekan,UNRESOLVED (-1),2025-26,,,,
17926,Kaya,Mobley,UNRESOLVED (-1),2025-26,,,,
17927,Bryce,Harvey-Carr,UNRESOLVED (-1),2025-26,,,,
17928,Tamia,Washington,UNRESOLVED (-1),2025-26,,,,
17929,Anahita,Jackson,UNRESOLVED (-1),2025-26,,,,
17930,Anaisah,Malone,UNRESOLVED (-1),2025-26,,,,
17931,Kourin,Carew,UNRESOLVED (-1),2025-26,,,,
17932,Ayrianna,Sumpter,UNRESOLVED (-1),2025-26,,,,
17943,KARLA,BARRENO,UNRESOLVED (-1),2025-26,,,,
17944,SONIA,MARTINEZ,UNRESOLVED (-1),2025-26,,,,
17945,KATHERINE,RITCHIE,UNRESOLVED (-1),2025-26,,,,
17946,Angelina,Barrera,UNRESOLVED (-1),2025-26,,,,
17947,Sophia,Hoyt,UNRESOLVED (-1),2025-26,,,,
17948,Grace,Lesko,UNRESOLVED (-1),2025-26,,,,
17949,Amani,Abuhatab,UNRESOLVED (-1),2025-26,,,,
17950,Kyla,Nembach,UNRESOLVED (-1),2025-26,,,,
17951,Paige,Fourtin,UNRESOLVED (-1),2025-26,,,,
17952,Haylee,Ellwood,UNRESOLVED (-1),2025-26,,,,
17953,Caitlin,Leary,UNRESOLVED (-1),2025-26,,,,
17954,Megan,Marcotte,UNRESOLVED (-1),2025-26,,,,
17955,Molly,Boek,UNRESOLVED (-1),2025-26,,,,
17961,Samantha,Jones,UNRESOLVED (-1),2025-26,,,,
17963,Jessenia,Edwards,UNRESOLVED (-1),2025-26,,,,
17965,Destiny,Wallace,UNRESOLVED (-1),2025-26,,,,
17966,Alexi,Hoy,UNRESOLVED (-1),2025-26,,,,
17967,Kayla,Mateo,UNRESOLVED (-1),2025-26,,,,
17978,Gaia,Zimbardo,UNRESOLVED (-1),2025-26,,,,
17979,Nia,Clemons,UNRESOLVED (-1),2025-26,,,,
17980,Emily,Piper,UNRESOLVED (-1),2025-26,,,,
17981,Bry,Hicks,UNRESOLVED (-1),2025-26,,,,
17983,Haelim,Adle,UNRESOLVED (-1),2025-26,,,,
17984,Laura,Mitchell-Walthall,UNRESOLVED (-1),2025-26,,,,
17985,Courtney,Nesbitt,UNRESOLVED (-1),2025-26,,,,
17995,Kadence,Walker,UNRESOLVED (-1),2025-26,,,,
17997,-Samantha,Meyers,UNRESOLVED (-1),2025-26,,,,
18000,-Mary,Elizabeth Fox,UNRESOLVED (-1),2025-26,,,,
18014,Te'Ericka,Dowling,UNRESOLVED (-1),2025-26,,,,
18016,Samaria,Smith,UNRESOLVED (-1),2025-26,,,,
18017,Kah'Liyah,Geddis,UNRESOLVED (-1),2025-26,,,,
18018,Lynda,Young,UNRESOLVED (-1),2025-26,,,,
8738,Allie,Regan,Mercy,2025-26,https://detroittitans.com/sports/womens-basketball/stats/2025-26,,,
12776,Kaelah,Carter,UNRESOLVED (-1),2025-26,,,,
14261,Gabriella,Clary,Bowie State,2025-26,https://bsubulldogs.com/sports/womens-basketball/stats/2025-26,,,
15029,Silvia,Moretti,Goldey Beacom,2025-26,https://www.gbcathletics.com/sports/womens-basketball/stats/2025-26,,,
15650,Ella,Brown,UNRESOLVED (-1),2025-26,,,,
16323,Audrey,Gorman,Newberry,2025-26,https://newberrywolves.com/sports/womens-basketball/stats/2025-26,,,
17125,Taylor,Hinkle,UNRESOLVED (-1),2025-26,,,,
17126,Claire,Dougherty,UNRESOLVED (-1),2025-26,,,,
17127,Kara,Meredith,UNRESOLVED (-1),2025-26,,,,
17128,Skyler,Searfoss,UNRESOLVED (-1),2025-26,,,,
17129,Lola,Ibarrondo,UNRESOLVED (-1),2025-26,,,,
17130,Amy,Ngo,UNRESOLVED (-1),2025-26,,,,
17131,Shania,Howard,UNRESOLVED (-1),2025-26,,,,
17132,Maya,Hill,UNRESOLVED (-1),2025-26,,,,
17899,Danielle,Brusha,UNRESOLVED (-1),2025-26,,,,
17900,Camryn,Gregory,UNRESOLVED (-1),2025-26,,,,
17933,Mya,Nisbet,UNRESOLVED (-1),2025-26,,,,
17934,Reynah,Rattliff,UNRESOLVED (-1),2025-26,,,,
17935,Emma,Brown,UNRESOLVED (-1),2025-26,,,,
17936,Sparkle,Leigh,UNRESOLVED (-1),2025-26,,,,
17937,TyKeisha,Hill,UNRESOLVED (-1),2025-26,,,,
17938,Samiyah,McFarlane,UNRESOLVED (-1),2025-26,,,,
17939,Trinity,Fortune-Medine,UNRESOLVED (-1),2025-26,,,,
17940,Armani,Bell-Jackson,UNRESOLVED (-1),2025-26,,,,
17941,Tianna,Neal,UNRESOLVED (-1),2025-26,,,,
17942,Bene,Butler,UNRESOLVED (-1),2025-26,,,,
17956,Karissa,Smedley,UNRESOLVED (-1),2025-26,,,,
17957,Farrah,White,UNRESOLVED (-1),2025-26,,,,
17958,Tyra,Lovelock,UNRESOLVED (-1),2025-26,,,,
17959,Niyell,McCargo,UNRESOLVED (-1),2025-26,,,,
17960,Morgan,Sconza,UNRESOLVED (-1),2025-26,,,,
17962,Amyah,Bray,UNRESOLVED (-1),2025-26,,,,
17964,Imani,Gillette,UNRESOLVED (-1),2025-26,,,,
17968,Kamryn,Porter,Boston University,2025-26,,,,
17969,Megan,Landsiedel,Boston University,2025-26,,,,
17970,Jaslin,Walker,Boston University,2025-26,,,,
17971,Jasmine,Day-Cox,Boston University,2025-26,,,,
17972,Claire,Greene,Boston University,2025-26,,,,
17973,Emma,Carman,Boston University,2025-26,,,,
17974,McKensi,Forde,Boston University,2025-26,,,,
17975,Alyssa,Rossignol,Boston University,2025-26,,,,
17976,Tiara,Tyson,Boston University,2025-26,,,,
17977,Lauren,Palangio,UNRESOLVED (-1),2025-26,,,,
17982,-Iratxe,Amorrortu Sai,Kentucky Wesleyan,2025-26,https://kwcpanthers.com/sports/womens-basketball/stats/2025-26,,,
17992,-McKaylee,Allen,UNRESOLVED (-1),2025-26,,,,
18019,Jasanii,Francis,Staten Island,2025-26,https://csidolphins.com/sports/womens-basketball/stats/2025-26,,,
18020,Bryce,Harvey,Chestnut Hill,2025-26,https://griffinathletics.com/sports/womens-basketball/stats/2025-26,,,
18021,Maeve,Connell,UNRESOLVED (-1),2025-26,,,,
18022,Maria,Stanescu,UNRESOLVED (-1),2025-26,,,,
18023,Alana,Scott,Boston University,2025-26,,,,
18024,Kenzie,Richard,UNRESOLVED (-1),2025-26,,,,
18025,Leanna,Masseus,UNRESOLVED (-1),2025-26,,,,
18026,Brennah,Scott,UNRESOLVED (-1),2025-26,,,,
8727,Kyla,Nembach,Mercy,2025-26,https://detroittitans.com/sports/womens-basketball/stats/2025-26,,,
8729,Gabrielle,Martin,Mercy,2025-26,https://detroittitans.com/sports/womens-basketball/stats/2025-26,,,
8783,Nylah,Davis,Staten Island,2025-26,https://csidolphins.com/sports/womens-basketball/stats/2025-26,,,
9812,Tianna,Dismuke,UNRESOLVED (-1),2025-26,,,,
10918,Emily,Spratt,UNRESOLVED (-1),2025-26,,,,
10919,Tori,Nigro,UNRESOLVED (-1),2025-26,,,,
10920,Jordyn,Thomas,UNRESOLVED (-1),2025-26,,,,
10921,Gabby,Recinto,UNRESOLVED (-1),2025-26,,,,
10922,Carolyn,Sipprell,UNRESOLVED (-1),2025-26,,,,
10923,Caleigh,Sperling,UNRESOLVED (-1),2025-26,,,,
10924,Ana,Pellecchia,UNRESOLVED (-1),2025-26,,,,
10925,Jade,Marquez,UNRESOLVED (-1),2025-26,,,,
10926,Kaci,Mikulski,UNRESOLVED (-1),2025-26,,,,
10928,Carlie,Lapinski,UNRESOLVED (-1),2025-26,,,,
10997,Daniella,Ranieli,Millersville,2025-26,https://millersvilleathletics.com/sports/womens-basketball/stats/2025-26,,,
10998,Carley,Berk,Millersville,2025-26,https://millersvilleathletics.com/sports/womens-basketball/stats/2025-26,,,
10999,Jillian,Crawford,Millersville,2025-26,https://millersvilleathletics.com/sports/womens-basketball/stats/2025-26,,,
11000,Kelly,Cleaver,Millersville,2025-26,https://millersvilleathletics.com/sports/womens-basketball/stats/2025-26,,,
11001,Morgan,Mahoney,Millersville,2025-26,https://millersvilleathletics.com/sports/womens-basketball/stats/2025-26,,,
11002,Bryn,Zentner,Millersville,2025-26,https://millersvilleathletics.com/sports/womens-basketball/stats/2025-26,,,
11003,Gabby,Bowes,Millersville,2025-26,https://millersvilleathletics.com/sports/womens-basketball/stats/2025-26,,,
11004,Holly,Gohl,Millersville,2025-26,https://millersvilleathletics.com/sports/womens-basketball/stats/2025-26,,,
11005,Rachel,Boehm,Millersville,2025-26,https://millersvilleathletics.com/sports/womens-basketball/stats/2025-26,,,
11029,Cass,Moore,Millersville,2025-26,https://millersvilleathletics.com/sports/womens-basketball/stats/2025-26,,,
11030,Kacie,Boyer,Millersville,2025-26,https://millersvilleathletics.com/sports/womens-basketball/stats/2025-26,,,
11064,Rhyan,Mitchell,Millersville,2025-26,https://millersvilleathletics.com/sports/womens-basketball/stats/2025-26,,,
11066,Aniya,Eberhart,Millersville,2025-26,https://millersvilleathletics.com/sports/womens-basketball/stats/2025-26,,,
11068,Cydney,Stanton,Millersville,2025-26,https://millersvilleathletics.com/sports/womens-basketball/stats/2025-26,,,
11507,Reagan,Chapman,Emory & Henry,2025-26,https://www.gowasps.com/sports/wbkb/2025-26/teams/emoryhenry,,,
11566,Ayonna,Lewis,Newberry,2025-26,https://newberrywolves.com/sports/womens-basketball/stats/2025-26,,,
12386,Kristian,Harris,UNRESOLVED (-1),2025-26,,,,
12387,Aiyana,Ellis,UNRESOLVED (-1),2025-26,,,,
12388,Nhaikyia,Smith,UNRESOLVED (-1),2025-26,,,,
12389,Maya,Johnson,UNRESOLVED (-1),2025-26,,,,
12390,Shaima,James Lewis,UNRESOLVED (-1),2025-26,,,,
12391,Dashani,Coleman,UNRESOLVED (-1),2025-26,,,,
12392,Calista,Gaymon,UNRESOLVED (-1),2025-26,,,,
12682,Anisha,Able,UNRESOLVED (-1),2025-26,,,,
14125,Aliyah,Eason,UNRESOLVED (-1),2025-26,,,,
14126,LeAsia,Todd,UNRESOLVED (-1),2025-26,,,,
14822,Maddie,Nimmo,Millersville,2025-26,https://millersvilleathletics.com/sports/womens-basketball/stats/2025-26,,,
14902,Tasia,Agee,Clayton State,2025-26,https://claytonstatesports.com/sports/wbball/stats/2025-26,,,
15281,Amanda,Eziukwu,Clayton State,2025-26,https://claytonstatesports.com/sports/wbball/stats/2025-26,,,
15527,Kylie,Mulholland,UNRESOLVED (-1),2025-26,,,,
18043,Taelor,Hiller,UNRESOLVED (-1),2025-26,,,,
18045,Bianca,Ellis,UNRESOLVED (-1),2025-26,,,,
18046,Mia,Martinez,UNRESOLVED (-1),2025-26,,,,
18047,Ania,Martinez,UNRESOLVED (-1),2025-26,,,,
18048,Jayleen,Valera,UNRESOLVED (-1),2025-26,,,,
18049,-Naveah,Banks,UNRESOLVED (-1),2025-26,,,,
18050,-Kaleigh,Valle,UNRESOLVED (-1),2025-26,,,,
18051,-Kayla,Lewis,Bowie State,2025-26,https://bsubulldogs.com/sports/womens-basketball/stats/2025-26,,,
18052,-Nia,Mallette,UNRESOLVED (-1),2025-26,,,,
18053,Jazmyn,Kemp,UNRESOLVED (-1),2025-26,,,,
18054,Cassidy,Tolbert,UNRESOLVED (-1),2025-26,,,,
18055,Trinell,Watson,UNRESOLVED (-1),2025-26,,,,
18056,Taylor,Mims,UNRESOLVED (-1),2025-26,,,,
18057,Analise,Sierra,UNRESOLVED (-1),2025-26,,,,
18058,Abigail,Adorno,UNRESOLVED (-1),2025-26,,,,
18059,Tahkya,Pray,UNRESOLVED (-1),2025-26,,,,
18060,Ashley,Robinson,UNRESOLVED (-1),2025-26,,,,
11544,Landyn,Stewart,Mars Hill,2025-26,https://www.marshilllions.com/sports/wbkb/2025-26/teams/marshill?jsRendering=true,,,
11545,Jadyiah,Peoples,Mars Hill,2025-26,https://www.marshilllions.com/sports/wbkb/2025-26/teams/marshill?jsRendering=true,,,
11551,Peyton,Caldwell,Mars Hill,2025-26,https://www.marshilllions.com/sports/wbkb/2025-26/teams/marshill?jsRendering=true,,,
16933,Letiya,Reeves,UNRESOLVED (-1),2025-26,,,,
16934,Samara,Saunders,UNRESOLVED (-1),2025-26,,,,
16935,Nekaya,Williams,UNRESOLVED (-1),2025-26,,,,
16936,Sophia,Williams,UNRESOLVED (-1),2025-26,,,,
16937,Aaliyah,Ferrell,UNRESOLVED (-1),2025-26,,,,
16938,Alana,Hankerson,UNRESOLVED (-1),2025-26,,,,
16939,Nadea,Smith,UNRESOLVED (-1),2025-26,,,,
16940,Senali,Moss,UNRESOLVED (-1),2025-26,,,,
16941,Madison,Swint,UNRESOLVED (-1),2025-26,,,,
16943,Simone,Lett,UNRESOLVED (-1),2025-26,,,,
16944,Jamilah,Jackson,UNRESOLVED (-1),2025-26,,,,
17986,Yasmine,Cook,UNRESOLVED (-1),2025-26,,,,
17987,Kamari,Thompson,UNRESOLVED (-1),2025-26,,,,
17988,Shawnteanna,Tillman,UNRESOLVED (-1),2025-26,,,,
17989,Ja’Kea,Brunson,UNRESOLVED (-1),2025-26,,,,
17990,Kristynn,Knight,UNRESOLVED (-1),2025-26,,,,
17991,-Shyrique,Parker,UNRESOLVED (-1),2025-26,,,,
17993,-Courtney,Taylor,UNRESOLVED (-1),2025-26,,,,
17994,-Cayanna,Stanley,UNRESOLVED (-1),2025-26,,,,
17996,-Morgan,Champion,UNRESOLVED (-1),2025-26,,,,
17998,-Dasia,Ferguson,UNRESOLVED (-1),2025-26,,,,
17999,-Janay,Legagneur,UNRESOLVED (-1),2025-26,,,,
18015,Kadence,Walker-Lee,UNRESOLVED (-1),2025-26,,,,
18038,Brooklyn,Frazier,UNRESOLVED (-1),2025-26,,,,
18039,Abbie,Jordan,UNRESOLVED (-1),2025-26,,,,
18061,Laura,Mitchell-Walth,UNRESOLVED (-1),2025-26,,,,
9725,Cayanna,Stanley,Coker,2025-26,https://www.cokercobras.com/sports/wbkb/2025-26/teams/coker?jsRendering=true,,,
9727,McKaylee,Allen,Coker,2025-26,https://www.cokercobras.com/sports/wbkb/2025-26/teams/coker?jsRendering=true,,,
11567,Shemaiyah,Earle,Newberry,2025-26,https://newberrywolves.com/sports/womens-basketball/stats/2025-26,,,
18001,-Daria,Cleat,Newberry,2025-26,https://newberrywolves.com/sports/womens-basketball/stats/2025-26,,,
18029,Madison,Looney,UNRESOLVED (-1),2025-26,,,,
18030,Mia,Nienaber,UNRESOLVED (-1),2025-26,,,,
18031,Jalie,Ruehling,UNRESOLVED (-1),2025-26,,,,
18032,Alissa,Cheek,UNRESOLVED (-1),2025-26,,,,
18033,Caroline,Mullins,UNRESOLVED (-1),2025-26,,,,
18034,Kyndra,West,UNRESOLVED (-1),2025-26,,,,
18035,Jaci,Neubert,UNRESOLVED (-1),2025-26,,,,
18036,Katy,Hoover,UNRESOLVED (-1),2025-26,,,,
18037,Grace,Vyborny,UNRESOLVED (-1),2025-26,,,,
18040,Shelby,Higgins,UNRESOLVED (-1),2025-26,,,,
18041,Izzy,Proffitt,Anderson (SC),2025-26,https://autrojans.com/sports/womens-basketball/stats/2025-26,,,
18042,Taylor,Hawley,UNRESOLVED (-1),2025-26,,,,
18044,Emilea,Preece,UNRESOLVED (-1),2025-26,,,,
18063,Amirah,Allen,UNRESOLVED (-1),2025-26,,,,
18064,Kelis,Carmon,UNRESOLVED (-1),2025-26,,,,
18065,Talia,Trotter,UNRESOLVED (-1),2025-26,,,,
18066,KaNyah,O'Neal,UNRESOLVED (-1),2025-26,,,,
18067,Alivia,Evans,UNRESOLVED (-1),2025-26,,,,
18068,Taleah,Stephens,UNRESOLVED (-1),2025-26,,,,
18069,Samiyah,Barker,UNRESOLVED (-1),2025-26,,,,
18070,Navaeh,Colon,UNRESOLVED (-1),2025-26,,,,
18071,Jashontae,Harris,UNRESOLVED (-1),2025-26,,,,
18072,Amore,Kirkland,UNRESOLVED (-1),2025-26,,,,
18073,Nyah,Wilkins,UNRESOLVED (-1),2025-26,,,,
18074,Amina,Miles,UNRESOLVED (-1),2025-26,,,,
18075,Rebecca,Kaba,UNRESOLVED (-1),2025-26,,,,
18076,Yannah,Seaberry,Coker,2025-26,https://www.cokercobras.com/sports/wbkb/2025-26/teams/coker?jsRendering=true,,,
8726,Grace,Lesko,Mercy,2025-26,https://detroittitans.com/sports/womens-basketball/stats/2025-26,,,
8728,Megan,Marcotte,Mercy,2025-26,https://detroittitans.com/sports/womens-basketball/stats/2025-26,,,
8730,Amani,Abuhatab,Mercy,2025-26,https://detroittitans.com/sports/womens-basketball/stats/2025-26,,,
8731,Sophia,Hoyt,Mercy,2025-26,https://detroittitans.com/sports/womens-basketball/stats/2025-26,,,
8732,Morgan,Miller,Mercy,2025-26,https://detroittitans.com/sports/womens-basketball/stats/2025-26,,,
8733,Caitlin,Leary,Mercy,2025-26,https://detroittitans.com/sports/womens-basketball/stats/2025-26,,,
8734,Molly,Boek,Mercy,2025-26,https://detroittitans.com/sports/womens-basketball/stats/2025-26,,,
8735,Paige,Fourtin,Mercy,2025-26,https://detroittitans.com/sports/womens-basketball/stats/2025-26,,,
8736,Haylee,Ellwood,Mercy,2025-26,https://detroittitans.com/sports/womens-basketball/stats/2025-26,,,
8737,Layla,Greene,Mercy,2025-26,https://detroittitans.com/sports/womens-basketball/stats/2025-26,,,
12701,Angelina,Barrera,Mercy,2025-26,https://detroittitans.com/sports/womens-basketball/stats/2025-26,,,
14814,Cristina,Gonzalez,Roberts Wesleyan,2025-26,https://robertsredhawks.com/sports/womens-basketball/stats/2025-26,,,
9186,Ariana,Bustamante,Texas A&M Intl,2025-26,https://godustdevils.com/sports/womens-basketball/stats/2025-26,,,
9748,Sami,Bardonaro,UNRESOLVED (-1),2025-26,,,,
9759,Ellie,Meyer,South Carolina Beaufort,2025-26,https://uscbathletics.com/sports/womens-basketball/stats/2025-26,,,
9761,Caroline,Beavin,UNRESOLVED (-1),2025-26,,,,
9762,Nylah,Nuri,UNRESOLVED (-1),2025-26,,,,
9763,Natalia,Bolden,UNRESOLVED (-1),2025-26,,,,
9764,Elizabeth,Wynn,UNRESOLVED (-1),2025-26,,,,
9765,Sloane,Vick,UNRESOLVED (-1),2025-26,,,,
9766,Bailey,Vick,UNRESOLVED (-1),2025-26,,,,
9767,DeJanae,Dennis-Cassanova,UNRESOLVED (-1),2025-26,,,,
9768,Celeste,Scott,UNRESOLVED (-1),2025-26,,,,
9769,Hayley,Shepherd,UNRESOLVED (-1),2025-26,,,,
9770,Molly,Burns,South Carolina Aiken,2025-26,https://pacersports.com/sports/womens-basketball/stats/2025-26,,,
9842,Mahkayla,Premo,UNRESOLVED (-1),2025-26,,,,
10635,Bre'Asia,Washington,Florida Southern,2025-26,https://fscmocs.com/sports/womens-basketball/stats/2025-26,,,
10709,Camryn,Lee,Lees-McRae,2025-26,https://lmcbobcats.com/sports/womens-basketball/stats/2025-26,,,
13999,Quamiya,Ward,Clayton State,2025-26,https://claytonstatesports.com/sports/wbball/stats/2025-26,,,
14799,Kristen,Foglia,UNRESOLVED (-1),2025-26,,,,
14801,Kennedi,Hawkins,UNRESOLVED (-1),2025-26,,,,
14802,Ellie,Southards,UNRESOLVED (-1),2025-26,,,,
14803,Mireia,Pou,UNRESOLVED (-1),2025-26,,,,
14804,Milanni,Abdus-Salaam,UNRESOLVED (-1),2025-26,,,,
14805,Mauryah,Jones,UNRESOLVED (-1),2025-26,,,,
14806,India,Johnson,UNRESOLVED (-1),2025-26,,,,
14904,Deshona,Gaither,UNRESOLVED (-1),2025-26,,,,
14905,Nicole,Azar,UNRESOLVED (-1),2025-26,,,,
15188,Brooklyn,Yon,UNRESOLVED (-1),2025-26,,,,
15189,Riley,Berninger,UNRESOLVED (-1),2025-26,,,,
15190,Keara,McDaniel,UNRESOLVED (-1),2025-26,,,,
15191,Jada,Wood,UNRESOLVED (-1),2025-26,,,,
15192,Valmary,Nunez,UNRESOLVED (-1),2025-26,,,,
15193,De'Mya,Hill,UNRESOLVED (-1),2025-26,,,,
15194,Aimee,Spurlock,UNRESOLVED (-1),2025-26,,,,
15195,Kamiya,Moore,UNRESOLVED (-1),2025-26,,,,
15196,Lydia,Wolfe,UNRESOLVED (-1),2025-26,,,,
15197,Faith,Jefferson,UNRESOLVED (-1),2025-26,,,,
15199,Makaila,Hay,UNRESOLVED (-1),2025-26,,,,
15458,Amanda,Eziukwu,Clayton State,2025-26,https://claytonstatesports.com/sports/wbball/stats/2025-26,,,
15460,Tasia,Agee,Clayton State,2025-26,https://claytonstatesports.com/sports/wbball/stats/2025-26,,,
15483,Ella,Pritchard,UNRESOLVED (-1),2025-26,,,,
15484,Norah,Osu,UNRESOLVED (-1),2025-26,,,,
