Overall Rank,Division Rank,Player,Team,Division,Position,Games,Average Hoop Score,Highest Hoop Score,Lowest Hoop Score,Standard Deviation,Projected Level
1,1,Audi Crooks,Iowa State,D1,C,31,99,99,80.2,6.1,D1
2,2,Sarah Strong,UConn,D1,F,38,99,99,71,4.7,D1
3,3,Ava Heiden,Iowa,D1,C,35,99,99,65.6,9,D1
4,4,Lauren Betts,UCLA,D1,C,37,99,99,65.6,9,D1
5,5,Gracie Merkle,Penn State,D1,C,26,99,99,78.3,6.2,D1
6,6,Raegan Beers,Oklahoma,D1,C,34,99,99,63.5,9.1,D1
7,7,Madina Okot,South Carolina,D1,C,39,99,99,59.5,11.4,D1
8,8,Hannah Hidalgo,Notre Dame,D1,G,36,99,99,48.4,11.3,D1
9,9,Mikayla Blakes,Vanderbilt,D1,G,34,99,99,61.6,12,D1
10,10,Kaylene Smikle,Maryland,D1,G,7,99,99,59.5,17.6,D1
11,11,Ehis Etute,Oregon,D1,F,35,99,99,43.1,15.6,D1
12,12,Lauren Whittaker,Gonzaga,D1,F,34,99,99,43,14.1,D1
13,13,Jaloni Cambridge,Ohio State,D1,G,35,99,99,65.2,11.7,D1
14,14,Brooklyn Meyer,South Dakota State,D1,F,34,99,99,60.6,10,D1
15,15,Clara Strack,Kentucky,D1,C,36,99,99,65.4,10.3,D1
16,16,Uche Izoje,Syracuse,D1,C,33,99,99,64.6,11.7,D1
17,17,Ny'Ceara Pryor,Texas A&M-CC,D1,G,22,99,99,36.3,17,D1
18,18,Jaliya Davis,Kansas,D1,F,27,99,99,55.4,13,D1
19,19,Avery Koenen,North Dakota State,D1,F,34,99,99,66.7,10.5,D1
20,20,Ra Shaya Kyle,Miami,D1,C,32,99,99,52.6,11.2,D1
21,21,S'Mya Nichols,Kansas,D1,G,37,99,99,49.8,13,D1
22,22,Fatmata Janneh,Texas A&M-CC,D1,F,22,99,99,49.5,16.9,D1
23,23,Azzi Fudd,UConn,D1,G,39,99,99,53.7,13.7,D1
24,24,Elsa Lemmilä,Ohio State,D1,C,34,99,99,56.8,14.4,D1
25,25,Achol Akot,Oklahoma State,D1,F,34,99,99,52.8,13.5,D1
26,26,Tessa Towers,Ball State,D1,C,33,99,99,54.7,12.1,D1
27,27,Mia Woolfolk,Georgia,D1,F,30,99,99,54.2,13.6,D1
28,28,Toby Fournier,Duke,D1,F,36,99,99,60.9,12.5,D1
29,29,Britt Prince,Nebraska,D1,G,32,99,99,54.9,13.4,D1
30,30,Talaysia Cooper,Tennessee,D1,G,29,99,99,61.2,14.3,D1
31,31,Olivia Miles,TCU,D1,G,38,99,99,64.1,12.3,D1
32,32,Khamil Pierre,NC State,D1,F,32,99,99,55.7,11,D1
33,33,Joyce Edwards,South Carolina,D1,F,40,99,99,56.3,14.4,D1
34,34,Clara Silva,TCU,D1,C,38,99,99,54.6,13.8,D1
35,35,Oluchi Okananwa,Maryland,D1,G,33,99,99,49.1,17.2,D1
36,36,Kiki Rice,UCLA,D1,G,38,99,99,58.9,10.8,D1
37,37,Madison Booker,Texas,D1,F,40,99,99,40.4,14.1,D1
38,38,MiLaysia Fulwiley,LSU,D1,G,35,99,99,39,16.8,D1
39,39,Olivia Olson,Michigan,D1,G,35,99,99,53.1,16,D1
40,40,Amiah Hargrove,Nebraska,D1,F,31,99,99,50.9,15.4,D1
41,41,Hannah Stuelke,Iowa,D1,F,33,99,99,43.3,14.6,D1
42,42,Nyla Harris,North Carolina,D1,F,35,99,99,55.8,15.8,D1
43,43,Grace Sullivan,Northwestern,D1,F,28,99,99,56.9,14.4,D1
44,44,Shay Ciezki,Indiana,D1,G,31,99,99,58,14.7,D1
45,45,Cearah Parchment,Illinois,D1,F,34,99,99,56.2,13.5,D1
46,46,Sophie Hart,Minnesota,D1,C,33,99,99,57.1,14.8,D1
47,47,Kennedy Blair,Michigan State,D1,G,33,99,99,54.7,14.3,D1
48,48,Sophie Glancey,Santa Clara,D1,F,18,99,99,50.6,17.4,D1
49,49,Kyla Oldacre,Texas,D1,F,40,99,99,52.6,14.5,D1
50,50,Sacha Washington,Vanderbilt,D1,F,33,99,99,45,15,D1
51,51,Me'Arah O'Neal,Florida,D1,G,33,99,99,53.1,13.6,D1
52,52,Timaya Lewis-Eutsey,Marshall,D1,G,38,99,99,50.3,15.3,D1
53,53,Grace VanSlooten,Michigan State,D1,F,33,99,99,55.6,13.6,D1
54,54,Sakima Walker,California,D1,C,36,99,99,52.1,13.9,D1
55,55,Janiah Barker,Tennessee,D1,F,27,99,99,30.9,16.9,D1
56,56,Cotie McMahon,Ole Miss,D1,F,36,99,99,53.6,13.8,D1
57,57,Sharnecce Currie-Jelks,Murray State,D1,F,35,99,99,62.2,11.2,D1
58,58,Gift Uchenna Okeke,Wisconsin,D1,F,34,99,99,35.9,17,D1
59,59,Christeen Iwuala,Ole Miss,D1,F,35,99,99,52.2,15.1,D1
60,60,Reese Roggenburk,Stonehill,D1,C,8,99,99,64.2,12.7,D1
61,61,Blanca Quiñonez,UConn,D1,F,31,99,99,38.4,18.1,D1
62,62,Lara Rohkohl,BYU,D1,F,38,99,99,46.5,15.8,D1
63,63,Izabella Zingaro,Cleveland State,D1,C,37,99,99,55.6,11.8,D1
64,64,Kiyomi McMiller,Penn State,D1,G,29,99,99,33.4,18.4,D1
65,65,Antoniette Emma-Nnopu,Weber State,D1,F,31,99,99,62.3,12.9,D1
66,66,Jazzy Davidson,USC,D1,G,32,99,99,51.6,15.7,D1
67,67,Megan Nestor,North Texas,D1,F,33,99,99,59.3,12.7,D1
68,68,Maggie Doogan,Richmond,D1,F,34,99,99,52.6,13.3,D1
69,69,Debora dos Santos,Idaho,D1,F,30,99,99,46.5,15.1,D1
70,70,KK Arnold,UConn,D1,G,38,99,99,50.8,15.8,D1
71,71,Favour Nwaedozi,Mississippi State,D1,F,31,99,99,48.3,14.5,D1
72,72,Delaney Gibb,BYU,D1,G,30,99,99,53.1,15.4,D1
73,73,Jada Williams,Iowa State,D1,G,32,99,99,55.2,14.1,D1
74,74,Liv McGill,Florida,D1,G,31,99,99,55.3,14.6,D1
75,75,Serah Williams,UConn,D1,F,38,99,99,42.1,15.9,D1
76,76,Kymora Johnson,Virginia,D1,G,34,99,99,54.2,14.7,D1
77,77,Jana El Alfy,UConn,D1,C,35,99,99,40.3,17.2,D1
78,78,Delaney Thomas,Duke,D1,F,36,99,99,54.6,12.5,D1
79,79,Mikaylah Williams,LSU,D1,G,35,99,99,52.3,15,D1
80,80,Meredith Mayes,Abilene Christian,D1,C,16,99,99,59,11.6,D1
81,81,Elodie Lutbert,Tarleton State,D1,C,30,99,99,43,16.5,D1
82,82,Daphane White,Charlotte,D1,C,13,99,99,42.5,19.4,D1
83,83,Arianna Roberson,Duke,D1,C,33,99,99,44.5,20.1,D1
84,84,Raven Johnson,South Carolina,D1,G,40,99,99,45.4,16.3,D1
85,85,Amiya Joyner,LSU,D1,F,34,99,99,47.8,16.6,D1
86,86,Justice Carlton,Texas,D1,F,39,99,99,47.2,16.5,D1
87,87,Adrianna Smith,Maine,D1,F,32,99,99,53.3,12.1,D1
88,88,Doneelah Washington,Illinois State,D1,F,38,99,99,44.3,13.4,D1
89,89,Alyssa Koerkenmeier,Saint Louis,D1,C,33,99,99,61.3,12.2,D1
90,90,Perri Page,Columbia,D1,G,33,99,99,54.6,14.8,D1
91,91,Hannah Wickstrom,UC Riverside,D1,G,29,99,99,58,14.1,D1
92,92,Mia Nicastro,Western Illinois,D1,F,32,99,99,56.8,12.6,D1
93,93,Berry Wallace,Illinois,D1,F,34,99,99,45.4,13.6,D1
94,94,Aaliyah Chavez,Oklahoma,D1,G,34,99,99,53.3,15.3,D1
95,95,Fortuna Ngnawo,Troy,D1,F,32,99,99,62.5,10.8,D1
96,96,Isimenme Ozzy-Momodu,Maryland,D1,F,31,99,99,43.3,16.7,D1
97,97,Zoe Brooks,NC State,D1,G,31,99,99,54.1,14.1,D1
98,98,Dani Carnegie,Georgia,D1,G,32,99,99,35.6,18.3,D1
99,99,Angela Dugalic,UCLA,D1,F,38,99,99,40.9,16.1,D1
100,100,Jordan Harrison,West Virginia,D1,G,34,99,99,39.4,16.6,D1
101,101,Naya Ojukwu,California,D1,F,36,99,99,40.5,19.4,D1
102,102,Avery Howell,Washington,D1,G,33,99,99,59.1,11.6,D1
103,103,Julia Dalan,Portland,D1,C,21,99,99,46.5,16,D1
104,104,Ashanti Barnes,James Madison,D1,F,35,99,99,53.2,15.3,D1
105,105,Jadyn Wooten,Oklahoma State,D1,G,33,99,99,30,17,D1
106,106,Taina Mair,Duke,D1,G,36,99,99,53.9,14,D1
107,107,Peyton McDaniel,James Madison,D1,G,35,99,99,57.4,15.1,D1
108,108,Zania Socka-Nguemen,Indiana,D1,F,12,99,99,44.9,14.1,D1
109,109,Marta Suarez,TCU,D1,F,38,99,99,39.4,16,D1
110,110,Sayvia Sellers,Washington,D1,G,33,99,99,46,14.4,D1
111,111,Darianna Littlepage-Buggs,Baylor,D1,F,34,99,99,55,14.1,D1
112,112,Jess Lawson,Loyola Marymount,D1,G,31,99,99,53.8,13.3,D1
113,113,Taylee Chirrick,Montana State,D1,G,35,99,99,49.3,15.3,D1
114,114,Gianna Kneepkens,UCLA,D1,G,38,99,99,55.3,13.9,D1
115,115,Madison Francis,Mississippi State,D1,F,31,99,99,49.3,14.8,D1
116,116,Pania Davis,Florida State,D1,C,31,99,99,49.1,13.1,D1
117,117,Addy Brown,Iowa State,D1,F,21,99,99,57.8,13.6,D1
118,118,Sakyia White,Southern Miss,D1,F,16,99,99,58.9,14,D1
119,119,Kara Dunn,USC,D1,G,32,99,99,50.2,16.3,D1
120,120,Khyala Ngodu,UCF,D1,C,28,99,99,53.4,14.6,D1
121,121,Ryley Goebel,Northern Iowa,D1,F,32,99,99,49.6,13,D1
122,122,Brooklyn Stewart,Oklahoma,D1,F,34,99,99,43.2,15.3,D1
123,123,Grace Boffeli,Creighton,D1,F,30,99,99,41.5,14.7,D1
124,124,Kate Koval,LSU,D1,F,35,99,99,48.7,17.4,D1
125,125,Journey Houston,Iowa,D1,G,35,99,99,46.4,17,D1
126,126,Ritorya Tamilo,Hawaii,D1,C,31,99,99,40.9,16.5,D1
127,127,Tonie Morgan,Kentucky,D1,G,36,99,99,46.2,15.2,D1
128,128,Hannah Riddick,Tulsa,D1,F,29,99,99,56.4,13.7,D1
129,129,Aubrey Galvan,Vanderbilt,D1,G,34,99,99,56.3,12.1,D1
130,130,Jessica Timmons,Alabama,D1,G,35,99,99,50.7,16.2,D1
131,131,Fadima Tall,Princeton,D1,G,28,99,99,49.1,14.3,D1
132,132,Katie Fiso,Oregon,D1,G,36,99,99,48.1,15.3,D1
133,133,Imari Berry,Louisville,D1,G,37,99,99,48.4,16,D1
134,134,Sienna Betts,UCLA,D1,F,28,99,99,51.4,15.8,D1
135,135,Zay Dyer,Troy,D1,F,33,99,99,56.2,12.8,D1
136,136,Nunu Agara,Stanford,D1,F,30,99,99,56.1,12.4,D1
137,137,Denae Carter,Villanova,D1,F,31,99,99,46.2,14.3,D1
138,138,Sahara Williams,Oklahoma,D1,F,34,99,99,42.4,15.9,D1
139,139,Brynn McCurry,Villanova,D1,F,32,99,99,47.9,16.7,D1
140,140,Fatima Ibrahim,Dayton,D1,C,30,99,99,50.4,14.4,D1
141,141,Jasmine Bascoe,Villanova,D1,G,32,99,99,54.8,13,D1
142,142,Bree Salenbien,Ball State,D1,G,32,99,99,57.4,13.9,D1
143,143,Essence Cody,Alabama,D1,F,27,99,99,49.1,15.5,D1
144,144,Teonni Key,Kentucky,D1,F,28,99,99,47.5,14.6,D1
145,145,Jessica Petrie,Nebraska,D1,F,30,99,99,56.6,11.1,D1
146,146,Shanti Simmons,Georgia Southern,D1,G,20,99,99,57.8,11.9,D1
147,147,Laura Ziegler,Louisville,D1,F,37,99,99,44.3,15.5,D1
148,148,Anaya Hardy,Louisville,D1,F,35,99,99,40.3,15,D1
149,149,Alexandra Eschmeyer,Stanford,D1,F,36,99,99,42.5,18.6,D1
150,150,Rori Harmon,Texas,D1,G,40,98.9,99,46,14.6,D1
151,151,Avery Gordon,Purdue,D1,F,27,98.7,99,43.4,20,D1
152,152,Grace Oliver,Wake Forest,D1,F,29,98.6,99,54.6,13.4,D1
153,153,Ta'Niya Latson,South Carolina,D1,G,35,98.4,99,54.5,14.6,D1
154,154,Chaniya Clark,North Carolina A&T,D1,C,29,98.3,99,51.5,14.7,D1
155,155,Chazadi Wright,Iowa,D1,G,32,98.1,99,47.8,13.7,D1
156,156,Meadow Roland,UNLV,D1,F,31,97.6,99,41.3,13.3,D1
157,157,Ciera Toomey,North Carolina,D1,F,36,97.5,99,34.3,15.3,D1
158,158,Karlee White,Harvard,D1,G,27,97.4,99,42.1,14.3,D1
159,159,Dorja Iva Zaja,Wisconsin,D1,C,33,97.3,99,30,18.4,D1
160,160,Megan Norris,UC Davis,D1,C,35,97.3,99,57.2,12.6,D1
161,161,Emory Klatt,Kent State,D1,F,32,97.2,99,51,14.4,D1
162,162,Grace Slaughter,Missouri,D1,G,34,97.1,99,46.6,15,D1
163,163,Grace Knox,LSU,D1,F,33,97.1,99,40.5,15.6,D1
164,164,Ayanna-Sarai Darrington,Central Michigan,D1,F,28,97,99,52.8,11.8,D1
165,165,Kilah Freelon,Virginia Tech,D1,F,32,97,99,56.6,11.7,D1
166,166,Tilda Trygger,NC State,D1,F,30,97,99,53,14.9,D1
167,167,Jada Malone,Texas Tech,D1,F,34,96.9,99,31.8,17.8,D1
168,168,Shannon Dowell,Missouri,D1,G,30,96.4,99,45.2,16.3,D1
169,169,Noelani Cornfield,Arizona,D1,G,29,96.2,99,53.3,13.2,D1
170,170,Kennedy Cambridge,Ohio State,D1,G,35,96.2,99,51,13.5,D1
171,171,Rashunda Jones,Michigan State,D1,G,32,95.9,99,35.1,16.3,D1
172,172,Alliance Ndiba,Cincinnati,D1,F,31,95.9,99,43.3,15.6,D1
173,173,Ava Uhrich,Southern Utah,D1,F,32,95.9,99,51.2,15,D1
174,174,Aiyana Mitchell,Vanderbilt,D1,F,34,95.8,99,38.8,19.1,D1
175,175,Kayla Nelms,Baylor,D1,F,29,95.6,99,37.7,19.1,D1
176,176,Eliza Maupin,Nebraska,D1,F,26,95.5,99,32,18.6,D1
177,177,Elif Istanbulluoglu,Louisville,D1,F,36,95.4,99,45.7,14.2,D1
178,178,Kira Reynolds,UT Arlington,D1,F,33,95.4,99,46.4,14.3,D1
179,179,Clemisha Prackett,Indiana State,D1,F,31,95.3,99,51.9,14.6,D1
180,180,Talayah Walker,Georgia Tech,D1,G,33,95.3,99,35.2,15.7,D1
181,181,Nikola Priede,Vermont,D1,C,36,95.3,99,62.4,11.5,D1
182,182,Carys Baker,Virginia Tech,D1,F,33,95.1,99,52.5,15.8,D1
183,183,Breya Cunningham,Texas,D1,F,40,95,99,37.3,16.2,D1
184,184,L'or Mputu,South Florida,D1,F,30,94.8,99,52.7,13.3,D1
185,185,Ashley Hawkins,Santa Clara,D1,G,34,94.7,99,53.6,11.5,D1
186,186,Nene Ndiaye,Rutgers,D1,F,26,94.5,99,46.1,15.8,D1
187,187,Brooklyn Fely,Southern Utah,D1,F,30,94.3,99,49.7,15,D1
188,188,Tori McKinney,Minnesota,D1,G,29,94.1,99,48.9,16.4,D1
189,189,Chance Gray,Ohio State,D1,G,35,94,99,54.2,13.6,D1
190,190,Kierra Wheeler,West Virginia,D1,F,35,93.8,99,47.1,16.4,D1
191,191,Grace Grocholski,Minnesota,D1,G,33,93.4,99,53.2,14.9,D1
192,192,Tessa Johnson,South Carolina,D1,G,38,93.3,99,39,15.3,D1
193,193,Avery Treadwell,Florida State,D1,F,31,93.3,99,38.2,16.8,D1
194,194,Latasha Lattimore,Ole Miss,D1,F,36,93.2,99,30,14.2,D1
195,195,Jakayla Johnson,Southern Miss,D1,G,31,93.2,99,31.3,18.4,D1
196,196,Meghan Schultz,Green Bay,D1,F,37,93.1,99,57.8,11.9,D1
197,197,Ainaya Williams,Southeast Missouri State,D1,C,29,93.1,99,48.2,15.6,D1
198,198,Madison Mathiowetz,South Dakota State,D1,G,34,93,99,41.6,13.3,D1
199,199,Alyssa Moreland,Brown,D1,F,27,93,99,44,12.5,D1
200,200,Snudda Collins,Texas Tech,D1,G,34,93,99,38.2,17,D1
201,201,Amber Tretter,Miami (OH),D1,F,35,93,99,50.6,13.7,D1
202,202,Taliah Scott,Baylor,D1,G,33,92.9,99,43.9,18.1,D1
203,203,Madison St. Rose,Princeton,D1,G,28,92.9,99,48.6,13.8,D1
204,204,Payton Verhulst,Oklahoma,D1,G,34,92.7,99,44.8,14,D1
205,205,Taylor Stremlow,Iowa,D1,G,35,92.7,99,46,17.8,D1
206,206,Taleyah Jones,Arkansas,D1,G,30,92.6,99,44.7,13.8,D1
207,207,Caitlin Weimar,Virginia,D1,F,34,92.5,99,51.6,13.4,D1
208,208,Chyra Evans,Utah,D1,F,31,92.5,99,39.6,14.1,D1
209,209,Bolanle Yussuf,BYU,D1,F,38,92.4,99,30,17.1,D1
210,210,Maia Jones,Santa Clara,D1,G,34,92.4,99,53.2,15.1,D1
211,211,Lainie Douglas,Missouri State,D1,F,36,92.3,99,55.2,12.9,D1
212,212,Flau'jae Johnson,LSU,D1,G,35,92.3,99,38.3,17,D1
213,213,Indya Nivar,North Carolina,D1,G,35,92.3,99,47.7,16,D1
214,214,Caliyah DeVillasee,Cincinnati,D1,G,27,92.1,99,48.8,11.8,D1
215,215,Sophie Sene,Utah State,D1,F,20,91.9,99,46,15,D1
216,216,Courtney Ogden,Stanford,D1,F,36,91.9,99,40,15.2,D1
217,217,Nastja Claessens,Kansas State,D1,F,34,91.6,99,33.4,16.2,D1
218,218,McKinna Brackens,Arizona State,D1,F,34,91.5,99,51.4,15.3,D1
219,219,Shelbee Brown,UNLV,D1,F,32,91.4,99,53.9,13.3,D1
220,220,Hilary Fuller,Belmont,D1,F,27,91.3,99,50.4,15.9,D1
221,221,Sole Williams,Florida State,D1,G,29,91.2,99,42.7,16.3,D1
222,222,Kendall Bennett,Binghamton,D1,F,33,91.2,99,47,11.9,D1
223,223,Tara Daye,Purdue,D1,G,30,91.1,97.9,53.5,11.1,D1
224,224,Reese Ross,Utah,D1,F,31,91,99,38.6,16.6,D1
225,225,Nene Sow,Oregon State,D1,C,37,91,99,44.9,17.1,D1
226,226,Gabriela Jaquez,UCLA,D1,G,38,90.9,99,52.9,14.9,D1
227,227,Ava Schmidt,Santa Clara,D1,F,33,90.9,99,46.3,13.9,D1
228,228,ZaKiyah Johnson,LSU,D1,G,34,90.9,99,36.1,18.2,D1
229,229,Jessica Carrothers,UIC,D1,G,28,90.9,99,51.4,11.8,D1
230,230,Jade Masogayo,Colorado,D1,F,33,90.8,99,51.8,14.3,D1
231,231,Halli Poock,Murray State,D1,G,35,90.8,99,45.2,12.5,D1
232,232,Emmy Stout,Liberty,D1,C,32,90.7,99,44.1,13.9,D1
233,233,Jenna Guyer,Green Bay,D1,C,32,90.7,99,55.1,11.3,D1
234,234,Mackenly Randolph,Louisville,D1,F,37,90.6,99,55.8,13.5,D1
235,235,Fatou Diakite,South Florida,D1,F,24,90.6,99,40.4,18.4,D1
236,236,Tabitha Amanze,Virginia,D1,F,34,90.3,99,52.4,14.7,D1
237,237,Destiny Jackson,Illinois,D1,G,34,90.1,99,41.4,15,D1
238,238,Karrington Asp,North Dakota State,D1,F,34,90.1,99,52.4,13.3,D1
239,239,Cordasia Harris,South Alabama,D1,F,35,90.1,99,51.1,13.2,D1
240,240,Aaliyah Crump,Texas,D1,G,25,90.1,99,30,20.1,D1
241,241,Kaety L'Amoreaux,Fairfield,D1,G,33,90.1,99,47.6,15.3,D1
242,242,Allie Ziebell,UConn,D1,G,39,90,99,42.1,17.2,D1
243,243,Zahirah Walton,George Mason,D1,F,32,90,99,49.3,14.9,D1
244,244,Camryn Runner,Evansville,D1,G,35,90,99,51.1,12,D1
245,245,Riley Weiss,Columbia,D1,G,33,89.9,99,48.7,14.4,D1
246,246,Naomi Jones,Alabama,D1,F,33,89.9,99,46.4,14.3,D1
247,247,Mariana Valenzuela,Seton Hall,D1,F,32,89.7,99,49.6,14.5,D1
248,248,Emerald Parker,Texas A&M-CC,D1,C,21,89.6,99,34.7,17.9,D1
249,249,Dakota Howard,McNeese,D1,F,34,89.5,99,44.2,14.7,D1
250,250,Skylar Forbes,Marquette,D1,F,28,89.5,99,50,14.2,D1
251,251,Jada Kennedy,Portland,D1,C,25,89.5,99,49.3,17.7,D1
252,252,Mia Pauldo,Tennessee,D1,G,27,89.5,99,37.4,19.3,D1
253,253,Whitney Hart,Southern Miss,D1,C,27,89.3,99,40.3,17,D1
254,254,Walker Demers,North Dakota,D1,C,26,89.3,99,45.7,13.4,D1
255,255,Jada Eads,Seton Hall,D1,G,16,89.2,99,56.8,11.9,D1
256,256,Ava Leroux,Robert Morris,D1,C,19,89.2,99,47.6,16.8,D1
257,257,Kennedy Basham,TCU,D1,C,37,89.2,99,45.5,16,D1
258,258,Kennedy Smith,USC,D1,G,29,89.2,99,43.4,14.3,D1
259,259,Kayleigh Heckel,UConn,D1,G,39,89.2,99,30,18.6,D1
260,260,Megan Olbrys,Massachusetts,D1,F,30,89,99,55.8,9.9,D1
261,261,Yulia Grabovskaia,Washington,D1,C,33,89,99,44.2,17.4,D1
262,262,Desiree Wooten,Colorado,D1,G,34,88.9,99,45.9,16.2,D1
263,263,Alisa Williams,Iowa State,D1,F,32,88.9,99,40.3,16.6,D1
264,264,Ashleigh Connor,La Salle,D1,G,34,88.9,99,48.4,12.3,D1
265,265,Sydney Ward,Pacific,D1,G,30,88.6,99,49.3,14,D1
266,266,Lana McCarthy,Purdue,D1,F,27,88.6,99,30,19.9,D1
267,267,Shelby Hayes,Rice,D1,C,35,88.6,99,51.5,13.3,D1
268,268,Kate Novik,DePaul,D1,G,31,88.5,99,43.4,15.5,D1
269,269,Savannah Scott,UCF,D1,C,31,88.5,99,30,20,D1
270,270,Destiny Thomas,Cincinnati,D1,C,29,88.5,99,47.3,16.1,D1
271,271,Kendall Puryear,Purdue,D1,F,30,88.2,99,36.7,20,D1
272,272,Jade Weathersby,Florida,D1,F,26,88.1,99,38.4,17,D1
273,273,Mila Holloway,Michigan,D1,G,35,88,99,48.6,16,D1
274,274,Julia Coleman,UIC,D1,F,32,88,99,55.9,12.1,D1
275,275,Ashley Sofilkanich,Michigan,D1,F,35,87.9,99,42.5,16.8,D1
276,276,Cheyenne Rowe,UTSA,D1,F,34,87.9,99,54,12.1,D1
277,277,Tina Njike,Pennsylvania,D1,C,27,87.8,99,51.7,14.9,D1
278,278,Tatum West,Northern Colorado,D1,F,34,87.7,99,50.1,12.6,D1
279,279,Jaiden Haile,Gonzaga,D1,F,34,87.7,99,57.6,13.5,D1
280,280,Yves Cox,Arkansas State,D1,C,33,87.6,99,46.7,12,D1
281,281,Lani White,Utah,D1,G,33,87.6,99,52.8,12.5,D1
282,282,Finau Tonga,Minnesota,D1,F,33,87.5,99,42.3,17.4,D1
283,283,Lexus Bargesser,Colorado State,D1,G,33,87.5,98.9,51.7,12.3,D1
284,284,Albina Syla,Rhode Island,D1,C,33,87.3,99,30,15.6,D1
285,285,Alyssa Sand,St. Thomas-Minnesota,D1,F,32,87.3,99,55,13,D1
286,286,Halle Vice,Marquette,D1,G,30,87.2,99,46.4,14.5,D1
287,287,Morgan Lee,Clemson,D1,C,20,87.2,99,45.3,13.3,D1
288,288,Savannah Catalon,Seton Hall,D1,G,32,87.2,99,46.8,14.2,D1
289,289,Jite Gbemuotor,Cal State Northridge,D1,F,30,87.2,99,50.3,13.7,D1
290,290,Logan Nissley,Nebraska,D1,G,30,87,99,39.1,15.1,D1
291,291,Syla Swords,Michigan,D1,G,34,87,99,53.5,14.4,D1
292,292,Sisi Eleko,Eastern Michigan,D1,F,28,86.9,99,56,11,D1
293,293,TK Pitts,Houston,D1,G,28,86.9,99,48.7,15.1,D1
294,294,Lara Somfai,Stanford,D1,F,33,86.8,99,51.2,14.6,D1
295,295,Emily Snoddy,Samford,D1,C,28,86.7,99,46.2,16.5,D1
296,296,Rhema Collins,Florida International,D1,G,30,86.7,99,36.6,13.6,D1
297,297,Zyanna Walker,Colorado,D1,G,34,86.7,99,53.6,12.1,D1
298,298,Tatum Thompson,Boise State,D1,F,34,86.6,99,42.5,12.8,D1
299,299,Olivia Hutcherson,Princeton,D1,G,30,86.6,99,45.1,14,D1
300,300,Charlisse Leger-Walker,UCLA,D1,G,38,86.5,99,50.9,15.4,D1
301,301,Sira Thienou,Ole Miss,D1,G,29,86.5,99,45.3,14,D1
302,302,Marcavia Shavers,UL Monroe,D1,C,33,86.5,99,53,11.6,D1
303,303,Zamareya Jones,NC State,D1,G,31,86.4,99,31,17.1,D1
304,304,Kya Smith,Army,D1,F,34,86.4,99,48.2,12,D1
305,305,Kourtney Grossman,Eastern Washington,D1,F,33,86.4,91.2,58.9,8.6,D1
306,306,Taryn Sides,Kansas State,D1,G,37,86.4,99,36.6,17.7,D1
307,307,Gianna Corbitt,Chattanooga,D1,F,31,86.4,99,48.5,13.1,D1
308,308,Sa'Mya Wyatt,St. John's,D1,F,34,86.3,99,45.8,14.2,D1
309,309,Sophie Burrows,Syracuse,D1,G,32,86.2,99,38.9,14.9,D1
310,310,Kyrah Daniels,Wisconsin,D1,G,34,86.2,99,46.5,11.9,D1
311,311,Skylar Jones,Louisville,D1,G,34,86.1,99,30,19.9,D1
312,312,Edina Strausz,Davidson,D1,C,32,86.1,99,45.9,15.9,D1
313,313,Isaline Alexander,Michigan State,D1,F,18,86,99,37.2,17.9,D1
314,314,Mia Moore,Clemson,D1,G,32,86,99,47.5,15.1,D1
315,315,Aleshia Jones,Lindenwood,D1,G,33,85.9,99,47.7,12.3,D1
316,316,Logyn Greer,Colorado,D1,F,34,85.9,99,41.7,15.2,D1
317,317,Mir McLean,Maryland,D1,G,32,85.8,99,39.3,16.9,D1
318,318,Gabby Casey,Saint Joseph's,D1,G,30,85.8,99,42.4,13.5,D1
319,319,Michelle Ojo,DePaul,D1,F,30,85.7,99,32.2,14.6,D1
320,320,Kyra Anderson,Texas State,D1,F,30,85.7,99,45.9,12.9,D1
321,321,Kendall Dudley,Michigan,D1,G,34,85.5,99,45.2,15.7,D1
322,322,Indya Green,Southern Illinois,D1,F,30,85.5,99,49.3,14.1,D1
323,323,Jordan Lee,Texas,D1,G,40,85.4,99,38.7,15.4,D1
324,324,Daniela Abies,St. John's,D1,F,34,85.3,99,49.7,14.6,D1
325,325,Lex Therien,Loyola Maryland,D1,F,30,85.3,96.5,50.1,11.2,D1
326,326,Karly Weathers,Alabama,D1,G,35,85.1,99,51.9,11.6,D1
327,327,Raegan McCowan,Western Illinois,D1,G,10,85,99,46.6,16.3,D1
328,328,Fatima Diakhate,Pittsburgh,D1,F,31,85,99,46.4,14.5,D1
329,329,Maya Hernandez,Loyola Marymount,D1,F,31,84.9,99,49.7,12.5,D1
330,330,Tess Heal,Kansas State,D1,G,34,84.9,99,37.4,17.8,D1
331,331,Jada Richard,LSU,D1,G,35,84.9,99,40.4,14.5,D1
332,332,Gisella Maul,California,D1,G,36,84.9,95.9,50.6,11.2,D1
333,333,Jana Sallman,William & Mary,D1,C,28,84.8,99,39.4,16.6,D1
334,334,Monae' Duffy,UAB,D1,F,31,84.8,99,53.9,11,D1
335,335,Sophia Gregory,Youngstown State,D1,F,37,84.8,99,46.2,13.4,D1
336,336,Gabby Elliott,Arizona State,D1,G,35,84.8,99,47.7,13,D1
337,337,Abbie Boutilier,Eastern Illinois,D1,C,12,84.7,99,55.6,15,D1
338,338,Cristina Jones,Cal State Fullerton,D1,F,30,84.6,99,30,15.2,D1
339,339,Haven Ford,Murray State,D1,G,35,84.6,99,48.4,12.4,D1
340,340,Leia Edwards,Lehigh,D1,G,17,84.6,99,50.8,12.7,D1
341,341,Claire McDougall,Bradley,D1,G,8,84.6,99,43.5,16.2,D1
342,342,Taya Ellis,Bowling Green,D1,F,30,84.5,99,45.5,14.6,D1
343,343,Maia Rosarion,Nevada,D1,F,30,84.5,99,45.5,17.1,D1
344,344,Crislyn Rose,Arkansas State,D1,G,37,84.4,99,42.9,15.8,D1
345,345,Tracey Hueston,Coastal Carolina,D1,F,32,84.4,99,36.9,18.6,D1
346,346,Kaylen Nelson,Bradley,D1,G,33,84.3,99,47.7,13.8,D1
347,347,Stailee Heard,Oklahoma State,D1,G,34,84.3,99,45.6,16,D1
348,348,Sabou Gueye,Providence,D1,G,33,84.3,99,34.4,14,D1
349,349,Amaya Battle,Minnesota,D1,G,33,84.2,98.3,51.6,13.8,D1
350,350,Saniyah Craig,Temple,D1,F,32,84.2,99,37.2,13,D1
351,351,Mia Jacobs,Oregon,D1,F,34,84.2,99,36.8,17.1,D1
352,352,Demeara Hinds,Clemson,D1,F,31,84.1,99,48,14.9,D1
353,353,Jordana Reisma,Missouri,D1,F,29,84.1,99,49,14.7,D1
354,354,Nala Williams,San Diego State,D1,G,33,84.1,99,51.7,13.5,D1
355,355,Ava Zediker,Creighton,D1,G,27,84.1,99,50.1,15.9,D1
356,356,Chinenye Odenigbo,Massachusetts,D1,C,27,84,99,55.5,10.9,D1
357,357,Sydney Shaw,West Virginia,D1,G,35,83.8,99,54.4,13.6,D1
358,358,Erin Condron,UC San Diego,D1,F,33,83.8,97,60.5,8.9,D1
359,359,Timya Thurman,Southern Miss,D1,C,25,83.8,99,40.7,15.6,D1
360,360,Clare Coyle,Furman,D1,F,31,83.7,99,54.6,13.3,D1
361,361,Zy Thompson,UT Martin,D1,F,28,83.6,99,43.2,14.7,D1
362,362,Zanai Barnett-Gay,Navy,D1,G,31,83.6,99,50.7,11.6,D1
363,363,Susie Rafiu,Columbia,D1,F,31,83.6,99,41.8,12.2,D1
364,364,Abigail Wright,Harvard,D1,F,32,83.5,99,48.3,10.9,D1
365,365,Imani Lester,Rutgers,D1,G,26,83.5,99,45.7,13.1,D1
366,366,Candy Edokpaigbe,San Francisco,D1,G,34,83.5,98.6,54.2,11.2,D1
367,367,Paris Clark,Virginia,D1,G,34,83.5,99,52.3,12.4,D1
368,368,En'Dya Buford,Old Dominion,D1,G,32,83.1,99,42.6,12.3,D1
369,369,Lili Krasovec,Purdue Fort Wayne,D1,F,37,83.1,99,49.4,13.5,D1
370,370,Charlise Dunn,Davidson,D1,G,33,83,99,47.1,10.8,D1
371,371,Johnea Donahue,Bowling Green,D1,G,29,82.9,99,55.3,13.1,D1
372,372,Gracie Sorenson,Utah Valley,D1,C,28,82.9,99,34.6,16.5,D1
373,373,Shorna Preston,Pepperdine,D1,F,35,82.9,99,51.2,13.7,D1
374,374,Tamar Singer,Miami (OH),D1,G,35,82.9,99,54.7,10.2,D1
375,375,Amelia Strong,UIC,D1,F,23,82.8,99,50.4,13.5,D1
376,376,Saylor Poffenbarger,Maryland,D1,G,31,82.8,99,48,12.7,D1
377,377,Teneisia Brown,Providence,D1,F,33,82.8,96.7,49.2,13.6,D1
378,378,Heloisa Carrera,Arizona State,D1,F,35,82.7,99,40.2,15.4,D1
379,379,Brianna Scott,Georgetown,D1,F,29,82.7,99,45.7,18.1,D1
380,380,Maddy Skorupski,Green Bay,D1,G,37,82.5,88.2,51.4,9.8,D1
381,381,Mya Perry,Cincinnati,D1,G,31,82.5,99,39.1,14.3,D1
382,382,Filipa Barros,California Baptist,D1,G,34,82.4,99,44.6,12,D1
383,383,Kennedie Shuler,Oregon State,D1,G,37,82.4,99,35.9,14,D1
384,384,Avery Mills,Liberty,D1,G,27,82.3,98.1,54,12.6,D1
385,385,Mackenzie Nelson,Virginia Tech,D1,G,32,82.3,99,43,14.9,D1
386,386,Kennedy Henry,Villanova,D1,G,30,82.3,99,33.5,14.6,D1
387,387,Laura Williams,USC,D1,F,31,82.2,99,48,13.7,D1
388,388,Jordan Marshall,Louisiana Tech,D1,F,33,82.2,99,47.1,11.8,D1
389,389,Jenna Villa,Oregon State,D1,G,37,82.1,99,49.5,14.5,D1
390,390,Rachel Leggett,Troy,D1,G,33,82,99,48.9,12.9,D1
391,391,Madi Morson,Central Michigan,D1,G,30,82,99,33.6,14.9,D1
392,392,Quinn Vice,Drake,D1,F,32,82,99,31.2,17.9,D1
393,393,Janae Tyler,Kent State,D1,F,10,82,87.1,54.9,10.7,D1
394,394,Ashlon Jackson,Duke,D1,G,36,82,99,44.6,13.4,D1
395,395,Tuti Jones,Belmont,D1,G,32,81.9,99,49.9,13.5,D1
396,396,Destiny Jones,West Georgia,D1,F,30,81.9,99,57.2,12.2,D1
397,397,Channah Gannon,Southern Indiana,D1,F,23,81.9,99,35.5,17.2,D1
398,398,Brynn McGaughy,Washington,D1,F,33,81.8,99,44.3,15.9,D1
399,399,Lily Carmody,Boston College,D1,G,30,81.8,99,31.4,14.4,D1
400,400,Triniti Ralston,Bellarmine,D1,G,11,81.8,91.8,48.5,15.5,D1
401,401,Petra Bozan,Nebraska,D1,F,32,81.7,99,32.7,18.7,D1
402,402,Jordan Holman,Little Rock,D1,G,31,81.7,99,53.4,11.6,D1
403,403,Amber Bullard,Mount St. Mary's,D1,C,26,81.7,99,50.9,13.1,D1
404,404,Ashlynn Chlarson,Arkansas,D1,C,32,81.6,99,30,15.5,D1
405,405,Te'Yala Delfosse,Michigan,D1,G,35,81.6,99,31.9,19.3,D1
406,406,Evyn Carrier,Toledo,D1,C,30,81.6,99,46.9,16.6,D1
407,407,Caroline Lau,Northwestern,D1,G,29,81.6,93.9,48.1,12.6,D1
408,408,Ni'Kiah Chesterfield,Marshall,D1,C,38,81.5,99,36.1,17.6,D1
409,409,Lizzy Williamson,Oregon State,D1,F,37,81.5,99,45.4,14,D1
410,410,Addison Harris,Montana State,D1,F,35,81.5,99,47.4,12.9,D1
411,411,Ify Nwaobi,Liberty,D1,F,29,81.5,99,57.7,10.6,D1
412,412,Carla Brito,South Florida,D1,F,28,81.5,99,35.9,12.7,D1
413,413,Jenna Lawrence,Arkansas,D1,F,32,81.4,99,30,20.3,D1
414,414,Libby Hutton,Boise State,D1,F,34,81.4,99,47.5,12.9,D1
415,415,Allie Turner,Gonzaga,D1,G,34,81.4,99,50.2,12.2,D1
416,416,Dominique Darius,Syracuse,D1,G,30,81.4,99,41.7,14.3,D1
417,417,Anaëlle Dutat,Colorado,D1,F,34,81.3,99,50.7,14.4,D1
418,418,Kamryn Winch,Valparaiso,D1,C,31,81.3,99,43.3,16.2,D1
419,419,Cora Olsen,Omaha,D1,F,6,81.2,99,42.9,19.2,D1
420,420,Brooke Coffey,Lindenwood,D1,G,33,81.2,99,53.6,13.2,D1
421,421,Ellie Brueggemann,Lindenwood,D1,G,33,81.2,99,52.9,12.7,D1
422,422,Kharyssa Richardson,Mississippi State,D1,F,30,81.2,99,35.8,18.3,D1
423,423,Zahra King,SMU,D1,G,31,81.1,99,36.1,15.6,D1
424,424,Inés Sotelo,Michigan State,D1,C,23,81.1,97,44.4,15,D1
425,425,Jaidynn Mason,Marquette,D1,G,29,81.1,99,34.2,16.6,D1
426,426,Kadidia Toure,Long Island University,D1,F,31,81.1,99,57.7,11.7,D1
427,427,Lorena Barbosa,Idaho,D1,F,34,81.1,99,44.2,15.2,D1
428,428,Caitlyn Jones,Wake Forest,D1,G,28,81,99,32.6,16.6,D1
429,429,Kat Righeimer,Northwestern,D1,G,16,81,99,41,15.5,D1
430,430,Bailey Maupin,Texas Tech,D1,G,34,80.9,99,45.7,15.3,D1
431,431,Alicia Tournebize,South Carolina,D1,F,20,80.9,96.5,44.1,18.2,D1
432,432,Meghan Andersen,Fairfield,D1,F,33,80.7,99,52.6,13.5,D1
433,433,Carleigh Wenzel,Virginia Tech,D1,G,33,80.7,99,43.8,14.5,D1
434,434,Naomi Panganiban,San Diego State,D1,G,34,80.6,99,48.3,13.3,D1
435,435,Elina Aarnisalo,North Carolina,D1,G,36,80.6,99,35.7,16.8,D1
436,436,Charlotte O'Keefe,UT Rio Grande Valley,D1,F,29,80.6,99,55,10,D1
437,437,Adhel Tac,South Carolina,D1,F,23,80.5,99,48.4,14.6,D1
438,438,Vivian Onugha,Florida Atlantic,D1,F,32,80.5,99,42.7,15,D1
439,439,Malaya Cowles,Notre Dame,D1,F,33,80.5,99,52.2,11.9,D1
440,440,Brooklyn Gray,Rhode Island,D1,G,33,80.5,99,45.1,12.9,D1
441,441,Lilly Meister,Kansas,D1,F,37,80.4,99,38.4,14.9,D1
442,442,Riley Stack,Old Dominion,D1,F,32,80.4,99,45.5,14.6,D1
443,443,Quinn Boettinger,Navy,D1,F,26,80.4,99,41.5,16.2,D1
444,444,Bailey Barnhard,San Diego State,D1,F,34,80.4,97.1,52.7,12.6,D1
445,445,Maggie Taylor,Drake,D1,F,32,80.4,99,42.5,13.6,D1
446,446,Winner Bartholomew,Pacific,D1,F,29,80.4,99,49.7,12.6,D1
447,447,Gina Garcia,Kansas State,D1,G,37,80.3,99,40.9,12.6,D1
448,448,Imani Perez,Hawaii,D1,F,33,80.3,98.3,48.7,13.2,D1
449,449,Piper Carlson,Idaho State,D1,F,30,80.3,99,53.5,11.2,D1
450,450,Bree Stephens,Central Arkansas,D1,F,32,80.3,99,54,12.1,D1
451,451,Kyla Abraham,Baylor,D1,F,34,80.3,99,46.7,15.3,D1
452,452,Ilse de Vries,Miami (OH),D1,F,35,80.2,99,52.3,11.3,D1
453,453,Lee Volker,Marquette,D1,G,30,80.1,95.8,54.7,10.3,D1
454,454,Lanie Grant,North Carolina,D1,G,34,80.1,89.2,33.3,12.6,D1
455,455,Edyn Battle,South Florida,D1,G,24,80.1,99,47.1,13.7,D1
456,456,Bailey Tabeling,Ohio,D1,G,32,80.1,99,50.8,12.9,D1
457,457,Tiani Ellison,East Texas A&M,D1,F,26,80.1,99,30,13.5,D1
458,458,LaReesha Cawthorn,Tennessee Tech,D1,F,29,80.1,96,48.1,12.2,D1
459,459,Milahnie Perry,Air Force,D1,G,33,80.1,99,43,12.7,D1
460,460,Nyadieng Yiech,Florida,D1,F,33,80.1,99,44.9,16.3,D1
461,461,Orlagh Gormley,Providence,D1,G,32,80.1,95.9,48.9,11.5,D1
462,462,Jalencia Pierre,McNeese,D1,G,34,80,99,52.7,13.3,D1
463,463,Shadasia Brackens,Tarleton State,D1,F,28,80,99,37.2,16.4,D1
464,464,Vernell Atamah,Northwestern State,D1,F,32,80,99,49.5,13.9,D1
465,465,Amelia Hassett,Kentucky,D1,F,36,80,99,34.6,14.8,D1
466,466,Ande'a Cherisier,Delaware,D1,C,31,80,94,51.1,9.9,D1
467,467,Kaitlyn Duhon,Auburn,D1,G,32,80,99,49.3,13,D1
468,468,Jalayah Ingram,UT Rio Grande Valley,D1,G,33,80,99,51.8,10.6,D1
469,469,Malene Pedersen,Wyoming,D1,G,29,79.9,99,55.4,11.5,D1
470,470,Alana Nelson,Purdue Fort Wayne,D1,F,37,79.9,99,51.6,11.2,D1
471,471,Jordan Speiser,Kansas State,D1,G,37,79.9,99,30.9,17.1,D1
472,472,Ja'Kahla Craft,Seton Hall,D1,G,26,79.9,99,42.9,14.1,D1
473,473,Michaela Hodge,Hofstra,D1,C,18,79.9,99,41.9,15.7,D1
474,474,Aaliyah Parker,St. Bonaventure,D1,G,32,79.8,99,50.6,11.4,D1
475,475,Ali Saunders,Southern Indiana,D1,G,31,79.8,99,47.5,15.1,D1
476,476,Agot Makeer,South Carolina,D1,G,32,79.8,99,45.3,15.4,D1
477,477,Brooke Moore,St. John's,D1,G,34,79.7,99,37.2,16,D1
478,478,Carter McCray,West Virginia,D1,F,34,79.7,98.4,45.1,15.2,D1
479,479,Lizzy Gruber,Maine,D1,C,32,79.7,99,49.2,13.7,D1
480,480,Grace Kingery,Ball State,D1,G,33,79.6,99,53,11.6,D1
481,481,Bella Weary,Arkansas State,D1,G,37,79.6,99,42.8,15.4,D1
482,482,Sa'Myah Smith,Virginia,D1,F,23,79.6,99,53.1,13.9,D1
483,483,Zya Vann,Oklahoma,D1,G,34,79.6,99,47,15,D1
484,484,Grace McDonough,James Madison,D1,F,35,79.6,99,34.1,13.9,D1
485,485,Cassandre Prosper,Notre Dame,D1,G,36,79.5,99,30,15.1,D1
486,486,Brianna Turnage,Georgia Tech,D1,G,33,79.5,99,51.2,11.4,D1
487,487,Amarachi Kimpson,Miami,D1,G,33,79.5,99,52.5,12.3,D1
488,488,Josie Hill,South Dakota,D1,C,35,79.5,99,40.1,15.1,D1
489,489,Jaida Civil,Tennessee,D1,G,30,79.3,99,38.3,15.3,D1
490,490,Juliann Woodard,Michigan State,D1,F,26,79.2,99,40.3,18.4,D1
491,491,Raven Preston,Wake Forest,D1,G,9,79.2,87,50.2,10.9,D1
492,492,Anna Foley,Quinnipiac,D1,F,34,79.2,99,42.8,16.4,D1
493,493,Gretchen Dolan,Illinois,D1,G,18,79.1,99,46.6,14.3,D1
494,494,Mary Amoateng,George Mason,D1,G,33,79.1,99,46,14.2,D1
495,495,Theryn Hallock,Michigan State,D1,G,9,79.1,95.4,61.8,11.2,D1
496,496,Joseana Vaz,Eastern Kentucky,D1,F,32,79,99,49.2,14.6,D1
497,497,Miyah Verse,Georgia,D1,F,32,79,99,42.3,12.9,D1
498,498,Jorey Buwalda,Milwaukee,D1,F,34,78.9,89.4,47.4,10.9,D1
499,499,Moses Davenport,Alabama A&M,D1,C,28,78.9,99,46.3,14,D1
500,500,Zennia Thomas,Howard,D1,F,34,78.9,99,49.4,9.9,D1
501,501,Nyla McFadden,Penn State,D1,G,28,78.9,99,44.7,17.1,D1
502,502,Madison Layden-Zay,Purdue,D1,G,25,78.9,94.2,42.3,13.4,D1
503,503,Riley Rismiller,Kent State,D1,C,32,78.8,99,42.3,12.3,D1
504,504,Tayla Thomas,Northwestern,D1,F,29,78.8,99,43.9,14.7,D1
505,505,Katie Collins,Pennsylvania,D1,F,27,78.8,99,56.5,13.3,D1
506,506,Amari Whiting,Oklahoma State,D1,G,34,78.8,99,44.7,15.7,D1
507,507,Ally Sweeney,Richmond,D1,G,34,78.8,99,47.9,11.7,D1
508,508,Sarengbe Sanogo,Texas Tech,D1,F,34,78.7,99,38.1,15.5,D1
509,509,Mary Meng,Yale,D1,F,16,78.7,88.8,56.4,9.7,D1
510,510,Emma Najjuma,New Mexico,D1,F,32,78.7,92.6,43.6,10.1,D1
511,511,Alex Covill,Washington State,D1,C,20,78.7,99,46.7,13.3,D1
512,512,Tasia Jordan,Idaho State,D1,G,30,78.7,99,47.8,13.4,D1
513,513,Mjracle Sheppard,California,D1,G,35,78.6,99,45.5,10,D1
514,514,Olivia Hamlin,BYU,D1,G,38,78.6,99,50.5,13.2,D1
515,515,Alancia Ramsey,Alabama,D1,F,27,78.6,99,38.9,16.4,D1
516,516,Ayla Williams,San Diego,D1,C,33,78.6,99,33.3,15.4,D1
517,517,Divine Dibula,Monmouth,D1,F,33,78.5,99,48.1,14.5,D1
518,518,Charlotte Abraham,Washington State,D1,G,34,78.4,99,36.1,16.9,D1
519,519,Anete Adler,Boston University,D1,F,27,78.4,99,49.5,14.8,D1
520,520,Dyani Ananiev,Portland,D1,G,32,78.4,99,50.4,14.3,D1
521,521,Hunter Hernandez,UC Irvine,D1,G,33,78.4,95.9,44.2,11.9,D1
522,522,Edie Clarke,Saint Mary's,D1,F,34,78.4,99,42.9,14.7,D1
523,523,Ella Brubaker,Seattle,D1,G,30,78.4,99,52.3,11.1,D1
524,524,Kate Samson,Navy,D1,C,29,78.3,99,53.4,13.8,D1
525,525,MacKenzie Givens,Xavier,D1,F,29,78.3,98.7,44.3,12,D1
526,526,Paulina Hernandez,Youngstown State,D1,F,37,78.3,99,43.8,13.6,D1
527,527,Elli Guiney,Pepperdine,D1,G,35,78.2,90.5,44.9,11.2,D1
528,528,JaQuoia Jones-Brown,Long Beach State,D1,G,30,78.2,97.9,45.1,11.4,D1
529,529,Jasmyn Cooper,Syracuse,D1,F,24,78.1,99,38.7,12.8,D1
530,530,Maty Wilke,Utah,D1,G,33,78.1,93.7,30.5,13.2,D1
531,531,Jailyn Banks,Belmont,D1,G,24,78.1,83.4,56.4,8,D1
532,532,Lauren Ware,Texas A&M-CC,D1,F,20,78.1,99,50.2,15.8,D1
533,533,Teya Sidberry,Texas,D1,F,35,78,99,41.4,15.4,D1
534,534,Laycee Drake,St. Bonaventure,D1,G,33,78,99,51,12.1,D1
535,535,Ryanne Allen,Villanova,D1,G,31,78,99,31.9,18.8,D1
536,536,Brooke Quarles Daniels,Michigan,D1,G,35,78,99,30,14.8,D1
537,537,Payton Hull,Abilene Christian,D1,G,35,78,99,53.3,14.6,D1
538,538,Kiki Modeva,Umass Lowell,D1,F,15,78,99,40.2,15.2,D1
539,539,Eleonora Villa,Washington State,D1,G,34,77.9,93,39,12.5,D1
540,540,Regan Williams,Kansas,D1,F,30,77.9,99,41.1,14.6,D1
541,541,Belle Bramer,Lehigh,D1,G,29,77.9,92.3,50.3,9.6,D1
542,542,Bryanna Preston,Texas,D1,G,31,77.9,99,36.8,17,D1
543,543,Sereniti Roberts-Adams,Oakland,D1,C,33,77.9,99,46.5,12.9,D1
544,544,Addi Mack,Maryland,D1,G,31,77.9,99,38.7,14.4,D1
545,545,Sara Lewis,George Washington,D1,F,35,77.8,99,41.3,12.8,D1
546,546,Kishyah Anderson,Georgia Southern,D1,G,31,77.8,99,48.2,14.8,D1
547,547,Emma Johansson,California Baptist,D1,F,34,77.8,94.6,52,10.5,D1
548,548,Justine Pissott,Vanderbilt,D1,G,34,77.7,99,52.2,15,D1
549,549,Crystal Henderson,Georgia State,D1,G,29,77.7,99,37.2,14.2,D1
550,550,Haleigh Timmer,Oklahoma State,D1,G,34,77.6,99,40.9,16.6,D1
551,551,Priscilla Williams,Jacksonville,D1,G,31,77.6,99,46.2,13.9,D1
552,552,Jalei Oglesby,Oral Roberts,D1,G,28,77.5,97,41,13,D1
553,553,Kylie Torrence,Cincinnati,D1,F,29,77.5,99,35.8,14.8,D1
554,554,Romi Levy,Virginia,D1,G,33,77.5,98.8,41.7,13.6,D1
555,555,Elise Jaeger,Northern Iowa,D1,F,31,77.5,90.9,50,9,D1
556,556,Khady Leye,Auburn,D1,F,32,77.4,99,35.9,14.8,D1
557,557,India Howard,North Alabama,D1,F,31,77.3,96.6,38.8,13.6,D1
558,558,Tanajah Hayes,Charlotte,D1,G,32,77.3,97.6,34.2,14.9,D1
559,559,Molly O'Riordan,Dayton,D1,F,31,77.3,99,42.8,16,D1
560,560,Lety Vasconcelos,Illinois,D1,C,34,77.3,99,30,20.6,D1
561,561,Aniah Hall,Northern Colorado,D1,F,34,77.2,99,34,15.5,D1
562,562,Laila Phelia,Syracuse,D1,G,32,77.2,99,43.9,15.2,D1
563,563,Tajianna Roberts,Louisville,D1,G,37,77.2,99,39.7,16.5,D1
564,564,Cyanne Coe,Fairfield,D1,F,32,77.2,94.8,30,12.6,D1
565,565,Destiny Brown,UNLV,D1,F,28,77.2,99,46.7,14,D1
566,566,Kyra Gardner,Idaho,D1,G,35,77.2,99,30.6,15.2,D1
567,567,Mara Braun,Minnesota,D1,G,33,77.1,99,47.4,11.2,D1
568,568,Evelina Otto,Utah,D1,F,32,77.1,99,46.1,15.5,D1
569,569,Ronnie Porter,Wisconsin,D1,G,34,77.1,99,43.5,13.1,D1
570,570,Delaney Yarborough,UMBC,D1,C,32,77,99,46.9,15.1,D1
571,571,Tianna Thompson,Ole Miss,D1,G,34,77,99,31.5,17.9,D1
572,572,Gal Raviv,Miami,D1,G,30,77,93.8,42,11.7,D1
573,573,Maya Makalusky,Indiana,D1,F,32,76.9,99,39.3,15.4,D1
574,574,Iyana Moore,Notre Dame,D1,G,34,76.9,99,45.3,14.1,D1
575,575,Tiara Bolden,Oregon State,D1,G,37,76.9,99,46.8,14,D1
576,576,Ashley Baez,Troy,D1,G,33,76.8,99,30,16.5,D1
577,577,Makenzie Luehring,Oakland,D1,G,33,76.8,99,46.2,12.6,D1
578,578,Idara Udo,UTSA,D1,F,27,76.7,99,30,17.4,D1
579,579,Saniyah Neverson,Hawaii,D1,F,34,76.7,87.1,49.7,9.4,D1
580,580,Reyna Scott,Louisville,D1,G,37,76.7,99,30.3,16.3,D1
581,581,Ashley Banks,Southern Utah,D1,C,32,76.7,99,39.3,14.5,D1
582,582,Maryam Dauda,South Carolina,D1,F,37,76.7,99,44.9,14.8,D1
583,583,Yarden Garzon,Maryland,D1,G,33,76.7,99,47.2,11.6,D1
584,584,Lenée Beaumont,Indiana,D1,G,32,76.6,99,46.3,14.2,D1
585,585,Taylor Barnes,California,D1,F,27,76.6,92.6,50,10.6,D1
586,586,Rachel Ullstrom,Richmond,D1,G,34,76.5,99,49.1,12.6,D1
587,587,Danika Galea,Arkansas,D1,C,18,76.5,99,40.5,19.7,D1
588,588,Kloe Froebe,Colorado State,D1,G,35,76.5,99,51,11.1,D1
589,589,Ndjakalenga Mwenentanda,Vanderbilt,D1,G,34,76.4,99,39.3,15.9,D1
590,590,Jalyn Brown,Michigan State,D1,G,33,76.4,91.2,54.2,9.9,D1
591,591,Nicole Steiner,Cal State Fullerton,D1,F,24,76.4,99,48,14.1,D1
592,592,Ereauna Hardaway,UTSA,D1,G,34,76.3,99,42.1,13.4,D1
593,593,Yuting Deng,Baylor,D1,G,33,76.3,99,38.5,14.9,D1
594,594,Kennedy Fauntleroy,East Carolina,D1,G,32,76.3,99,39.8,13.4,D1
595,595,Kaemyn Bekemeier,Missouri State,D1,G,36,76.3,99,49.5,11.4,D1
596,596,Saniya Jackson,Butler,D1,G,31,76.3,99,49,10.4,D1
597,597,Kiersten Johnson,Baylor,D1,F,34,76.3,99,43.4,14.6,D1
598,598,Lazaria Spearman,Tennessee,D1,F,30,76.3,99,41.4,15.7,D1
599,599,Hannah Chicken,Portland State,D1,F,31,76.3,89.6,42.9,12.3,D1
600,600,Mahogany Chandler-Roberts,UCF,D1,C,31,76.3,99,43,13.8,D1
601,601,Paris Bradley,Louisiana Tech,D1,G,33,76.2,99,38.4,13,D1
602,602,Naomi White,Northern Arizona,D1,G,32,76.2,99,48.9,11.6,D1
603,603,Aryss Macktoon,La Salle,D1,G,34,76.2,99,42.9,13.2,D1
604,604,Tena Ikidi,Cal State Bakersfield,D1,C,30,76.2,99,45.4,13.4,D1
605,605,Deborah Ogayemi,Sam Houston,D1,F,27,76.2,85.5,53.1,8.4,D1
606,606,Jada Crawshaw,Georgia Tech,D1,F,19,76.1,99,38.2,17.9,D1
607,607,Olivia Olson,Marshall,D1,G,17,76.1,88.2,49.6,11,D1
608,608,Taylor McCabe,Iowa,D1,G,21,76.1,82.9,51,8.6,D1
609,609,Grace Ezebilo,Charleston,D1,F,33,76,99,52,11.1,D1
610,610,Veronaye Charlton,Austin Peay,D1,G,10,75.9,85.3,48.3,10.9,D1
611,611,Fanta Kone,Sam Houston,D1,G,30,75.9,99,45.8,12.7,D1
612,612,Kaelyn Hamilton,San Diego State,D1,G,34,75.9,99,43.2,14.8,D1
613,613,Lulu Twidale,California,D1,G,35,75.8,99,43.9,15.5,D1
614,614,Raven Thompson,Clemson,D1,F,33,75.8,99,35.6,13.9,D1
615,615,Harriet Ford,Duquesne,D1,F,28,75.8,99,31.5,16.6,D1
616,616,Kate Dike,Morehead State,D1,G,33,75.8,99,44.2,11.9,D1
617,617,Jada Wynn,UC Irvine,D1,G,33,75.8,95.1,49.9,9.7,D1
618,618,Skye Belker,Princeton,D1,G,30,75.8,99,41.9,12,D1
619,619,Jaleesa Molina,Temple,D1,F,31,75.8,98.7,45.2,12.7,D1
620,620,Meg Cahalan,Holy Cross,D1,F,32,75.7,99,47.3,11.2,D1
621,621,Gia Cooke,West Virginia,D1,G,35,75.7,99,47.1,16.1,D1
622,622,Gabby Reynolds,George Washington,D1,G,35,75.7,90.1,49,12.1,D1
623,623,Meg Lucas,Buffalo,D1,F,29,75.7,92.5,52,10.1,D1
624,624,Ashlynn Shade,UConn,D1,G,39,75.6,99,40.1,13,D1
625,625,Kacey Spink,Idaho State,D1,G,30,75.6,99,53.2,10.2,D1
626,626,Stefanie Ingram,South Florida,D1,G,32,75.6,99,43.2,14.7,D1
627,627,Tateyoina Harris,Coastal Carolina,D1,F,30,75.5,97.2,45.8,14.1,D1
628,628,Lara Alonso-Basurto,Oregon State,D1,F,35,75.5,99,42.7,12,D1
629,629,Dezuray McGill,North Florida,D1,F,29,75.5,99,47.5,13.7,D1
630,630,Bella Green,Pepperdine,D1,G,35,75.4,99,44.5,16,D1
631,631,Destiny Agubata,Georgetown,D1,G,31,75.3,99,36,16.6,D1
632,632,Trista Fayta,Illinois State,D1,G,38,75.3,99,50.6,10.8,D1
633,633,Destiney McPhaul,Mississippi State,D1,G,31,75.3,99,39.4,15.9,D1
634,634,Ava Locklear,N.J.I.T.,D1,F,32,75.3,90,50.7,10.5,D1
635,635,Chloe Clardy,Stanford,D1,G,34,75.3,91.9,41,10.2,D1
636,636,Anzhane Hutton,East Carolina,D1,F,31,75.3,99,35.4,12.4,D1
637,637,Maya Foz,Bradley,D1,G,33,75.2,85.9,52.2,8.9,D1
638,638,Olivia Bradley,UC Santa Barbara,D1,F,30,75.2,99,54.5,12.9,D1
639,639,Destiny Garrett,Georgia Southern,D1,G,31,75.1,99,48.4,12,D1
640,640,Palmire Mbu,Rhode Island,D1,F,33,75.1,99,50.9,11.3,D1
641,641,Aleah Snead,Saint Joseph's,D1,G,32,75,99,42.2,15.2,D1
642,642,Jessie Joaquim,New Mexico,D1,F,30,75,99,53.2,10.4,D1
643,643,Brooke Carlson,Colorado State,D1,G,35,75,99,39.8,12.3,D1
644,644,Emma Smith,App State,D1,G,30,75,94.7,48,12.1,D1
645,645,Amy O'Hara,Bradley,D1,F,24,75,99,52.1,13.1,D1
646,646,Charlotte Tuhy,American University,D1,F,29,74.9,87.5,41.7,10.3,D1
647,647,Charish Thompson,Cal Poly,D1,F,29,74.9,77.6,50.8,7.5,D1
648,648,Simaru Fields,Old Dominion,D1,G,32,74.9,98.8,44.4,12.1,D1
649,649,Otaifo Esenabhalu,Longwood,D1,F,31,74.9,99,33.1,13.8,D1
650,650,Kaylah Turner,Temple,D1,G,32,74.8,99,45.2,15.2,D1
651,651,Moriah Murray,Penn State,D1,G,29,74.8,99,45.5,13.2,D1
652,652,Jaylah Lampley,Mississippi State,D1,G,30,74.8,99,41,15.6,D1
653,653,Milana Nenadic,Valparaiso,D1,F,32,74.8,99,41.4,14.1,D1
654,654,Ndack Mbengue,UTEP,D1,F,29,74.8,92.3,37.6,13,D1
655,655,Avery Sussex,UC Davis,D1,G,35,74.8,98.4,50.7,12.5,D1
656,656,Amerie Flowers,Indiana State,D1,F,31,74.7,99,40.2,16.2,D1
657,657,Zachara Perkins,Rutgers,D1,F,25,74.7,99,47.3,12.8,D1
658,658,Kennedy Lee,San Diego State,D1,F,34,74.6,99,43.3,14.1,D1
659,659,Ella Johnson,Montana State,D1,F,35,74.5,93.6,55.3,9,D1
660,660,Kayla Williams,Northern Arizona,D1,F,29,74.5,99,40.9,17.2,D1
661,661,Ni'Rah Clark,Akron,D1,F,29,74.5,94.7,48.8,13.7,D1
662,662,Zyion Shannon,Arkansas State,D1,G,37,74.5,99,40.3,15.8,D1
663,663,India Johnston,Towson,D1,G,31,74.5,99,51.3,12.5,D1
664,664,Allie Kubek,Florida State,D1,F,28,74.5,99,44.8,15.2,D1
665,665,Sarah Baker,Youngstown State,D1,F,37,74.4,96,52.5,9.3,D1
666,666,Ryann Bennett,UC Davis,D1,G,35,74.4,99,47.4,10.6,D1
667,667,Sydney Harris,Iowa State,D1,F,32,74.4,99,40.7,17.5,D1
668,668,Summah Hanson,UC Irvine,D1,F,22,74.4,99,53.7,11,D1
669,669,Addie Biel,App State,D1,F,28,74.4,99,38.3,17.1,D1
670,670,Blair Baugus,Middle Tennessee,D1,G,33,74.3,98.5,46.3,11.7,D1
671,671,Kiara Williams,La Salle,D1,F,34,74.3,99,39.7,13.8,D1
672,672,Abby Cater,Wichita State,D1,G,31,74.3,99,39.5,16.6,D1
673,673,Erin Woodson,Abilene Christian,D1,G,35,74.2,99,53,10.7,D1
674,674,Debra Hill,Dartmouth,D1,F,23,74.2,99,47.6,14.4,D1
675,675,Aleah Sorrentino,Stetson,D1,F,32,74.2,92.6,45.1,11,D1
676,676,Kailani Lindsey,Eastern Kentucky,D1,F,34,74.2,94,46.4,11.8,D1
677,677,Journey Thompson,Syracuse,D1,F,29,74.2,98,45,14.3,D1
678,678,Addi Brownfield,Western Illinois,D1,G,32,74.1,99,41.7,11.7,D1
679,679,Taryn Barbot,Charleston,D1,G,33,74.1,99,48.3,12.7,D1
680,680,Parris Atkins,Florida International,D1,G,30,74.1,99,37.6,14.2,D1
681,681,Talia Maxwell,Cal State Fullerton,D1,F,32,74,99,46.3,11.1,D1
682,682,Taylor Johnson-Matthews,Clemson,D1,G,33,74,99,39.4,16.5,D1
683,683,Soma Okolo,Miami,D1,F,33,74,99,33.7,16,D1
684,684,Maddie Webber,Illinois,D1,G,34,74,99,39.3,16.3,D1
685,685,Alyssa Latham,Tennessee,D1,F,27,74,99,50.1,15.6,D1
686,686,Amanda Barcello,Utah Valley,D1,G,28,73.9,99,43.9,12.8,D1
687,687,Yahmani McKayle,Massachusetts,D1,G,30,73.9,95.4,41.1,9.7,D1
688,688,Lucy Ghaifan,VCU,D1,F,29,73.8,99,42.5,13.5,D1
689,689,Anisa Jeffries,Grand Canyon,D1,F,28,73.8,99,48,10.2,D1
690,690,Keslyn Secrist,Murray State,D1,G,35,73.8,99,43,10,D1
691,691,Mary McMillan,Stetson,D1,G,32,73.8,99,45.3,14.3,D1
692,692,Avery Waddington,Montana,D1,G,30,73.8,99,36.5,11.5,D1
693,693,Ace Austin,Alabama,D1,G,32,73.8,99,46.4,14,D1
694,694,Jade Tillman,UMBC,D1,F,32,73.7,99,46.8,11.9,D1
695,695,Tatiana Thomas,Kent State,D1,F,29,73.7,99,34,14.2,D1
696,696,Anna Wypych,Butler,D1,G,29,73.7,99,31.4,18.4,D1
697,697,Kayla Mount,Chicago State,D1,C,32,73.7,99,32.2,15.1,D1
698,698,Dyllan Hanna,Tulane,D1,F,31,73.7,99,54.8,11.1,D1
699,699,Nohe'alani Stores,UC Irvine,D1,F,32,73.7,93.7,50.7,10.9,D1
700,700,Chloe Mann,Grand Canyon,D1,G,32,73.6,99,39,11.4,D1
701,701,Kennedy Townsend,Creighton,D1,G,30,73.6,98,42.2,13.3,D1
702,702,Peyton Hill,Eastern Michigan,D1,G,28,73.6,94.3,48.1,11.4,D1
703,703,Ella O'Donnell,Quinnipiac,D1,F,33,73.6,90.5,48.8,9.9,D1
704,704,Reese Beaty,Iowa State,D1,G,27,73.6,97.7,50.2,12.4,D1
705,705,Edessa Noyan,Indiana,D1,F,32,73.6,99,30.3,14.2,D1
706,706,Kearra Jones,Southeast Missouri State,D1,F,32,73.6,99,46.4,14.5,D1
707,707,Hailey Smith,IU Indianapolis,D1,F,30,73.6,95.5,48.4,11.8,D1
708,708,Emilee Fox,South Dakota State,D1,G,27,73.6,99,31.1,17.5,D1
709,709,Mary Moses Amaniyo,UTEP,D1,F,30,73.5,99,40.6,13.1,D1
710,710,Keyarah Berry,Kennesaw State,D1,G,28,73.5,97.8,42.6,13.7,D1
711,711,Lauren Gerken,Bowling Green,D1,F,32,73.5,99,30,13.8,D1
712,712,Sophia Vital,Rhode Island,D1,G,33,73.5,99,49,11.4,D1
713,713,Coryn Watts,Denver,D1,G,30,73.4,99,45,12.1,D1
714,714,Chloe Gannon,Southern Indiana,D1,F,32,73.4,99,50.7,10.1,D1
715,715,Azailah Funches,Oral Roberts,D1,G,28,73.4,99,37.1,18.1,D1
716,716,Teagan Erickson,Montana State,D1,F,33,73.4,99,40.3,16.9,D1
717,717,Aaliyah Collins,High Point,D1,G,32,73.4,99,35.7,13.9,D1
718,718,Katie Davidson,South Florida,D1,G,31,73.4,90.7,50.5,10.5,D1
719,719,Alexis Black,Fordham,D1,G,22,73.3,99,46.1,13.1,D1
720,720,Eva Ruse,San Diego,D1,F,33,73.3,92.2,41.6,13.6,D1
721,721,Nakiyah Mays-Prince,UL Monroe,D1,G,33,73.2,99,30,14,D1
722,722,Bella Fontleroy,Baylor,D1,F,34,73.2,99,38.6,13.9,D1
723,723,Sumayah Sugapong,Arizona,D1,G,29,73.2,99,30,17.6,D1
724,724,Kennedy Sanders,Colorado,D1,G,10,73.1,99,53.5,14.4,D1
725,725,Grace Arnolie,Brown,D1,G,24,73.1,99,47.4,12.9,D1
726,726,Maimouna Sissoko,Wichita State,D1,F,29,73,99,45.1,14.9,D1
727,727,Patricia Sosa Lora,Coppin State,D1,C,31,73,99,32.1,17,D1
728,728,Ramiyah Byrd,Cincinnati,D1,F,29,73,99,46.5,14.3,D1
729,729,Nya Smith,Purdue,D1,G,30,73,99,30.3,18.5,D1
730,730,Angelina Robles,South Dakota,D1,G,36,73,99,52.7,11.4,D1
731,731,Emilia Long,Fresno State,D1,G,34,73,99,41.7,11.8,D1
732,732,Jaida Belton,Alabama A&M,D1,F,34,73,99,47.9,13.9,D1
733,733,Carmen Kweti,Norfolk State,D1,F,30,72.9,86.9,42,12,D1
734,734,Syanne Mohamed,SIU-Edwardsville,D1,F,31,72.9,99,54.4,9.2,D1
735,735,Malia Ruud,Washington State,D1,F,34,72.9,99,36.3,13.5,D1
736,736,Mady Cartwright,Tulsa,D1,G,31,72.9,99,43.6,15.3,D1
737,737,Anna Trusty,Oral Roberts,D1,G,30,72.9,96.4,51.9,10.3,D1
738,738,Mickayla Perdue,Arizona,D1,G,15,72.9,86.8,50.7,11.1,D1
739,739,Faith Fedd-Robinson,Toledo,D1,G,24,72.9,87.5,51.4,8.5,D1
740,740,Jasmine Edwards,Detroit-Mercy,D1,F,31,72.9,87.3,47.4,9.9,D1
741,741,Nora Francois,Arizona,D1,F,29,72.9,99,48.2,10.3,D1
742,742,Taedyn Gray,Drake,D1,F,26,72.9,99,46.9,15,D1
743,743,Georgia Simonsen,Radford,D1,F,38,72.8,99,51,11.2,D1
744,744,Amy Terrian,Michigan State,D1,G,23,72.8,99,36.7,15.2,D1
745,745,Denae Fritz,Texas Tech,D1,G,34,72.8,96,49.2,11,D1
746,746,Grace Schmidt,California Baptist,D1,F,24,72.8,85.2,44.3,10.1,D1
747,747,Believe Tshibangu,Eastern Michigan,D1,C,21,72.7,99,44.1,16.7,D1
748,748,Patience Williams,South Dakota,D1,F,35,72.7,99,50.5,13.5,D1
749,749,Blessing Adebanjo,Arizona,D1,F,25,72.7,99,34.8,16.7,D1
750,750,Ashley Buragas,Le Moyne,D1,F,33,72.6,99,32.9,12.9,D1
751,751,Ta'Mia Scott,Alabama,D1,G,35,72.6,99,48.2,13.9,D1
752,752,Kinsea Grimes,Coastal Carolina,D1,F,31,72.6,95.4,47.7,10.9,D1
753,753,Anaya Brown,SMU,D1,F,31,72.6,99,41.1,15.4,D1
754,754,Kayten Donley,Oral Roberts,D1,F,30,72.5,94,44.4,12.4,D1
755,755,Shaena Brew,Akron,D1,G,30,72.5,99,49.4,14.3,D1
756,756,Norah Moo,Grand Canyon,D1,F,31,72.5,99,41.8,15.7,D1
757,757,Sahnya Jah,SMU,D1,F,26,72.5,99,30,17.7,D1
758,758,Queen Ikhiuwu,Wofford,D1,F,30,72.4,99,42,15.1,D1
759,759,Karina Bystry,Northern Kentucky,D1,G,34,72.4,99,37.2,12.9,D1
760,760,Dani Bayes,Boise State,D1,G,34,72.3,99,33.1,14,D1
761,761,Elle Ladine,Washington,D1,G,27,72.3,99,32.4,15.8,D1
762,762,Elauni Bennett,Kansas City,D1,G,30,72.3,99,40.1,16.1,D1
763,763,Cameron McNamara,North Alabama,D1,F,7,72.3,99,52,14.2,D1
764,764,Rachael Rose,Clemson,D1,G,32,72.3,99,42.7,13.1,D1
765,765,Jayla Smith,Missouri,D1,G,33,72.3,99,34.2,14.7,D1
766,766,Breanna Williams,Maryland,D1,F,24,72.2,99,43.9,15.3,D1
767,767,Savannah White,Xavier,D1,F,29,72.2,99,52.6,10.4,D1
768,768,Rylie Theuerkauf,Georgia,D1,G,32,72.2,99,41.1,14.8,D1
769,769,Tea Cleante,Penn State,D1,G,28,72.2,99,38.7,13.3,D1
770,770,Demetria Prewitt,Central Michigan,D1,F,30,72.2,99,30,13.3,D1
771,771,Kennedy Harris,George Mason,D1,G,33,72.2,86.6,49.4,8.7,D1
772,772,Madison Roman,Merrimack,D1,F,32,72.1,99,48,9.9,D1
773,773,Hope Hassmann,Idaho,D1,G,35,72.1,96.8,48.8,11.9,D1
774,774,Bella Pucci,Binghamton,D1,G,33,72.1,97.8,43.5,12.9,D1
775,775,Taiya Kikunga,Prairie View A&M,D1,F,8,72.1,86.9,45,13.7,D1
776,776,Cameron Thomas,Stetson,D1,G,32,72.1,99,52.8,12.3,D1
777,777,Maddy McDaniel,South Carolina,D1,G,33,72,99,38,15.9,D1
778,778,Alexa Kinas,Loyola Chicago,D1,G,34,72,87.3,51.6,8.5,D1
779,779,Macey Fegan,Cleveland State,D1,F,37,72,90.8,44,8.8,D1
780,780,Aniya Finger,North Carolina Central,D1,F,26,72,99,30,12.6,D1
781,781,Justice Tramble,Northeastern,D1,F,29,72,99,44.6,12,D1
782,782,Ashlyn Traylor-Walker,Stephen F. Austin,D1,G,16,71.9,99,50.6,14,D1
783,783,D'Myjah Bolds,Western Michigan,D1,F,27,71.9,99,45.2,11,D1
784,784,Sarah Rambus,Oregon,D1,F,36,71.9,99,34.3,19.1,D1
785,785,Mel Daley,Virginia Tech,D1,G,33,71.9,99,40.2,13.3,D1
786,786,Clearia Peterson,Alabama State,D1,F,29,71.9,99,43.3,10.4,D1
787,787,Faith Stinson,Saint Joseph's,D1,F,32,71.8,93,47.7,11,D1
788,788,Tatum Brown,Jacksonville,D1,G,33,71.8,95.2,46.7,11.1,D1
789,789,Julianna LaMendola,Grand Canyon,D1,G,32,71.8,99,43.4,12.9,D1
790,790,Florence Dallow,Portland,D1,G,34,71.8,99,33.5,14.1,D1
791,791,Theresa Hagans Jr.,Pittsburgh,D1,G,31,71.8,99,37,15.4,D1
792,792,Macy Spencer,High Point,D1,F,34,71.8,99,39.1,12.7,D1
793,793,Kendall McGee,Creighton,D1,G,30,71.7,99,30,15.6,D1
794,794,Brooke Murrell,Denver,D1,F,31,71.7,99,38.6,11.9,D1
795,795,Jaedyn Cook,Bowling Green,D1,F,25,71.7,99,41,16.6,D1
796,796,Lisa Thompson,Missouri,D1,G,32,71.7,99,43.2,12.8,D1
797,797,Trinity Turner,Georgia,D1,G,32,71.7,99,49.2,10,D1
798,798,Ines Piper,South Florida,D1,F,32,71.7,99,47.4,12.8,D1
799,799,Cha Gardner,Stephen F. Austin,D1,F,35,71.7,79.8,44.7,9.1,D1
800,800,Tessa Grady,Coastal Carolina,D1,F,32,71.6,99,42.8,13.4,D1
801,801,Caia Elisaldez,Chattanooga,D1,G,31,71.6,99,51,10.6,D1
802,802,Lev Feiman,UC San Diego,D1,G,28,71.6,99,36.4,16.3,D1
803,803,Nicole Dominguez,Middle Tennessee,D1,C,25,71.6,99,47.4,14.3,D1
804,804,Molly Heard,Lipscomb,D1,G,30,71.6,99,47.8,12,D1
805,805,Astera Tuhina,Oregon,D1,G,34,71.5,99,32.6,19.5,D1
806,806,Solenne Olenga,Lamar,D1,F,31,71.5,85.1,46.8,8.8,D1
807,807,Madison Watts,Northern Arizona,D1,G,27,71.5,94.8,49.7,11.3,D1
808,808,Chloe Sotell,Missouri,D1,G,34,71.5,99,41.7,12.3,D1
809,809,Callin Hake,Nebraska,D1,G,32,71.5,99,50.5,11.2,D1
810,810,Brynn Lusby,Incarnate Word,D1,G,30,71.5,99,39.7,14.1,D1
811,811,Jenna Twedt,Northern Iowa,D1,G,32,71.5,92.6,43.1,11.1,D1
812,812,Ahnay Adams,Miami,D1,G,33,71.4,92.3,48.6,11.5,D1
813,813,Makayla Rose,UC San Diego,D1,G,33,71.4,99,45.1,10.5,D1
814,814,Kyla Deck,SMU,D1,G,14,71.4,89.1,52.3,9.9,D1
815,815,Destiny Howell,Wisconsin,D1,G,33,71.4,99,30,18.4,D1
816,816,Jordan Obi,Kentucky,D1,G,36,71.4,99,43.6,12.5,D1
817,817,Mya Barnes,Jacksonville State,D1,F,31,71.4,84,47.5,9.3,D1
818,818,Emani Jenkins,Troy,D1,G,33,71.4,99,43.6,15.8,D1
819,819,Hailey Adams,Rice,D1,G,35,71.4,99,52.8,8.9,D1
820,820,Kaylinn Kemp,Stephen F. Austin,D1,G,33,71.4,89.6,48.4,9.6,D1
821,821,Jamison Philip,Montana State,D1,G,35,71.3,99,51.8,12.2,D1
822,822,Alba Caballero,Ball State,D1,F,32,71.3,99,41.3,13.4,D1
823,823,Leyocha Marigney,Marshall,D1,F,38,71.3,99,30.3,15.9,D1
824,824,Avril Smith,Omaha,D1,F,33,71.3,88.4,51.5,9,D1
825,825,Brooklyn Taylor,Sacramento State,D1,F,28,71.3,99,46.7,17.1,D1
826,826,Emma Kirby,Sacred Heart,D1,C,31,71.3,99,52,9.8,D1
827,827,Aniss Tagayi,Ball State,D1,F,33,71.3,79.5,47.3,9.1,D1
828,828,Nia Scott,Bryant,D1,F,31,71.2,99,47.2,11,D1
829,829,Francesca Schiro,Siena,D1,G,24,71.2,99,50,13.1,D1
830,830,Carmaya Bowman,Jacksonville,D1,F,33,71.2,99,39.7,13.8,D1
831,831,Grace Mbugua,Louisville,D1,F,18,71.2,99,44.9,14.2,D1
832,832,Camryn Tade,Army,D1,G,34,71.2,84.4,50.6,8,D1
833,833,Maddie Moody,Northern Kentucky,D1,F,34,71.2,88.1,46.4,10.7,D1
834,834,DeMya Porter,Southern,D1,F,32,71.1,99,32.1,13.1,D1
835,835,Maiesha Washington,Missouri State,D1,F,36,71.1,99,44.7,12.2,D1
836,836,Anovia Sheals,Austin Peay,D1,G,33,71.1,99,53.4,10.4,D1
837,837,Lexi Alexander,McNeese,D1,F,34,71.1,99,53,12,D1
838,838,Diawna Carter-Hartley,South Alabama,D1,F,36,71.1,99,51.1,10.9,D1
839,839,Lijirin Doyinsola Modesayor,Wagner,D1,C,30,71.1,98,30,12.8,D1
840,840,Daria Nestorov,Pacific,D1,G,30,71.1,89.4,46.7,11.6,D1
841,841,Lauren Olsen,California Baptist,D1,G,34,71,99,42.8,11.5,D1
842,842,Kierra Merchant,Houston,D1,G,29,71,93.1,43.6,11.5,D1
843,843,Zhen Craft,Georgia,D1,F,27,71,99,36.6,13.7,D1
844,844,Ugne Sirtautaite,Fordham,D1,F,21,71,96.2,41.9,12.9,D1
845,845,Amirah Abdur-Rahim,Houston,D1,F,29,71,99,46,11.1,D1
846,846,Ari Dyson,Georgia State,D1,F,31,71,91.6,46.4,10.4,D1
847,847,Riley Makalusky,West Virginia,D1,F,35,71,99,41.7,14.8,D1
848,848,Bryn Martin,Ohio State,D1,G,35,71,99,45.2,14.3,D1
849,849,Trayanna Crisp,Mississippi State,D1,G,30,71,87.3,37.9,12,D1
850,850,Rhian Stokes,Saint Joseph's,D1,F,32,71,99,46.6,11.3,D1
851,851,Leah Harmon,UCF,D1,G,21,70.9,99,37,13.4,D1
852,852,Denika Lightbourne,Florida International,D1,G,22,70.9,99,30,15,D1
853,853,Victoria Flores,Rice,D1,G,33,70.9,99,47.1,14.5,D1
854,854,Mya Meredith,Northern Kentucky,D1,G,33,70.9,80.7,35.5,9.5,D1
855,855,Fatoumata Jaiteh,Sacramento State,D1,F,23,70.8,99,45.6,13,D1
856,856,Noelia Mourino,San Francisco,D1,F,34,70.8,95.2,42.1,10.3,D1
857,857,Kiki Smith,Purdue,D1,G,30,70.8,98.2,42,14.7,D1
858,858,Abbie Aalsma,Drake,D1,G,32,70.8,96.9,46.2,12.8,D1
859,859,Tionna Lidge,North Texas,D1,F,31,70.8,99,36.3,17.1,D1
860,860,Amina Muhammad,Oregon,D1,F,36,70.7,99,32.6,18.5,D1
861,861,Alicia Newell,Richmond,D1,G,32,70.7,99,45.1,14.8,D1
862,862,Gabrielle Kennerly,Mount St. Mary's,D1,G,16,70.7,85,46.3,10.6,D1
863,863,Sinai Douglas,Florida Gulf Coast,D1,G,32,70.7,94.9,46.8,10.8,D1
864,864,Dee Alexander,Cincinnati,D1,G,17,70.7,99,38.6,16,D1
865,865,Sofia Bell,Oregon,D1,G,36,70.7,95.6,47.8,12.3,D1
866,866,Deja Evans,Drexel,D1,F,32,70.7,99,54.3,11,D1
867,867,Whitney Lind,Lehigh,D1,F,24,70.7,91.1,53.3,9.9,D1
868,868,Princess Anderson,Charlotte,D1,G,31,70.7,95.1,30,16.5,D1
869,869,Nairobi Lewis,Mississippi Valley State,D1,C,30,70.6,84.6,30.8,10.5,D1
870,870,Keanna Salave'a,Sacramento State,D1,F,32,70.6,99,30,14.7,D1
871,871,Natalie Wetzel,Miami,D1,F,33,70.6,96.8,42.7,11.4,D1
872,872,Bree Robinson,James Madison,D1,G,35,70.6,99,48.4,12.4,D1
873,873,Taylor Charles,Princeton,D1,F,30,70.6,99,43.7,14.7,D1
874,874,Marya Hudgins,BYU,D1,G,27,70.6,99,33.8,14.3,D1
875,875,Brianna McLeod,James Madison,D1,F,33,70.5,91.2,46.8,10.1,D1
876,876,Bonnie Deas,Arkansas,D1,G,32,70.5,97.4,45,13.9,D1
877,877,Nakia Cheatham,Alcorn State,D1,F,30,70.5,99,36.5,13.3,D1
878,878,Dora Toman,Tulsa,D1,G,26,70.5,95.4,45.2,11.5,D1
879,879,Kylee Kitts,Ohio State,D1,G,30,70.5,99,30,18.4,D1
880,880,Meg Newman,DePaul,D1,F,27,70.4,99,47.9,13.2,D1
881,881,Ava Miller,North Dakota,D1,F,31,70.4,92.1,46.4,10.5,D1
882,882,Dayana Mendes,USC,D1,F,32,70.4,99,43.1,12.9,D1
883,883,Neleigh Gessert,Creighton,D1,G,27,70.4,99,30,15.7,D1
884,884,Daejah Richmond,Memphis,D1,G,30,70.4,99,43.2,13.3,D1
885,885,Clarissa Craig,New Mexico,D1,F,10,70.4,82.9,43.1,11.7,D1
886,886,Dominique Ennis,Rice,D1,G,35,70.4,97,47,11.2,D1
887,887,Paula Reus Piza,Loyola Marymount,D1,F,24,70.4,99,42.5,14.8,D1
888,888,Amaya Stewart,Albany,D1,F,30,70.4,99,45.9,13.4,D1
889,889,Taylor Jackson,Oral Roberts,D1,C,23,70.4,99,43.4,13.1,D1
890,890,Nicole Stephens,Dayton,D1,G,29,70.4,90.2,49.2,8.7,D1
891,891,Maggie Hartwig,South Dakota State,D1,F,32,70.4,98.4,39.8,12.9,D1
892,892,Sydney Bowles,Florida State,D1,G,28,70.4,99,41.6,16.4,D1
893,893,Elli Garnett,Ohio,D1,F,30,70.3,99,51.1,13.9,D1
894,894,Emma Shumate,Michigan State,D1,G,33,70.3,99,42.6,13.2,D1
895,895,Elyn Bowers,Eastern Washington,D1,G,33,70.3,93.1,47.3,12.1,D1
896,896,Laila Walker,Old Dominion,D1,F,29,70.3,99,41.4,14.9,D1
897,897,Gabriela Pato,San Jose State,D1,F,32,70.3,99,41.8,13.3,D1
898,898,Tanyuel Welch,Arizona,D1,G,28,70.3,95.1,43.7,13.2,D1
899,899,Eva Levingston,Robert Morris,D1,F,29,70.3,96.2,44.2,11.1,D1
900,900,Jasmyn Lott,UNLV,D1,G,26,70.2,93.4,51.2,10.5,D1
901,901,Jeniah Thompson,Southern Illinois,D1,G,30,70.2,99,47.8,14.6,D1
902,902,Eva DeChent,New Hampshire,D1,G,30,70.2,99,47,13,D1
903,903,Alejandra Zuniga,N.J.I.T.,D1,G,26,70.2,99,43.1,12.4,D1
904,904,Nevaeh Caffey,Indiana,D1,G,32,70.1,87.5,38.1,11.2,D1
905,905,Hillary Dawson,Louisiana Tech,D1,F,31,70.1,99,46,16.8,D1
906,906,Brylee Glenn,Minnesota,D1,G,33,70.1,99,44.2,16.8,D1
907,907,Ava Watson,Ohio State,D1,G,35,70.1,99,45.9,14.1,D1
908,908,Jaecy Eggers,Eastern Washington,D1,F,33,70,90.4,36.9,13.3,D1
909,909,Emily Robinson,Arkansas,D1,G,32,70,99,43.4,14.2,D1
910,910,Erin Houpt,Boston College,D1,G,31,70,99,46.4,15.1,D1
911,911,Amira Mabry,Tulane,D1,F,31,70,92.1,48.1,9.5,D1
912,912,Ines Debroise,Rhode Island,D1,G,33,70,89.9,47.4,9.9,D1
913,913,LaNae' Corbett,Elon,D1,F,33,69.9,99,41.7,13.9,D1
914,914,Kenley McCarn,UT Martin,D1,G,30,69.9,99,50.9,12.7,D1
915,915,Angelina Pelayo,UNC Wilmington,D1,C,26,69.9,99,43.9,11.9,D1
916,916,Averi Aaron,Louisiana Tech,D1,F,33,69.9,99,42.9,13.6,D1
917,917,Joan Quinn,La Salle,D1,G,34,69.9,88.5,45.5,9.5,D1
918,918,Ines Garcia Monje,Davidson,D1,F,32,69.9,88.2,51.5,10.3,D1
919,919,Jayda McNabb,Air Force,D1,G,35,69.8,99,48.2,10.3,D1
920,920,Amourie Porter,Winthrop,D1,G,31,69.8,99,47.3,12.5,D1
921,921,Trinity Rowe,Western Kentucky,D1,G,21,69.8,78.1,48.6,7.2,D1
922,922,Jalynn Bristow,Texas Tech,D1,G,34,69.8,99,30.1,14.5,D1
923,923,Sofia Munoz,UAB,D1,G,31,69.8,82,49,7.4,D1
924,924,Ari Long,Oregon,D1,G,36,69.8,99,37.2,13.9,D1
925,925,Ashlyn Rean,Fresno State,D1,F,7,69.7,99,40.9,18.4,D1
926,926,Tamya Smith,Memphis,D1,F,31,69.7,99,40.1,12.6,D1
927,927,Lily Fandre,Lehigh,D1,F,31,69.7,97.9,39.2,11.9,D1
928,928,Samyha Suffren,Virginia Tech,D1,G,32,69.7,99,39,15.5,D1
929,929,Addison Martin,Illinois State,D1,F,38,69.7,88.8,49.4,9,D1
930,930,Sydney Woodley,West Virginia,D1,G,35,69.7,99,31.1,16.9,D1
931,931,Patricia Anumgba,Toledo,D1,G,32,69.6,99,46.7,13.9,D1
932,932,Promise Keshi,Stetson,D1,G,31,69.6,89.7,44.9,9.9,D1
933,933,Harissoum Coulibaly,Auburn,D1,G,31,69.6,90.8,39,11.3,D1
934,934,Tierney Kelsey,Indiana State,D1,G,32,69.6,99,46.9,12.2,D1
935,935,Cristen Carter,Georgetown,D1,F,30,69.6,99,30,15.7,D1
936,936,Aniya' Foy,Kansas State,D1,G,36,69.6,99,35,17.8,D1
937,937,Amber Scalia,Miami (OH),D1,G,35,69.6,97.2,44.7,12.6,D1
938,938,Timberlynn Yeast,Marshall,D1,G,38,69.5,99,48,11.7,D1
939,939,Asia Barclay,UL Monroe,D1,F,23,69.5,99,48.8,14.1,D1
940,940,Beautiful Waheed,St. John's,D1,G,28,69.5,83.5,37.9,11.3,D1
941,941,Saniya Burks,Texas State,D1,G,30,69.5,99,40.2,13,D1
942,942,Lay Fantroy,Delaware,D1,G,31,69.5,91.4,46.2,9.6,D1
943,943,Lucia Yenes,New Mexico State,D1,F,31,69.4,99,46,13.8,D1
944,944,Gracie Kelsey,Lindenwood,D1,F,33,69.4,92,52.6,9.9,D1
945,945,Nile Miller,Howard,D1,F,34,69.4,99,52.1,9.7,D1
946,946,Deivejon Harris,Hofstra,D1,C,23,69.4,99,44.5,15.7,D1
947,947,Maddie Warren,Utah Tech,D1,G,13,69.4,83,48.2,11.5,D1
948,948,Jim'Miyah Branton,Austin Peay,D1,G,33,69.4,99,52.6,9.2,D1
949,949,Ada Anamekwe,Brown,D1,F,22,69.3,85.5,45.3,11.6,D1
950,950,Aicha Ndour,Georgia,D1,C,26,69.3,99,41.2,15.5,D1
951,951,Ella Gallatin,Eastern Washington,D1,G,33,69.3,96.7,48.1,10.1,D1
952,952,Kanija Daniel,Tulane,D1,G,31,69.3,99,39.7,11.1,D1
953,953,Nevaeh Wingate,Northern Illinois,D1,F,29,69.3,82,44.4,8.6,D1
954,954,Mallory Miller,Butler,D1,F,31,69.3,99,42.2,12.8,D1
955,955,Savannah Brooks,East Carolina,D1,G,31,69.3,93.5,42.9,11.3,D1
956,956,Rylee Kalocay,Kent State,D1,G,20,69.3,99,42.5,15.1,D1
957,957,Savannah McGowan,St. Thomas-Minnesota,D1,F,28,69.2,99,42.1,12.6,D1
958,958,Avery Watkins,Fresno State,D1,F,31,69.2,99,33.7,15.8,D1
959,959,Avery Strickland,Belmont,D1,G,32,69.2,84.7,32.8,10.6,D1
960,960,Alexis Bordas,Duquesne,D1,G,32,69.2,99,48.5,11.7,D1
961,961,Brinley Cannon,BYU,D1,F,38,69.1,99,39.5,13.3,D1
962,962,D'Asia Thomas-Harris,Georgia Tech,D1,G,29,69,99,33.1,19.4,D1
963,963,Paris Gaines,Memphis,D1,F,25,69,80.2,35.6,10.4,D1
964,964,Shaniah Nunn,Grambling,D1,F,32,69,99,41.3,13.7,D1
965,965,Gabby Mundy,Wofford,D1,G,31,69,99,40.4,13.2,D1
966,966,Brandie Harrod,Kansas State,D1,G,37,69,99,30,17,D1
967,967,Kaylee Headrick,Utah Valley,D1,F,31,69,95,47.9,11.6,D1
968,968,Kennadi Williams,Nebraska,D1,G,32,69,87.3,41.3,12.9,D1
969,969,Natiah Nelson,DePaul,D1,G,32,69,99,44.3,14.5,D1
970,970,Hannah Stines,Washington,D1,G,33,68.9,91.1,43.8,10.5,D1
971,971,Lauren Glazier,Washington State,D1,F,25,68.9,99,32.2,15.9,D1
972,972,Heidi Smith,Montana State,D1,G,7,68.9,81.7,50.7,11.9,D1
973,973,TaTianna Stovall,Kennesaw State,D1,F,30,68.9,99,48,11.6,D1
974,974,Christina Pham,Fairfield,D1,G,27,68.9,99,40.2,15.7,D1
975,975,Gemma Nuñez,Texas Tech,D1,G,34,68.9,86,46.4,9.8,D1
976,976,Joi Williams,Radford,D1,G,38,68.9,99,37.1,12.2,D1
977,977,Abby Wolterman,Northern Kentucky,D1,F,34,68.9,85.9,50.7,8.7,D1
978,978,Kambree Barber,BYU,D1,G,29,68.8,99,42.7,15.8,D1
979,979,Lena Girardi,Oklahoma State,D1,G,28,68.8,99,33.3,17.8,D1
980,980,Deborah Davenport,Arizona State,D1,G,35,68.8,99,43.1,13.5,D1
981,981,Shariah Gailes,Canisius,D1,F,25,68.8,99,49.5,10.2,D1
982,982,Tierney Madigan,Milwaukee,D1,G,32,68.8,95.3,31.7,15.8,D1
983,983,LA Sneed,Utah,D1,G,33,68.8,99,30,14.5,D1
984,984,Miriam Diala,Toledo,D1,F,30,68.8,94.2,45.1,12.7,D1
985,985,Veronica Sheffey,TCU,D1,G,37,68.8,93.7,41,12.9,D1
986,986,Magdalena Winter,UIC,D1,C,28,68.7,76.9,49.2,6.5,D1
987,987,Eve Alexander,Florida Gulf Coast,D1,F,30,68.7,99,36.8,14.8,D1
988,988,Aliyah Collins,SE Louisiana,D1,G,29,68.7,99,45.5,11.1,D1
989,989,Jumoke Adaramoye,Kansas City,D1,F,14,68.6,99,52.3,11.9,D1
990,990,Jocelyn Schiller,North Dakota State,D1,G,32,68.6,79.1,32.5,10.4,D1
991,991,Tamia Stricklin,Seattle,D1,F,29,68.6,99,50.8,11.2,D1
992,992,Caroline Dotsey,Butler,D1,F,31,68.6,99,44.1,12.7,D1
993,993,Brooke Bender,Villanova,D1,F,31,68.6,99,37.6,17,D1
994,994,Simone Sawyer,Pennsylvania,D1,G,27,68.6,84.2,51.6,9.1,D1
995,995,Alayna Kraus,Southern Illinois,D1,G,30,68.6,90.9,42.9,11.7,D1
996,996,Emma Troxell,Abilene Christian,D1,F,34,68.6,85.5,51.1,9.2,D1
997,997,Nayo Lear,Dayton,D1,G,30,68.6,93,36.2,12.1,D1
998,998,Rylei Waugh,San Jose State,D1,G,9,68.6,73.1,56.9,5.2,D1
999,999,Aiyanna Culver,Chicago State,D1,G,10,68.6,89.4,35.5,13.7,D1
1000,1000,Cate MacDonald,Dartmouth,D1,F,25,68.5,92.6,49.5,10.8,D1
1001,1001,Regan Juenemann,Omaha,D1,G,32,68.5,99,38.2,14.8,D1
1002,1002,Paige Kohler,Bowling Green,D1,G,32,68.5,92.2,46.3,9.8,D1
1003,1003,Chandler Prater,Mississippi State,D1,G,30,68.4,98.4,35.6,14.8,D1
1004,1004,Tamia Watkins,Elon,D1,F,33,68.4,99,48.9,11.3,D1
1005,1005,Nakiyah Allen,Old Dominion,D1,F,30,68.4,99,40.4,16.3,D1
1006,1006,Liz Freihofer,Eastern Kentucky,D1,G,34,68.4,99,49.1,9.5,D1
1007,1007,Mary Carter,Wake Forest,D1,G,32,68.4,93.9,33.5,11.7,D1
1008,1008,Janiyah Williams,Oregon,D1,G,27,68.4,99,34.8,13.6,D1
1009,1009,Cali Denson,Oakland,D1,G,10,68.4,95.2,42.6,18.1,D1
1010,1010,Mariyah Noel,Xavier,D1,G,30,68.3,99,45.4,13.5,D1
1011,1011,Trynce Taylor,Kennesaw State,D1,F,30,68.3,94.4,48,8.7,D1
1012,1012,Kennedi Perkins,Marquette,D1,G,23,68.3,89.8,31.6,12.9,D1
1013,1013,Delainey Miller,Santa Clara,D1,G,34,68.3,99,33.9,16.1,D1
1014,1014,Tierra Trotter,Kansas City,D1,G,29,68.3,86.9,42.6,11.5,D1
1015,1015,Tabitha Betson,Colorado,D1,F,24,68.3,91.2,41.1,12.9,D1
1016,1016,Lianna Baxter,Oakland,D1,C,33,68.3,85.1,49.3,9.1,D1
1017,1017,Tierney Coleman,North Carolina Central,D1,G,22,68.3,99,46,14,D1
1018,1018,Joy Madison-Key,Louisiana Tech,D1,G,33,68.3,88.8,37.3,10.9,D1
1019,1019,Ari Gordon,Oral Roberts,D1,G,30,68.3,97,36.1,13,D1
1020,1020,Nat Martinez,San Diego State,D1,G,34,68.3,99,50,10.6,D1
1021,1021,Georgia Cox,Evansville,D1,F,35,68.3,85.7,30,13.5,D1
1022,1022,Jamisyn Heaton,Utah State,D1,G,27,68.2,97.5,32.8,16.8,D1
1023,1023,Kyndall Hunter,Houston,D1,G,29,68.2,99,30,20.2,D1
1024,1024,Tyonna Bailey,Charleston Southern,D1,G,28,68.2,99,38.2,14.1,D1
1025,1025,Salma Khedr,Western Kentucky,D1,G,27,68.2,95.4,38.1,13.7,D1
1026,1026,Gisela Sanchez,Notre Dame,D1,F,35,68.2,93.5,37.8,13.3,D1
1027,1027,Adeang Ring,Virginia,D1,F,29,68.2,99,40,15.3,D1
1028,1028,Aaliyah Alexander,UNLV,D1,G,32,68.2,85.1,41.7,9.9,D1
1029,1029,Jessie Ozzauto,Lehigh,D1,G,15,68.2,89.5,50.1,9.9,D1
1030,1030,Brianna Davis,Manhattan,D1,G,31,68.2,82.6,48.9,8.4,D1
1031,1031,Taylor Bigby,TCU,D1,G,38,68.2,99,49.3,12.7,D1
1032,1032,Shae Littleford,Central Arkansas,D1,G,32,68.2,99,47.6,12.6,D1
1033,1033,Allie Myers,Tarleton State,D1,F,29,68.1,96.6,46,12.3,D1
1034,1034,Kylee Fox,Santa Clara,D1,F,34,68.1,99,45.1,13.9,D1
1035,1035,Grace Galbavy,Wake Forest,D1,G,21,68.1,99,32.8,16.8,D1
1036,1036,Aniah Alexis,Rice,D1,G,35,68.1,79.2,44.2,8.6,D1
1037,1037,Jadyn Weltz,Vermont,D1,G,36,68.1,99,38.5,9.6,D1
1038,1038,Mary-Anna Asare,VCU,D1,G,7,68.1,72.9,45.4,8.5,D1
1039,1039,Grace Hall,SMU,D1,F,28,68.1,90.3,46.2,9.7,D1
1040,1040,Nyaluak Dak,East Texas A&M,D1,F,14,68.1,99,40,15.1,D1
1041,1041,Breezie Williams,Wright State,D1,G,34,68.1,99,30,15.7,D1
1042,1042,Natalie Pasco,Boise State,D1,G,34,68,85.5,47.3,10.1,D1
1043,1043,Faith Blackstone,Rutgers,D1,G,19,68,90.5,41.6,11.7,D1
1044,1044,Keanna Rembert,East Carolina,D1,F,31,68,88.1,39.2,11.7,D1
1045,1045,Alyssa Staten,Northeastern,D1,C,23,68,86.2,48.2,10,D1
1046,1046,Marisa Frost,North Dakota State,D1,G,34,68,85.3,45.5,10.5,D1
1047,1047,Lauren Beach,Fairfield,D1,F,27,68,88.4,45.5,10.6,D1
1048,1048,Alayna West,DePaul,D1,G,32,68,97,30,15,D1
1049,1049,Nicole Willardson,Weber State,D1,F,31,67.9,99,38.8,13,D1
1050,1050,Ja'Navia Gage,Charlotte,D1,F,32,67.9,93.4,39.1,12.4,D1
1051,1051,Teryn Gardner,Gonzaga,D1,G,34,67.9,99,49.4,12.2,D1
1052,1052,Abigail Shoff,Saint Mary's,D1,F,34,67.9,99,47.5,12.1,D1
1053,1053,Imani Warren,New Mexico State,D1,G,31,67.9,92.1,36.6,12.7,D1
1054,1054,Jasmine Shavers,Florida State,D1,G,31,67.8,99,30,15.3,D1
1055,1055,Kylee Dennis,Southern Indiana,D1,G,22,67.8,95.8,45.7,14.2,D1
1056,1056,Channing Warren,Furman,D1,F,14,67.7,99,49.2,15.6,D1
1057,1057,Evalyse Cole,Toledo,D1,F,27,67.7,81.4,40.6,9.7,D1
1058,1058,Rori Cox,UNC Wilmington,D1,G,24,67.7,89.3,44.1,9.7,D1
1059,1059,Lilly Ferguson,Massachusetts,D1,F,30,67.7,95.8,53.7,7.9,D1
1060,1060,Nadia Bernard,Cal State Northridge,D1,F,24,67.7,99,45.4,15.4,D1
1061,1061,Morane Dossou,New Mexico State,D1,F,30,67.7,99,41.7,12.1,D1
1062,1062,Kennedy Claybrooks,Indiana State,D1,G,30,67.7,95.2,35.4,13.3,D1
1063,1063,Brooklyn Vaughn,Loyola Chicago,D1,F,34,67.7,93.5,48.1,11.1,D1
1064,1064,Kaelyn Carroll,Kentucky,D1,F,34,67.7,99,41,13.7,D1
1065,1065,Charia Smith,Marquette,D1,F,28,67.7,89.9,38.9,12.1,D1
1066,1066,KK Brodie,Belmont,D1,C,32,67.7,96.5,40.2,11.5,D1
1067,1067,Koi Sims,Loyola Maryland,D1,F,30,67.7,99,45.9,10.9,D1
1068,1068,Neenah George,Northern Colorado,D1,G,34,67.7,99,48.2,11.2,D1
1069,1069,Layla Davis,Northern Arizona,D1,F,30,67.7,99,46,14.6,D1
1070,1070,Vanessa Harris,Rhode Island,D1,G,33,67.6,88.7,35.5,12.5,D1
1071,1071,Ashley Chea,Princeton,D1,G,30,67.6,89.9,43.5,10.5,D1
1072,1072,Olivia Smith,IU Indianapolis,D1,F,31,67.6,99,44.8,11,D1
1073,1073,Brenae Jones-Grant,Queens University,D1,F,29,67.6,99,41.2,12,D1
1074,1074,Alondra Lizama,Cal State Northridge,D1,F,24,67.6,88.1,44.4,13,D1
1075,1075,Cici Ellington,Portland State,D1,G,30,67.6,90.7,43.6,11.1,D1
1076,1076,Althea Kara Angeles,Eastern Kentucky,D1,G,34,67.6,97.3,46.8,10.9,D1
1077,1077,Casey Harter,Northwestern,D1,G,26,67.6,94.7,42.8,10.5,D1
1078,1078,Micah Gray,Oklahoma State,D1,G,34,67.6,99,39.1,15.1,D1
1079,1079,Amelia Wood,Sacred Heart,D1,G,31,67.6,77.1,46.6,7.8,D1
1080,1080,Kaleigh Addie,Georgia State,D1,G,28,67.6,90.6,35.6,13.5,D1
1081,1081,Kendall Carruthers,Toledo,D1,G,31,67.6,88.6,39.9,11.5,D1
1082,1082,Aina Cargol,San Francisco,D1,G,34,67.6,88.5,39.5,10.8,D1
1083,1083,Malea Brown,Longwood,D1,G,32,67.6,93.6,45.3,10.6,D1
1084,1084,Seneca Hackley,UC Riverside,D1,G,32,67.6,99,43.7,10.6,D1
1085,1085,Olivia Kulyk,N.J.I.T.,D1,G,31,67.5,99,43.2,10.9,D1
1086,1086,Lily Krahn,Wisconsin,D1,G,34,67.5,99,38.7,14.6,D1
1087,1087,Ella Zimmerman,Portland,D1,F,34,67.5,99,43.2,12.8,D1
1088,1088,Aniya Trent,Virginia Tech,D1,F,29,67.5,96.6,44.1,13.5,D1
1089,1089,Frances Ulysse,Longwood,D1,F,31,67.5,99,51.1,11.3,D1
1090,1090,Violet McNece,Morehead State,D1,G,31,67.5,99,47.9,13.2,D1
1091,1091,Nevaeh Foster,IU Indianapolis,D1,G,31,67.5,99,49.4,13.4,D1
1092,1092,Rhyan Mogel,Portland,D1,G,34,67.5,99,39.3,13.8,D1
1093,1093,Laura Toffali,Morehead State,D1,G,33,67.5,99,49.4,12,D1
1094,1094,Kayla Morris,Towson,D1,F,31,67.5,99,41.8,11.1,D1
1095,1095,Ciara Bailey,Norfolk State,D1,F,25,67.5,99,50,10.5,D1
1096,1096,Meghan Fiso,Pepperdine,D1,G,35,67.5,86.9,32.8,11.1,D1
1097,1097,Asianae Nicholson,Charlotte,D1,F,32,67.5,77.7,47.4,7.7,D1
1098,1098,Teresa Kiewiet,Lafayette,D1,G,28,67.5,79.5,53.7,7.6,D1
1099,1099,Summer Yancy,UCF,D1,G,30,67.5,99,45.3,11.1,D1
1100,1100,Mecailin Marshall,Tulane,D1,G,31,67.4,99,44,16.2,D1
1101,1101,Jerni Kiaku,Indiana,D1,G,28,67.4,81,47,8.9,D1
1102,1102,Mack Konig,Montana,D1,G,23,67.4,99,48.9,13.6,D1
1103,1103,Laila Reynolds,Florida,D1,G,33,67.4,93.3,39.5,13,D1
1104,1104,Breona Hurd,Virginia,D1,F,23,67.4,99,39.2,16.4,D1
1105,1105,Jade Crook,Colorado,D1,C,33,67.4,99,41.1,17.4,D1
1106,1106,McKenna Eddings,Georgia Southern,D1,G,31,67.4,99,36.4,11.1,D1
1107,1107,Allie Palmieri,Massachusetts,D1,G,29,67.4,88.4,52.3,8.2,D1
1108,1108,Jada Tiggett,Saint Louis,D1,F,31,67.3,86.2,46,11.8,D1
1109,1109,Quinzia Fulmore,Elon,D1,F,32,67.3,85.9,43,9.7,D1
1110,1110,Peyton Ilderton,Marshall,D1,G,38,67.3,99,47.2,12.3,D1
1111,1111,Donovyn Hunter,TCU,D1,G,38,67.3,97.2,40.8,11.6,D1
1112,1112,Jordan Reid,Purdue Fort Wayne,D1,F,37,67.3,99,51,10.3,D1
1113,1113,Milan Brown,Wake Forest,D1,G,31,67.3,99,44.1,9.8,D1
1114,1114,Avery Knapp,Cal Poly,D1,F,24,67.3,99,36.8,12,D1
1115,1115,Kaylee Borden,Utah Tech,D1,G,29,67.3,89,48.2,8.9,D1
1116,1116,Mya Babbitt,Kent State,D1,G,31,67.3,99,44.4,14.6,D1
1117,1117,Lauren Crocker,Utah Tech,D1,F,29,67.2,92.4,38.1,12.2,D1
1118,1118,Ava Black,Vanderbilt,D1,G,29,67.2,99,31.1,13,D1
1119,1119,Katie Donovan,Davidson,D1,G,32,67.2,99,46.6,11,D1
1120,1120,Taylor Anderson,Central Michigan,D1,G,30,67.2,99,47.8,11.9,D1
1121,1121,Maca Retamales,Florida Gulf Coast,D1,F,24,67.2,99,32.7,15.9,D1
1122,1122,Laine McGurk,Drexel,D1,G,32,67.2,88.2,43.5,9,D1
1123,1123,McKenzie Mathurin,Michigan,D1,G,25,67.2,99,34.5,17.6,D1
1124,1124,Grace Booth,Houston Christian,D1,G,29,67.2,99,44.6,11.1,D1
1125,1125,Laila Abdurraqib,New Mexico,D1,G,32,67.2,99,41.2,11.6,D1
1126,1126,Rae Ehrman,Montana,D1,G,30,67.1,99,37.6,13.6,D1
1127,1127,MJ Johnson,George Mason,D1,F,32,67.1,97,43.8,11.7,D1
1128,1128,Jada Brown,George Mason,D1,G,32,67.1,92.5,48.1,11.6,D1
1129,1129,Elle Evans,Kansas,D1,G,37,67.1,99,30,15.6,D1
1130,1130,Janae Kent,Texas A&M-CC,D1,G,22,67.1,89.8,35.7,11.7,D1
1131,1131,KK Bransford,Notre Dame,D1,G,24,67.1,99,46.5,12,D1
1132,1132,Madelyn Bragg,Colorado State,D1,F,35,67.1,84.3,30,11.4,D1
1133,1133,Laila Hull,North Carolina,D1,G,31,67,99,30,17.1,D1
1134,1134,Jana Van Gytenbeek,Baylor,D1,G,34,67,98.9,34.3,15.4,D1
1135,1135,Reagan Jackson,Cincinnati,D1,G,31,67,94.7,42.3,13.4,D1
1136,1136,Anna Mortag,Florida Gulf Coast,D1,F,32,67,99,35.8,14.4,D1
1137,1137,Aysia Proctor,North Texas,D1,G,32,67,99,43.2,12.8,D1
1138,1138,Aniya McDonald-Perry,New Haven,D1,F,29,67,93.7,53.1,9.6,D1
1139,1139,Arianna Jennings,Ohio,D1,G,30,67,99,42,13.7,D1
1140,1140,Kyndal Walker,Maryland,D1,G,32,67,99,41.4,13.4,D1
1141,1141,Mireia Mustaros,Evansville,D1,F,27,66.9,99,38.1,13.6,D1
1142,1142,Elise Turrubiates,South Dakota,D1,F,35,66.9,99,43.8,13.5,D1
1143,1143,Gracy Wernli,Lindenwood,D1,G,14,66.9,78.7,46.6,9.8,D1
1144,1144,Asia Boone,Kentucky,D1,G,36,66.9,94.8,41.9,11.8,D1
1145,1145,Jasmine Matthews,Nicholls,D1,F,27,66.9,99,36.1,15.5,D1
1146,1146,Bri Robinson,Northern Iowa,D1,G,24,66.9,87.2,42.6,12.2,D1
1147,1147,Bella Ranallo,Ohio,D1,G,29,66.9,96.7,45.2,12.4,D1
1148,1148,Candice Lienafa,Davidson,D1,F,33,66.9,96.1,45.4,11.2,D1
1149,1149,Erin Martin,Tennessee State,D1,G,29,66.8,89.6,44,10.4,D1
1150,1150,Lina Falk,Pepperdine,D1,G,30,66.8,91.4,48.3,10.2,D1
1151,1151,Alexus Mobley,Loyola Chicago,D1,G,26,66.8,85.8,38.1,11.2,D1
1152,1152,Brianna Barr-Buday,St. Bonaventure,D1,F,24,66.8,97.1,30,15.8,D1
1153,1153,Mimi McCollister,Arkansas State,D1,G,35,66.8,99,37.4,13.7,D1
1154,1154,Alexis Davis,Monmouth,D1,F,31,66.8,99,46.9,12.1,D1
1155,1155,Maja Rohkohl,Duquesne,D1,C,32,66.8,96.9,43.6,14.3,D1
1156,1156,Saniya Jackson,Troy,D1,G,31,66.8,99,30,16.6,D1
1157,1157,Aliyahna Morris,California,D1,G,26,66.8,90.4,50.8,8.4,D1
1158,1158,Natasa Tausova,San Francisco,D1,F,34,66.8,98,39.3,12.7,D1
1159,1159,Myka Perry,Stephen F. Austin,D1,G,35,66.8,99,46.8,11.3,D1
1160,1160,Berlynn Carlson,Mount St. Mary's,D1,F,25,66.7,96.4,48.3,10.4,D1
1161,1161,Abbey Schreacke,Missouri,D1,G,34,66.7,99,42.3,12.6,D1
1162,1162,Tristen Taylor,Temple,D1,G,28,66.7,99,48.6,13,D1
1163,1163,Ally Timm,DePaul,D1,G,32,66.7,99,30,16.8,D1
1164,1164,Kiyoko Proctor,SIU-Edwardsville,D1,G,32,66.7,79.1,38.2,10.3,D1
1165,1165,Sierra Chambers,Southern Utah,D1,G,32,66.7,85.5,44.8,9.7,D1
1166,1166,Alexa Mikeska,William & Mary,D1,G,31,66.7,80.6,46.4,7.9,D1
1167,1167,N'na Konate,Campbell,D1,F,32,66.7,99,44.4,10.7,D1
1168,1168,Karsyn Norman,Ball State,D1,G,33,66.6,96.9,44.9,11.5,D1
1169,1169,Danae Powell,Fresno State,D1,G,34,66.6,95.1,47.8,11.2,D1
1170,1170,Gerda Raulusaityte,USC,D1,F,32,66.6,99,44.5,13.1,D1
1171,1171,Carla Viegas,Pittsburgh,D1,G,29,66.6,99,30,14.9,D1
1172,1172,Taylor Barbot,Charleston,D1,G,33,66.6,99,41.6,12.2,D1
1173,1173,Monique Mitchell,Akron,D1,F,26,66.6,99,43.4,16.4,D1
1174,1174,Emily Pape,Cornell,D1,F,27,66.6,98.5,49.2,12.1,D1
1175,1175,Praise Egharevba,Oklahoma State,D1,F,34,66.6,94.4,44.2,13,D1
1176,1176,Michelle Ugwah,San Francisco,D1,F,21,66.6,91.5,35.4,14.9,D1
1177,1177,Antonicia Moultrie,Ohio,D1,G,27,66.6,97.4,42,13.2,D1
1178,1178,Jayla Hearp,East Carolina,D1,G,32,66.6,99,48.8,12.6,D1
1179,1179,Denim DeShields,Ole Miss,D1,G,35,66.6,99,33.2,13.9,D1
1180,1180,Kendal Moxey,Bowling Green,D1,F,31,66.6,99,41,14,D1
1181,1181,Amaris Baker,Drexel,D1,G,32,66.5,96.6,45.7,11,D1
1182,1182,Ana Pinheiro,Idaho,D1,G,35,66.5,90.6,48.5,10.9,D1
1183,1183,Vanessa de Jesus,Notre Dame,D1,G,36,66.5,86,43.3,10.2,D1
1184,1184,Harmonie Ware,Arkansas,D1,G,32,66.5,93.5,30,14.5,D1
1185,1185,Mallory Collier,NC State,D1,C,16,66.5,83.4,47.3,8.8,D1
1186,1186,Carys Roy,Saint Peter's,D1,C,30,66.5,99,35.7,10.4,D1
1187,1187,Molly Moffitt,UAB,D1,F,31,66.5,83.5,43.7,9.6,D1
1188,1188,Makennah White,VCU,D1,F,24,66.4,96.9,40.2,13.3,D1
1189,1189,Portia Adams,UTEP,D1,G,30,66.4,99,31.1,13.4,D1
1190,1190,Ahrray Young,Nevada,D1,G,30,66.4,99,48,10.2,D1
1191,1191,Alyssa Ervin,Furman,D1,G,31,66.4,99,45.2,13.7,D1
1192,1192,Blessing King,Marshall,D1,G,31,66.4,99,42.4,12.8,D1
1193,1193,Grace Knutson,Drake,D1,G,32,66.4,99,35.6,14,D1
1194,1194,Chae Harris,Memphis,D1,G,24,66.4,90.4,42,10.9,D1
1195,1195,Catherine Alben,Georgia Tech,D1,G,33,66.4,99,40.6,14.7,D1
1196,1196,Tierra Simon,Richmond,D1,F,34,66.3,94.4,42.3,10.9,D1
1197,1197,Rylee Bess,Purdue Fort Wayne,D1,G,37,66.3,99,47.7,11.3,D1
1198,1198,Alexsandra Alvarado,North Alabama,D1,G,31,66.3,99,49.2,13.4,D1
1199,1199,Myriam Traore,Robert Morris,D1,G,32,66.3,79.1,46.3,7.4,D1
1200,1200,Janessa Williams,Long Island University,D1,G,25,66.3,99,50.3,11.6,D1
1201,1201,Asiah Baxter,Ohio,D1,G,32,66.3,99,52.5,9,D1
1202,1202,Destinee Hooks,New Mexico,D1,G,32,66.3,99,38.8,14.1,D1
1203,1203,Simone Cunningham,Old Dominion,D1,G,31,66.3,89.5,42.3,11.7,D1
1204,1204,Le'Asia Foreman,Hampton,D1,G,28,66.3,89.9,51.5,8.7,D1
1205,1205,Isabellah Middleton,Iona,D1,G,31,66.3,93.5,45.3,9.1,D1
1206,1206,Jyah LoVett,Arizona State,D1,G,35,66.3,99,38.2,16.7,D1
1207,1207,Lainey Spear,Portland,D1,F,31,66.3,99,35.8,12.9,D1
1208,1208,Linda Amaning,Central Arkansas,D1,C,32,66.3,86.2,37.4,9.5,D1
1209,1209,Aaliyah Guyton,Illinois,D1,G,30,66.3,99,36.8,13.6,D1
1210,1210,Qadence Samuels,NC State,D1,G,32,66.3,99,47,14.1,D1
1211,1211,Kayla Rolph,Boston College,D1,F,31,66.3,83.4,43.4,10.2,D1
1212,1212,Ayisse Magassa,Cleveland State,D1,F,37,66.2,99,47.4,13,D1
1213,1213,Saniyah Glenn-Bello,Harvard,D1,G,29,66.2,94.3,39,12.2,D1
1214,1214,Keiryn McGuff,Akron,D1,F,27,66.2,91.2,52.6,9.4,D1
1215,1215,Morgan Robinson-Nwagwu,Georgia State,D1,G,23,66.2,99,39.6,16.9,D1
1216,1216,Meloney Thames,Southern Miss,D1,G,31,66.2,99,44.3,11.6,D1
1217,1217,Cali Smallwood,UAB,D1,G,31,66.2,90.9,47.8,9.3,D1
1218,1218,Madison Austin,Illinois State,D1,F,36,66.1,99,44.3,13.3,D1
1219,1219,Jocelyn Tate,Southern,D1,G,34,66.1,85.8,44,9.4,D1
1220,1220,Jordan Thomas,West Virginia,D1,F,26,66.1,99,34,18.5,D1
1221,1221,Sophia Covello,Idaho State,D1,G,6,66.1,80.6,47.7,12.1,D1
1222,1222,Stephanie Utomi,Mercer,D1,G,30,66.1,99,41.4,12.5,D1
1223,1223,Lexi McCully,Southeast Missouri State,D1,G,32,66.1,99,36.6,14.3,D1
1224,1224,Jocelyn Land,Montana,D1,F,31,66,99,45.7,10.7,D1
1225,1225,Reza Po,East Texas A&M,D1,G,29,66,99,52.1,12.8,D1
1226,1226,Mia Fiore,Merrimack,D1,G,10,66,72.7,50.3,5.9,D1
1227,1227,Meghan Downing,East Tennessee State,D1,F,27,66,95,53.1,8.7,D1
1228,1228,Marissa Gasaway,UL Monroe,D1,F,33,66,94.8,44.6,13.7,D1
1229,1229,Chloe Chard Peloquin,Wright State,D1,F,7,66,99,53.1,18.5,D1
1230,1230,Kendra Hicks,Nevada,D1,F,30,66,99,46.3,12.5,D1
1231,1231,Cambree Blackham,Utah Valley,D1,G,31,66,81.5,50.3,7.6,D1
1232,1232,Mataya Gayle,Pennsylvania,D1,G,26,66,96.4,39.7,11.5,D1
1233,1233,Aniya Hooker,Santa Clara,D1,G,34,66,92.4,35.5,12.6,D1
1234,1234,Hayleigh Breland,Southern Miss,D1,G,30,66,99,39.3,13.9,D1
1235,1235,Ariana Bennett,Mercer,D1,F,28,66,82,48.1,8.9,D1
1236,1236,Louis Volker,George Mason,D1,F,33,66,91,47.8,9.7,D1
1237,1237,Marya Boiko,Maryland,D1,F,28,66,82.7,38.6,11.6,D1
1238,1238,Amaya Dowdy,Stonehill,D1,C,13,66,75.1,47.9,7.8,D1
1239,1239,Amirah Anderson,Boston College,D1,G,31,65.9,97.4,30,14.1,D1
1240,1240,Destiny Whitaker,Incarnate Word,D1,G,20,65.9,97.3,46.3,11.8,D1
1241,1241,Liliana Harrison,Delaware State,D1,C,30,65.9,95.1,33.7,12.1,D1
1242,1242,Aurora Almón,Syracuse,D1,F,29,65.9,99,46.9,12.8,D1
1243,1243,Asa Wolfram,Idaho State,D1,F,30,65.9,86.5,42.2,10.3,D1
1244,1244,Chazlyn Dettor,UT Rio Grande Valley,D1,F,35,65.9,96.9,47.3,12.5,D1
1245,1245,Maria Anais Rodriguez,Arkansas,D1,F,29,65.9,92.4,32.5,13.6,D1
1246,1246,Sandra Magolico,Hofstra,D1,F,31,65.9,85.7,40.7,9.9,D1
1247,1247,Jocelyn Medina,Denver,D1,G,29,65.9,96.7,34.9,12.9,D1
1248,1248,Zoe Borter,UC Santa Barbara,D1,F,30,65.8,84.1,44.2,10,D1
1249,1249,Tyi Skinner,SMU,D1,G,9,65.8,99,42.5,15.7,D1
1250,1250,Delanie Hill,Albany,D1,G,30,65.8,99,49.5,10.5,D1
1251,1251,Faith Burch,Youngstown State,D1,F,12,65.8,99,49.6,15.3,D1
1252,1252,Caitlin Staley,Charlotte,D1,F,32,65.8,99,34.6,13.6,D1
1253,1253,Alicia Spann,South Alabama,D1,C,36,65.7,99,41.9,13.9,D1
1254,1254,Jordana Codio,Seton Hall,D1,G,32,65.7,99,34.7,17.7,D1
1255,1255,Chloe Larry,Tennessee Tech,D1,G,27,65.7,81.2,48.6,8.1,D1
1256,1256,Sophia Mindermann,Pacific,D1,G,30,65.7,97.4,41.3,12.5,D1
1257,1257,Zahara Bishop,Seton Hall,D1,G,32,65.7,99,31.8,16.3,D1
1258,1258,Madison Davis,Western Illinois,D1,G,32,65.7,82.8,49.3,9.2,D1
1259,1259,A'Maya Holton,Oral Roberts,D1,F,29,65.7,99,30,14.9,D1
1260,1260,Marija Avlijas,Columbia,D1,G,27,65.7,99,51.1,10.7,D1
1261,1261,Meioshe Mason,Eastern Illinois,D1,C,28,65.7,79.3,49.4,7.2,D1
1262,1262,Olivia Jones,Harvard,D1,G,29,65.7,92.2,49.3,9.4,D1
1263,1263,Marah Dykstra,Michigan State,D1,F,31,65.7,99,38.7,17.1,D1
1264,1264,Allison Heathcock,Creighton,D1,G,30,65.6,83,46.4,9.4,D1
1265,1265,Anna Becker,Drake,D1,G,32,65.6,99,40.7,12.1,D1
1266,1266,Diana Collins,Alabama,D1,G,35,65.6,98.8,38.2,14,D1
1267,1267,Chana Paxixe,High Point,D1,G,34,65.6,91.1,44.3,11.8,D1
1268,1268,Kelsey Joens,Villanova,D1,G,32,65.6,94.2,30.9,15.1,D1
1269,1269,Natalie Fox,William & Mary,D1,F,31,65.6,82.8,46.3,8.1,D1
1270,1270,Sidney Love,Texas Tech,D1,G,29,65.5,99,45.6,13.9,D1
1271,1271,Colbi Maples,Cleveland State,D1,G,35,65.5,99,41.7,12.5,D1
1272,1272,Miraya Perkins,UT Arlington,D1,F,8,65.5,79.1,45.9,10.1,D1
1273,1273,Claire Johnson,Nebraska,D1,G,31,65.5,99,40.3,16.2,D1
1274,1274,Cacia Antonio,New Mexico,D1,G,29,65.5,97.4,48.2,9.1,D1
1275,1275,Kiarra Henderson,Alcorn State,D1,G,30,65.5,99,43.1,11.6,D1
1276,1276,Emma Risch,Florida State,D1,G,27,65.5,99,36.4,14.3,D1
1277,1277,Peyton Gerdes,High Point,D1,F,33,65.5,99,38.7,10.8,D1
1278,1278,Lauryn Swann,Rutgers,D1,G,16,65.5,88.7,30.8,13.1,D1
1279,1279,Destini Craig,IU Indianapolis,D1,F,29,65.5,92.2,36.2,12.3,D1
1280,1280,Jada Bediako,Marquette,D1,F,26,65.4,78.7,43.8,10.7,D1
1281,1281,Kaylee Yarbrough,Samford,D1,G,30,65.4,95.1,40.5,12,D1
1282,1282,Saray White,Cal State Northridge,D1,G,30,65.4,99,35.9,12.4,D1
1283,1283,Jordan Wood,Duke,D1,F,35,65.4,99,42.8,15.1,D1
1284,1284,Molly Joyce,South Dakota,D1,G,36,65.4,91.4,34.3,11.7,D1
1285,1285,Ari Woodard,Seton Hall,D1,G,18,65.3,99,36.8,13.7,D1
1286,1286,Mia Tarver,Arkansas State,D1,G,37,65.3,98.5,43.3,12.5,D1
1287,1287,Brie Crittendon,Utah Tech,D1,G,28,65.3,90.7,45.3,10,D1
1288,1288,Senoj Jones,New Mexico State,D1,F,26,65.3,84.1,43,10.9,D1
1289,1289,Tatum Greene,Florida State,D1,G,31,65.3,99,40.4,11.5,D1
1290,1290,Marley Washenitz,Arizona State,D1,G,35,65.3,99,46.8,11.6,D1
1291,1291,Jada Hood,St. Thomas-Minnesota,D1,G,32,65.3,99,30,13.2,D1
1292,1292,Isla Airey,Louisiana Tech,D1,F,32,65.3,89,46.1,11.5,D1
1293,1293,Kali Fortson,Bradley,D1,F,31,65.3,90.7,43.6,11.6,D1
1294,1294,Melissa Mwanza,Stony Brook,D1,F,25,65.3,98.5,43,11.6,D1
1295,1295,Nay Staton,Florida Gulf Coast,D1,F,32,65.2,97.4,42.1,12.7,D1
1296,1296,Elana Weisman,Bucknell,D1,G,9,65.2,77.4,39.6,10.6,D1
1297,1297,Jasmine Peaks,Longwood,D1,G,31,65.2,87.9,50.6,9.3,D1
1298,1298,Carly Heidger,Loyola Marymount,D1,G,31,65.2,88,48,9.2,D1
1299,1299,Arianna Patton,McNeese,D1,G,35,65.2,99,47.8,15.4,D1
1300,1300,Deniya Prawl,Tennessee,D1,G,29,65.2,99,30,19,D1
1301,1301,Skylar Burke,UC Santa Barbara,D1,G,23,65.1,78.9,41.5,9.4,D1
1302,1302,Gift Ezekiel,Florida,D1,C,31,65.1,99,34.9,17.2,D1
1303,1303,Maddison Krug,Lafayette,D1,F,29,65.1,76.9,47.5,6.9,D1
1304,1304,Jess Moors,Florida Atlantic,D1,G,32,65.1,87.5,38.6,9.8,D1
1305,1305,Madi Gewirtz,Florida Atlantic,D1,G,32,65.1,99,50.4,9.9,D1
1306,1306,Last-Tear Poa,Arizona State,D1,G,32,65.1,85.2,38.1,12.1,D1
1307,1307,Jamirica Roberson,Grambling,D1,F,12,65.1,89.1,35.4,14.3,D1
1308,1308,Chloe Williams,Nevada,D1,F,23,65.1,97.5,38.2,12.6,D1
1309,1309,Clara Bielefeld,TCU,D1,G,30,65.1,99,37.4,13.7,D1
1310,1310,Jane Rumpf,Wyoming,D1,F,30,65.1,99,44.4,16.1,D1
1311,1311,Marie Kenembeni,Nicholls,D1,F,31,65.1,99,44,13.2,D1
1312,1312,Lauren Miller,SIU-Edwardsville,D1,F,32,65.1,96,42,11.2,D1
1313,1313,Corynne Hauser,Kent State,D1,G,17,65.1,89,31.5,13.8,D1
1314,1314,Lia Anderson,Georgia Southern,D1,F,25,65.1,87.8,39.6,9.4,D1
1315,1315,Angie Smith,Oakland,D1,G,23,65.1,76.8,34.1,9.7,D1
1316,1316,Jeniffer Silva,Western Kentucky,D1,F,23,65.1,99,44,14.9,D1
1317,1317,Jade Jones,Houston,D1,F,30,65.1,90.2,40.6,13.8,D1
1318,1318,Kelby Bannerman,Kansas City,D1,F,29,65,99,48.6,12.4,D1
1319,1319,Célia Rivière,West Virginia,D1,F,34,65,99,36.4,15.9,D1
1320,1320,Khloe Lemon,California Baptist,D1,G,31,65,99,38.9,14.1,D1
1321,1321,Harmanie Dominguez,Stephen F. Austin,D1,G,35,65,82.2,48.1,7.8,D1
1322,1322,La'Nya Foster,Georgia Tech,D1,G,32,65,99,30.1,13.4,D1
1323,1323,Justine Henry,Marist,D1,G,31,65,79.4,50,7.4,D1
1324,1324,Paula Tirado,San Francisco,D1,G,19,65,85.6,37.4,12.5,D1
1325,1325,Meredith Maier,Marshall,D1,F,38,65,92.7,43.8,10.1,D1
1326,1326,Mauriana Hashemian-Orr,Saint Mary's,D1,G,34,64.9,99,30,12.3,D1
1327,1327,Daniah Trammell,Arizona,D1,F,30,64.9,99,37.2,15.4,D1
1328,1328,DaiJa Turner,Northwestern,D1,F,28,64.9,99,40.8,13.1,D1
1329,1329,Nya Valentine,Northwestern State,D1,G,32,64.9,99,48.7,10.7,D1
1330,1330,Djessira Diawara,Fresno State,D1,F,31,64.9,92.8,47.2,11.1,D1
1331,1331,Emily Adams,Air Force,D1,F,35,64.9,95.6,42.5,9.9,D1
1332,1332,Paris Locke,North Carolina A&T,D1,F,26,64.9,88.3,49.5,7.6,D1
1333,1333,Abbey Kimball,Michigan State,D1,G,17,64.9,96.2,46.8,11.7,D1
1334,1334,Taliyah Henderson,North Carolina,D1,G,33,64.9,99,37.2,16.1,D1
1335,1335,Mary Carden,Cincinnati,D1,C,25,64.9,87.5,39.3,12.5,D1
1336,1336,Carley Duffney,Green Bay,D1,F,37,64.9,84.5,41.2,9.7,D1
1337,1337,Treasure Thompson,Wichita State,D1,F,29,64.9,86.7,44.4,10.4,D1
1338,1338,Jazzy Klinge,North Alabama,D1,F,31,64.9,97.4,37.4,10.9,D1
1339,1339,Mallory Shetley,Western Illinois,D1,F,32,64.9,99,42.9,10.9,D1
1340,1340,Keira Hanson,Vermont,D1,G,36,64.9,99,47.5,11.5,D1
1341,1341,Kayla Jones,Loyola Marymount,D1,F,31,64.9,94.8,43.9,11.5,D1
1342,1342,Laci Steele,Wisconsin,D1,G,34,64.8,86.1,42,9.7,D1
1343,1343,Grace Lomen,Milwaukee,D1,G,34,64.8,94.9,36.8,11.9,D1
1344,1344,Jazmine Jackson,UL Monroe,D1,G,33,64.8,99,35.3,12.9,D1
1345,1345,Nia Green,UNC Asheville,D1,G,30,64.8,99,40.7,13.7,D1
1346,1346,Anastasiia Semenova,Boston University,D1,F,28,64.8,80,49.3,7.3,D1
1347,1347,Janelle Brown,Fairfield,D1,G,27,64.8,99,39.4,13.6,D1
1348,1348,Wynter Rogers,Arkansas State,D1,G,37,64.8,88,43.4,10,D1
1349,1349,Breazia Robinson,Florida A&M,D1,C,30,64.8,79.1,49.2,6.9,D1
1350,1350,Maria Sanchez-Ponce,Jacksonville State,D1,F,27,64.8,96.3,49.4,12,D1
1351,1351,Taylor Smith,Gonzaga,D1,F,34,64.8,99,43.7,11.1,D1
1352,1352,Aysia Ward-Strong,Sam Houston,D1,G,31,64.8,99,53.9,10.1,D1
1353,1353,Halle Nelson,Utah Valley,D1,G,28,64.7,86.9,41.2,10.1,D1
1354,1354,Hillary Offing,Purdue Fort Wayne,D1,F,29,64.7,98.5,38.4,15.2,D1
1355,1355,Sabrina Ma,UC San Diego,D1,G,33,64.7,99,48.1,9.7,D1
1356,1356,Elena Pericic,App State,D1,F,30,64.7,94.5,44.6,10.1,D1
1357,1357,Chrishawn Coleman,Cal State Bakersfield,D1,G,30,64.7,99,30,14.9,D1
1358,1358,Laurel Rockwood,Cleveland State,D1,C,34,64.6,98.5,44.5,12.1,D1
1359,1359,Jordyn Weaver,Tulane,D1,F,27,64.6,88.2,43.6,9.5,D1
1360,1360,Natalia Chavez,Abilene Christian,D1,G,35,64.6,99,40.5,17,D1
1361,1361,Lainey Allen,Maryland-Eastern Shore,D1,F,24,64.6,99,40.8,15,D1
1362,1362,Marina Asensio,Utah State,D1,G,14,64.6,90.8,30,12.6,D1
1363,1363,Marie Sepp,Morehead State,D1,G,31,64.6,95,48.3,11.6,D1
1364,1364,Alayna Contreras,Middle Tennessee,D1,G,33,64.6,99,35.9,14.5,D1
1365,1365,Reghan Grimes,Tennessee Tech,D1,G,26,64.6,98.1,44.8,11.2,D1
1366,1366,Torri James,Western Kentucky,D1,F,29,64.6,85.3,45.8,8.2,D1
1367,1367,Tia Shelling,Western Kentucky,D1,G,28,64.6,89.6,33.2,12.1,D1
1368,1368,Ciniya Moore,Yale,D1,G,27,64.6,88.5,45.3,9.8,D1
1369,1369,Macie Phifer,Middle Tennessee,D1,G,33,64.6,88.3,44.6,10.8,D1
1370,1370,Lucia France,East Tennessee State,D1,C,20,64.5,80.5,48.1,9.4,D1
1371,1371,De'Naya Rippey,Saint Peter's,D1,F,30,64.5,82.4,45.4,8.2,D1
1372,1372,Kelis Fisher,UConn,D1,G,30,64.5,99,34,16,D1
1373,1373,Aijah Palmore,South Carolina Upstate,D1,F,31,64.5,99,45.3,14.3,D1
1374,1374,Jade Clack,Tulsa,D1,G,29,64.5,87.8,45.6,9.5,D1
1375,1375,Cheyanne Kemp,Central Arkansas,D1,G,32,64.5,99,41.9,10,D1
1376,1376,Lauren Rust,Pittsburgh,D1,F,29,64.5,90.4,44.2,11.2,D1
1377,1377,Ericka Huggins,Delaware State,D1,F,28,64.5,87.6,49.5,8.6,D1
1378,1378,Katie Vasecka,South Dakota State,D1,G,20,64.5,99,39.3,14.9,D1
1379,1379,Mahli Abdouch,South Dakota State,D1,G,33,64.5,99,38,14.5,D1
1380,1380,Kaliyah Sain,Maine,D1,F,8,64.4,82.8,48.7,10.6,D1
1381,1381,Ella Ryan,Quinnipiac,D1,G,34,64.4,90.2,41.4,10.6,D1
1382,1382,Rachel Kaus,Cornell,D1,G,27,64.4,91.1,44.8,11.2,D1
1383,1383,Devyn Quigley,NC State,D1,G,29,64.4,89.8,38.1,11.6,D1
1384,1384,Nia Chima,Umass Lowell,D1,F,28,64.4,84.2,47.9,9.7,D1
1385,1385,Sydne Tolbert,West Georgia,D1,G,31,64.4,99,52.3,10.6,D1
1386,1386,Bailey Kuhns,Robert Morris,D1,F,32,64.4,99,30,13.1,D1
1387,1387,Jorja Elliott,Incarnate Word,D1,G,30,64.4,99,41.9,11.3,D1
1388,1388,Tocarra Johnson,Winthrop,D1,F,23,64.4,99,30,14.7,D1
1389,1389,Cece McNair,Milwaukee,D1,C,32,64.4,99,34.9,15.2,D1
1390,1390,Colette Mulderig,Manhattan,D1,F,31,64.4,99,46.2,11.7,D1
1391,1391,Rusne Augustinaite,Clemson,D1,G,33,64.3,99,39.3,12.9,D1
1392,1392,Cheyenne Holloman,Georgia State,D1,G,31,64.3,90.1,46.1,10.4,D1
1393,1393,Achol Magot,Arizona,D1,C,19,64.3,99,43.2,14.3,D1
1394,1394,Emma Dasovich,Northern Arizona,D1,F,30,64.3,99,47.2,12,D1
1395,1395,Kylie Lavelle,St. John's,D1,F,34,64.3,98.3,43.2,11.5,D1
1396,1396,Taylor Holohan,Northeastern,D1,F,28,64.3,84.2,47.4,9.4,D1
1397,1397,Mia Broom,Columbia,D1,G,33,64.3,99,30,17,D1
1398,1398,Jasha Clinton,Norfolk State,D1,G,34,64.3,99,43.2,11.8,D1
1399,1399,Olivia Schmitt,Syracuse,D1,G,28,64.2,99,38.6,14.3,D1
1400,1400,Jasmine Nivar,Campbell,D1,G,32,64.2,99,45.2,11.4,D1
1401,1401,Jenna Van Schaik,Mercyhurst,D1,G,31,64.2,99,45.1,10.9,D1
1402,1402,Gabby White,Virginia,D1,G,34,64.2,98.9,30,15.4,D1
1403,1403,Lucija Milkovic,Seattle,D1,C,26,64.2,99,42.5,15.4,D1
1404,1404,Casey Santoro,Youngstown State,D1,G,37,64.2,99,49.7,9.1,D1
1405,1405,Ava Stoller,Eastern Illinois,D1,G,29,64.2,89.5,41.8,9.1,D1
1406,1406,Aziyah Farrier,Stephen F. Austin,D1,G,35,64.2,85.7,45.6,9.6,D1
1407,1407,Nina Minicozzi,Dartmouth,D1,G,26,64.2,99,42.8,16.1,D1
1408,1408,Aa'Mya Stacker,Southeast Missouri State,D1,C,17,64.2,76.3,48.8,8.3,D1
1409,1409,Jillian Huerter,Fairfield,D1,G,31,64.2,74.6,41.2,7.3,D1
1410,1410,Amiyah Buchanan,Southern Indiana,D1,F,32,64.2,84,44.9,8.8,D1
1411,1411,Hadley Thul,South Dakota State,D1,G,33,64.2,97.9,30,14.7,D1
1412,1412,Londynn Jones,USC,D1,G,32,64.2,99,34.9,17.2,D1
1413,1413,Ramiya White,Kansas State,D1,C,28,64.2,90.5,41,13.6,D1
1414,1414,Shayla Smith,Penn State,D1,G,20,64.2,99,34.6,15.9,D1
1415,1415,Payton Fields,Arkansas State,D1,G,25,64.2,99,41.1,14.4,D1
1416,1416,Taliyah Logwood,Texas Southern,D1,G,30,64.1,89.2,30,14,D1
1417,1417,Keeley Parks,Kansas,D1,G,17,64.1,95.9,42.4,13.1,D1
1418,1418,Bailey Flavell,Hawaii,D1,G,34,64.1,92.9,41.4,10.7,D1
1419,1419,Kailey Starks,Western Michigan,D1,G,29,64.1,95.3,38.7,12.3,D1
1420,1420,Allison Cannon,N.J.I.T.,D1,G,32,64.1,78.7,48.5,7.1,D1
1421,1421,Gentry Baldwin,Oral Roberts,D1,G,30,64.1,99,35,13.2,D1
1422,1422,Emily Knouse,Saint Joseph's,D1,G,32,64.1,99,37,15.5,D1
1423,1423,Iemyiah Harris,South Carolina State,D1,G,21,64.1,79.1,51.3,9.1,D1
1424,1424,Sol Castro,San Francisco,D1,F,29,64.1,99,38,16.3,D1
1425,1425,Favor Ayodele,Grand Canyon,D1,F,13,64.1,85,44.5,12,D1
1426,1426,Jackie Grisdale,Quinnipiac,D1,G,34,64.1,87.5,50.5,8.1,D1
1427,1427,Keshunti Nichols,UL Monroe,D1,F,32,64.1,99,39.3,13.1,D1
1428,1428,LeAire Nicks,Norfolk State,D1,C,33,64,99,36.1,12.7,D1
1429,1429,Mara Neira,San Francisco,D1,G,34,64,99,41.4,12.3,D1
1430,1430,Taylor Feldman,Purdue,D1,G,7,64,99,40.6,17.7,D1
1431,1431,Danni Scully,Ohio,D1,F,31,64,99,46.5,11.5,D1
1432,1432,Vivian Iwuchukwu,USC,D1,F,31,64,99,38.6,15.8,D1
1433,1433,Katarina Knezevic,VCU,D1,G,29,64,99,38.8,14.2,D1
1434,1434,CJ Wilson,Prairie View A&M,D1,G,29,64,74.2,49.1,7,D1
1435,1435,Karson Martin,Quinnipiac,D1,G,26,63.9,99,43.3,12.3,D1
1436,1436,Kyleigh Brown,Portland State,D1,G,31,63.9,87.3,45,10.8,D1
1437,1437,Savannah Samuel,Georgia Tech,D1,G,30,63.9,99,41.6,12.9,D1
1438,1438,Oralye Kiefer,Merrimack,D1,F,30,63.9,97.8,38.3,11.8,D1
1439,1439,Maddie Scherr,TCU,D1,G,20,63.9,96.2,45,14.7,D1
1440,1440,Elizabeth Gentry,Creighton,D1,C,29,63.9,99,30,17.5,D1
1441,1441,Nayli Padilla,New Mexico,D1,G,32,63.9,85.4,41.5,10.1,D1
1442,1442,Sarah Brans,Idaho,D1,F,31,63.8,98.1,39.1,14.1,D1
1443,1443,Rhema Pegues,Jackson State,D1,G,24,63.8,93.5,38.7,11,D1
1444,1444,Maya Anderson,San Jose State,D1,G,32,63.8,83.7,44.7,8.8,D1
1445,1445,Mariah Hardy,Bucknell,D1,F,25,63.8,89.4,41.4,9.4,D1
1446,1446,Janeya Grant,St. John's,D1,G,34,63.8,86.5,32.4,14.2,D1
1447,1447,Olivia Austin,Dartmouth,D1,F,26,63.8,92.4,47.4,9.4,D1
1448,1448,Shun'teria Anumele,Houston,D1,G,29,63.8,99,31.8,16.9,D1
1449,1449,Layla Hays,Iowa,D1,C,32,63.8,99,34.2,19.3,D1
1450,1450,Kenleigh Woods,Eastern Kentucky,D1,G,34,63.7,88.2,47.7,8.8,D1
1451,1451,Joniyah Bland-Fitzpatrick,Bowling Green,D1,F,32,63.7,99,40.2,14,D1
1452,1452,Kaitlyn Flanagan,Holy Cross,D1,G,33,63.7,81.8,48.2,7.7,D1
1453,1453,Aurore Eyango,Wyoming,D1,G,28,63.7,95.4,38.2,12.6,D1
1454,1454,Ashanti Lynch,Maryland-Eastern Shore,D1,G,35,63.7,77.7,42.1,8,D1
1455,1455,Kaiya Rain Tucker,Siena,D1,G,28,63.7,78,35.2,8.1,D1
1456,1456,Kylie Ray,San Diego,D1,G,27,63.7,88.7,34.5,12.8,D1
1457,1457,Vanessa McManus,Cal Poly,D1,G,26,63.7,99,50.5,12.1,D1
1458,1458,Janay Brantley,Stony Brook,D1,G,29,63.7,99,48.9,10.2,D1
1459,1459,Nyla Brooks,North Carolina,D1,G,36,63.6,99,31.4,15.6,D1
1460,1460,Maddie Cox,NC State,D1,F,32,63.6,99,41,15.9,D1
1461,1461,Lily Zeinstra,Butler,D1,G,31,63.6,99,43.6,11.5,D1
1462,1462,Liz Murphy,Akron,D1,G,27,63.6,99,30,17.5,D1
1463,1463,Sydney-James Desroches,Eastern Illinois,D1,F,18,63.6,76.5,51.6,7.3,D1
1464,1464,Aaliyah Gayles,Utah State,D1,G,22,63.6,94.6,38.4,11.9,D1
1465,1465,Georgia Grigoropoulou,Saint Mary's,D1,F,33,63.6,99,39.4,15.5,D1
1466,1466,Zahira Arizmendi,Florida Atlantic,D1,G,19,63.6,71.7,50,6.5,D1
1467,1467,Tyler Gildersleeve-Stiles,Santa Clara,D1,F,34,63.6,99,37.6,13.8,D1
1468,1468,Raevin Washington,Duquesne,D1,F,31,63.6,90.4,34.1,12.9,D1
1469,1469,Precious Omoshola,Fordham,D1,F,29,63.6,99,39.6,13.3,D1
1470,1470,Francie Morris,Samford,D1,G,34,63.6,79.3,45.1,9.2,D1
1471,1471,Henna Sandvik,Wyoming,D1,G,30,63.5,92.8,42.1,9.1,D1
1472,1472,Bella Hines,LSU,D1,G,33,63.5,90.3,43.5,13.3,D1
1473,1473,Ayanna Patterson,UConn,D1,F,30,63.5,99,44.9,13,D1
1474,1474,Shy Hawkins,Syracuse,D1,G,32,63.4,99,42.7,10.6,D1
1475,1475,Shay Bollin,Wisconsin,D1,G,34,63.4,93.2,30,15.3,D1
1476,1476,Kaleigh Thompson,Louisiana Tech,D1,G,33,63.4,94.6,44.7,11.3,D1
1477,1477,Heather Baymon,Northern Colorado,D1,G,34,63.4,99,40.2,16.5,D1
1478,1478,Alonya Waldon,North Florida,D1,G,29,63.4,99,30,17.7,D1
1479,1479,Samantha Crispe,Utah,D1,F,29,63.4,99,40.3,13.4,D1
1480,1480,Brooke Walker,Utah,D1,G,28,63.4,99,36.6,14.6,D1
1481,1481,Morgan Demos,Navy,D1,F,31,63.4,79.4,47.9,8.1,D1
1482,1482,Laia Conesa,Kansas,D1,G,37,63.3,95.3,30,12.8,D1
1483,1483,Olivia Malafu,Southern Utah,D1,F,22,63.3,99,44,14.6,D1
1484,1484,Ainhoa Cea,Eastern Michigan,D1,G,29,63.3,75.8,52.8,5.6,D1
1485,1485,Vittoria Blasigh,Miami,D1,G,31,63.3,99,34.5,16.4,D1
1486,1486,Desirae Ashton,Bucknell,D1,F,26,63.3,99,36.8,13.8,D1
1487,1487,Ariana Williams,IU Indianapolis,D1,F,29,63.3,99,40.5,15.4,D1
1488,1488,Jesstynie Scott,Longwood,D1,G,32,63.3,99,44.8,15.5,D1
1489,1489,Paulina Paris,SMU,D1,G,21,63.2,81.5,40.4,11.2,D1
1490,1490,Amauri Williams,Memphis,D1,F,31,63.2,99,39.7,12.8,D1
1491,1491,Kamryn McLaurin,Houston Christian,D1,G,29,63.2,98.6,30,14.5,D1
1492,1492,Lauren Hurst,Tennessee,D1,G,24,63.2,99,40.6,12.4,D1
1493,1493,Andjela Matic,Loyola Marymount,D1,G,31,63.2,95.6,39.1,10.6,D1
1494,1494,Rachel Wilson,Utah State,D1,F,26,63.2,94.5,49,10,D1
1495,1495,Aniya Rowe,Buffalo,D1,G,30,63.2,99,43.4,13.7,D1
1496,1496,Jasaiyah Wallace,Saint Louis,D1,F,33,63.2,83.7,41.3,10.4,D1
1497,1497,Janie Bachmann,Holy Cross,D1,G,33,63.2,99,44.2,11.6,D1
1498,1498,Rebecca Osei-Owusu,Fairleigh Dickinson,D1,F,35,63.2,90.2,46.5,9.2,D1
1499,1499,Jacei Denley,Lamar,D1,G,28,63.2,78.2,51.9,6.9,D1
1500,1500,Raissa Nsabua,Southeast Missouri State,D1,G,31,63.2,80.9,30,10.6,D1
1501,1501,Danielle Osho,Miami,D1,F,29,63.1,83.5,35,11.1,D1
1502,1502,Ruthie Loomis-Goltl,Northern Colorado,D1,F,31,63.1,99,39,14.6,D1
1503,1503,Ella Hobbs,Ohio State,D1,F,28,63.1,99,39.6,13.2,D1
1504,1504,Lanae Billy,Weber State,D1,G,33,63.1,99,30.4,14,D1
1505,1505,Jaylen Ponder,Old Dominion,D1,F,25,63.1,99,44.9,13.1,D1
1506,1506,Clarence Djuela,Northwestern State,D1,F,32,63.1,94.5,45.9,9.7,D1
1507,1507,Viktoria Ranisavljevic,Penn State,D1,G,26,63.1,93.5,30,16.2,D1
1508,1508,Delilah Soltys,James Madison,D1,G,35,63.1,82.3,48.3,8,D1
1509,1509,Caroline Lyles,Tarleton State,D1,G,26,63.1,79.1,43.9,9,D1
1510,1510,Logann Alvar,Wyoming,D1,F,30,63.1,92,38.8,11.2,D1
1511,1511,Jalei Pillow,Florida Gulf Coast,D1,F,31,63.1,83.1,39.2,10.3,D1
1512,1512,Rose Caso,Stetson,D1,F,32,63.1,91.4,38.9,10.5,D1
1513,1513,Daisia Mitchell,App State,D1,G,30,63.1,99,32,14.2,D1
1514,1514,Imani Daniel,Louisiana,D1,G,29,63.1,99,44.7,11.8,D1
1515,1515,Emma Wilson-Saltos,Fordham,D1,F,31,63,95.9,37.3,12.4,D1
1516,1516,Kendall Barnes,Milwaukee,D1,G,35,63,85.7,35.5,13.2,D1
1517,1517,Alexia Dizeko,Florida,D1,F,33,63,99,38.7,12.1,D1
1518,1518,Riley Nelson,Duke,D1,G,36,63,99,30,16.5,D1
1519,1519,Nya Threatt,UT Arlington,D1,G,28,63,92.2,39.2,12.6,D1
1520,1520,Sadie Sanchez,Tennessee State,D1,G,10,63,81.8,30,15.5,D1
1521,1521,Alex Flattery,South Dakota,D1,G,17,63,99,49.7,11.7,D1
1522,1522,Skylar Durley,Nevada,D1,G,32,63,86.7,38.3,8.9,D1
1523,1523,Nasi Simmons,Columbia,D1,G,33,63,82,37.9,11,D1
1524,1524,Luisa Vydrova,Yale,D1,F,27,63,87,44.6,9.3,D1
1525,1525,Fiona Connolly,Valparaiso,D1,G,30,63,99,45.7,12.6,D1
1526,1526,Jaila Harding,Wichita State,D1,G,32,63,88.3,41.9,11.1,D1
1527,1527,Julianna Almeida,Navy,D1,G,31,63,82.8,36.2,8.1,D1
1528,1528,Bella Edwards,Oral Roberts,D1,G,21,62.9,99,40.8,14.6,D1
1529,1529,Ella Meabon,Colgate,D1,F,31,62.9,98.1,34.9,12.3,D1
1530,1530,Malia Lenz,Vermont,D1,G,36,62.9,99,50.6,10.8,D1
1531,1531,Emma Theodorsson,George Washington,D1,G,30,62.9,89.2,32,13.2,D1
1532,1532,Nadia Moore,Duquesne,D1,G,7,62.9,95.4,49.8,14.7,D1
1533,1533,Asia Donald,West Georgia,D1,G,31,62.9,94.1,49.9,9.1,D1
1534,1534,Paige Cofer,Utah Tech,D1,F,29,62.9,83.8,47.7,8.7,D1
1535,1535,Emilija Dakic,Florida,D1,G,28,62.9,97.7,39.1,14.8,D1
1536,1536,Martha Bishop,Samford,D1,F,28,62.9,74.4,45.5,8,D1
1537,1537,Haley Walker,Florida Atlantic,D1,G,29,62.9,98.7,32.9,13,D1
1538,1538,Angel Jones,Pittsburgh,D1,G,8,62.8,77.2,53,7.1,D1
1539,1539,Joana Magalhaes,New Mexico,D1,G,30,62.8,99,34,13.5,D1
1540,1540,Adebukola Akomolafe,SIU-Edwardsville,D1,F,29,62.8,91.6,37.8,13.3,D1
1541,1541,Irune Orio,Pepperdine,D1,F,24,62.8,89.6,41.1,13,D1
1542,1542,Rayne Wright,Richmond,D1,G,34,62.8,99,33.3,13.4,D1
1543,1543,Xai Whitfield,Tennessee State,D1,G,25,62.8,78.1,30,10,D1
1544,1544,Rylan Moffitt,UNC Greensboro,D1,F,31,62.8,93.9,47.4,12.7,D1
1545,1545,Aislin Malcolm,Robert Morris,D1,G,32,62.8,84.5,43.3,8.7,D1
1546,1546,Olivia Poulivaati,Nevada,D1,F,16,62.8,78.4,41.2,10.1,D1
1547,1547,Fernanda Ovalle,Eastern Michigan,D1,G,29,62.7,99,36.9,15.1,D1
1548,1548,Pierre-Noelle Tcheuhchoua,Jackson State,D1,C,31,62.7,99,36,12.8,D1
1549,1549,Sarah Talon,Maine,D1,G,32,62.7,84.2,45.1,7.7,D1
1550,1550,Mackenzie Hughes,North Dakota,D1,G,31,62.7,84.5,47.4,9.9,D1
1551,1551,Jasmine Felton,Campbell,D1,G,32,62.7,95.7,46.1,11.4,D1
1552,1552,Toby Nweke,Princeton,D1,G,28,62.7,99,39.3,12,D1
1553,1553,Nuria Jurjo,Miami (OH),D1,G,32,62.7,97.8,45.1,10.8,D1
1554,1554,Brikayla Gray,Southern Miss,D1,G,31,62.7,90.6,47.1,8.8,D1
1555,1555,M.G. Talle,Dayton,D1,F,22,62.7,99,37.9,14.8,D1
1556,1556,Laura Bello,UT Arlington,D1,F,30,62.7,75.9,35.2,10,D1
1557,1557,Shanihya Brown,New Orleans,D1,G,29,62.6,86.3,37.8,11.9,D1
1558,1558,Lucia Noin,Central Connecticut,D1,F,29,62.6,82.3,49,6.5,D1
1559,1559,Breauna Ware,Wisconsin,D1,G,25,62.6,92.9,30,15.8,D1
1560,1560,Kamy Peppler,Green Bay,D1,G,37,62.6,86.2,51.6,8.6,D1
1561,1561,Colleen Phiri,George Washington,D1,G,29,62.6,99,45.2,12.3,D1
1562,1562,Alaina Williams,UMBC,D1,F,32,62.6,99,43.7,10.3,D1
1563,1563,Nicole Anderson,Portland,D1,G,35,62.6,85.6,33.8,11.5,D1
1564,1564,Holly Griffiths,Grand Canyon,D1,F,18,62.6,94.6,35.4,17.7,D1
1565,1565,Zya Nugent,Saint Louis,D1,G,33,62.6,99,47.2,10,D1
1566,1566,Nevaeh Jackson,Butler,D1,G,23,62.5,87.8,42.8,11.3,D1
1567,1567,Daniela Gonzalez,South Alabama,D1,F,35,62.5,83.6,49.2,7.2,D1
1568,1568,Claudia Acin,Liberty,D1,G,28,62.5,99,43.8,12.9,D1
1569,1569,Grace Okih,Wright State,D1,F,31,62.5,99,34,16.8,D1
1570,1570,Kya Hurt,Illinois State,D1,G,37,62.5,99,47.5,10.3,D1
1571,1571,Jayla Murray,Ole Miss,D1,F,32,62.5,77.5,37.7,9.6,D1
1572,1572,Mason Borcherding,Boise State,D1,F,32,62.5,90.9,40,12.8,D1
1573,1573,Grace Koepke,American University,D1,F,12,62.5,77.6,43,8.8,D1
1574,1574,Rubi Gray,Sacramento State,D1,G,33,62.5,96.9,44.9,11.8,D1
1575,1575,Brooke Suttle,Pennsylvania,D1,G,27,62.5,89.1,46.5,8.6,D1
1576,1576,Vera Söderblom,South Carolina Upstate,D1,F,32,62.5,99,39.3,12.4,D1
1577,1577,A'riel Jackson,Auburn,D1,G,32,62.5,99,30,16,D1
1578,1578,Amiya Moses,La Salle,D1,F,30,62.5,79.6,35.6,10.1,D1
1579,1579,Laylah Reese,Central Arkansas,D1,F,32,62.5,87.4,30,11.5,D1
1580,1580,Mikaylah Manley,Louisiana,D1,G,32,62.5,89.1,31.7,13.3,D1
1581,1581,Akeelah Lafleur,Fairleigh Dickinson,D1,F,30,62.4,99,35.6,15.6,D1
1582,1582,Quinn Eubank,Belmont,D1,G,32,62.4,79.8,49.6,7.6,D1
1583,1583,Natalia Hall-Rosa,Seton Hall,D1,F,24,62.4,99,38.7,19.2,D1
1584,1584,Leianya Massenat,Jackson State,D1,G,15,62.4,98.2,30,14.4,D1
1585,1585,Zeryhia Aokuso,Gonzaga,D1,G,34,62.4,94.7,38.6,11.6,D1
1586,1586,Gabi Fields,Northern Colorado,D1,G,34,62.4,89.2,47.7,8.3,D1
1587,1587,Mikayla Werner,St. Thomas-Minnesota,D1,G,31,62.4,99,42.1,12.6,D1
1588,1588,Meghan McIntyre,San Francisco,D1,G,34,62.4,99,34.2,13.3,D1
1589,1589,Jasmine Brown-Hagger,Illinois,D1,G,34,62.4,93.3,40.4,13.4,D1
1590,1590,Key Roseby,Stephen F. Austin,D1,G,35,62.4,96.4,36.7,12.5,D1
1591,1591,Maggie Mendelson,Penn State,D1,F,15,62.4,99,34.3,14.2,D1
1592,1592,Jahda Denis,Saint Louis,D1,G,33,62.4,94.4,41.6,11.9,D1
1593,1593,Destiny Leo,UNLV,D1,G,32,62.4,99,33.6,15.9,D1
1594,1594,Karley Johnson,Grand Canyon,D1,G,31,62.4,95,41.9,11.5,D1
1595,1595,McKenna Layden,Purdue,D1,G,28,62.4,99,33.9,12.6,D1
1596,1596,Addison Baxter,Butler,D1,G,23,62.3,84.7,30,12.1,D1
1597,1597,Addisen Mastriano,Detroit-Mercy,D1,C,29,62.3,90.7,30.2,13.9,D1
1598,1598,Hannah Hicks,Queens University,D1,F,30,62.3,94.2,44.5,9.3,D1
1599,1599,Alexia Weaver,Louisiana Tech,D1,G,33,62.3,95.7,44.7,11.9,D1
1600,1600,Taija Sta. Maria,Pepperdine,D1,G,35,62.3,99,43.8,10.3,D1
1601,1601,Charlece Ohiaeri,Saint Mary's,D1,F,34,62.3,98.1,35.2,12.8,D1
1602,1602,Zoey Ward,Iona,D1,F,32,62.3,85.9,49.4,9.1,D1
1603,1603,Raneem ElBarky,Wagner,D1,F,16,62.3,73.3,46.4,7.5,D1
1604,1604,Kylie Feuerbach,Iowa,D1,G,32,62.3,94,39.3,12.7,D1
1605,1605,Kiki McElrath,Hampton,D1,G,31,62.3,93.6,49.9,8.9,D1
1606,1606,Filippa Tilliander,Oregon,D1,F,24,62.3,75.9,43.7,8.7,D1
1607,1607,Kayl Petersen,Virginia Tech,D1,F,32,62.3,99,39,11.4,D1
1608,1608,Olivia Leung,Dayton,D1,G,31,62.3,78.5,30,11.4,D1
1609,1609,Khaniah Gardner,Arkansas-Pine Bluff,D1,F,30,62.2,82.3,43.6,7.7,D1
1610,1610,Olivia DiFranco,St. Bonaventure,D1,G,30,62.2,92.8,41,11.6,D1
1611,1611,Jamisyn Stinson,North Florida,D1,G,30,62.2,80.9,42.4,9.5,D1
1612,1612,Arianna Jackson,Iowa State,D1,G,29,62.2,79.5,45.1,7.9,D1
1613,1613,Jianna Morris,Louisiana Tech,D1,G,33,62.2,81.6,43.4,8.8,D1
1614,1614,Kaliyah Murphy,Texas State,D1,F,28,62.2,94.5,42.3,16.1,D1
1615,1615,Kristol Ayson,UCF,D1,G,31,62.2,96.5,45.6,10.1,D1
1616,1616,Shaulana Wagner,St. John's,D1,G,30,62.2,96.4,37.1,12.1,D1
1617,1617,Layke Fields,Robert Morris,D1,C,29,62.1,99,45.4,12.5,D1
1618,1618,Daeja Holmes,Texas Southern,D1,G,25,62.1,99,49.3,10.5,D1
1619,1619,Toni Warren,Wofford,D1,F,27,62.1,93.6,44.5,12.2,D1
1620,1620,Zaire Harrell,Kansas City,D1,G,30,62.1,76.6,47.9,7.3,D1
1621,1621,Emily La Chapell,Belmont,D1,G,7,62.1,79.3,30,16.3,D1
1622,1622,Alli Carlson,Western Michigan,D1,G,28,62.1,70.6,44.7,6.1,D1
1623,1623,McKenna Murphy,Colorado State,D1,G,35,62.1,99,32.2,16.1,D1
1624,1624,Madison Schiller,Colgate,D1,G,21,62.1,74.8,49.1,6.6,D1
1625,1625,Charlese McClendon,Alabama State,D1,F,32,62.1,99,41.4,12.2,D1
1626,1626,Reganne Reardon,Army,D1,F,33,62.1,79.4,49.1,7.2,D1
1627,1627,Tyreona Sibley,McNeese,D1,G,35,62.1,99,41.9,11.5,D1
1628,1628,Rita Nazario,Cal State Northridge,D1,G,30,62.1,99,40.6,14.5,D1
1629,1629,Patricia Augustin,VCU,D1,G,16,62,94.2,46.2,13.2,D1
1630,1630,Kenzie Hare,Iowa State,D1,G,32,62,89.3,39.1,10.8,D1
1631,1631,Thalia Shepard,Towson,D1,G,31,62,99,42.5,14,D1
1632,1632,Jazzy Owens-Barnett,North Texas,D1,G,31,62,99,41.6,14.9,D1
1633,1633,Makayla Carter,Nevada,D1,F,31,62,99,47.9,9.5,D1
1634,1634,Nyla Inmon,Sam Houston,D1,F,31,62,80.7,32.4,9.8,D1
1635,1635,Madison Royal-Davis,Cleveland State,D1,F,14,62,99,48.8,12.1,D1
1636,1636,Natalie Picton,Sacramento State,D1,G,31,62,99,42.1,12.9,D1
1637,1637,Diaka Berete,Stony Brook,D1,G,34,62,99,42.4,13.4,D1
1638,1638,Anabel Latorre Ciria,Umass Lowell,D1,F,29,62,99,40.6,12.5,D1
1639,1639,Kylee Norkus,Evansville,D1,G,31,62,99,37.6,14.1,D1
1640,1640,Hawa Komara,George Mason,D1,F,24,62,93.7,51.8,8.2,D1
1641,1641,Georgia Ferguson,Evansville,D1,F,35,62,99,36,12,D1
1642,1642,Anita Franchini,Texas A&M-CC,D1,F,16,62,93.5,34.7,14.9,D1
1643,1643,Lexi Carlsen,Drake,D1,G,32,62,83.4,30,10.6,D1
1644,1644,Jada Hunter,Saint Mary's,D1,G,34,62,92.8,38.1,10.5,D1
1645,1645,Sofia Ceppellotti,North Alabama,D1,F,27,62,77.4,42.3,7.3,D1
1646,1646,Kristin Williams,Coastal Carolina,D1,G,32,62,99,44.5,10.7,D1
1647,1647,Wyvette Mayberry,Arkansas,D1,G,28,61.9,99,39.7,13.7,D1
1648,1648,Ivy Brown,UT Rio Grande Valley,D1,F,33,61.9,77,34.9,9.6,D1
1649,1649,Halle Wright,Idaho State,D1,F,28,61.9,99,41.5,13.4,D1
1650,1650,Taissa Queiroz,North Carolina,D1,G,25,61.9,99,36.5,14.1,D1
1651,1651,Kassie Ingram,Marshall,D1,G,38,61.9,99,32.4,15.4,D1
1652,1652,Meri Kanerva,Xavier,D1,G,30,61.9,84.7,38,9.9,D1
1653,1653,Abbey Lindsey,Bryant,D1,G,16,61.9,99,43.3,13.1,D1
1654,1654,Dani Ceseretti,Villanova,D1,G,31,61.9,99,36.2,11.2,D1
1655,1655,Hilary Behrens,South Dakota State,D1,G,33,61.9,86.4,44,10.5,D1
1656,1656,Sierra Godbolt,Samford,D1,G,33,61.9,89.4,47.1,9.5,D1
1657,1657,Opal Bird,Wake Forest,D1,F,32,61.9,91.8,46.6,9.5,D1
1658,1658,Martina Fantini,Arizona State,D1,C,31,61.9,99,33.8,16.7,D1
1659,1659,Abby Krzewinski,North Dakota State,D1,G,34,61.9,89.6,45.2,9,D1
1660,1660,Kiera Edmonds,Boston College,D1,F,24,61.9,90.8,30,14,D1
1661,1661,Adlee Blacklock,Texas Tech,D1,G,28,61.9,99,45.6,14.9,D1
1662,1662,Briana Peguero,Houston,D1,G,29,61.9,99,37.3,15.5,D1
1663,1663,Addi Wedin,Saint Mary's,D1,G,34,61.9,98,41.2,10.3,D1
1664,1664,Akilah Shelton,Hampton,D1,F,31,61.9,90,43.8,10.5,D1
1665,1665,Shawnee Nordstrom,California Baptist,D1,G,34,61.8,91,45.6,9.5,D1
1666,1666,Julia Webster,Stonehill,D1,F,30,61.8,83,45,7.6,D1
1667,1667,Rezia Castillo,East Texas A&M,D1,G,29,61.8,97.2,33.1,11.6,D1
1668,1668,Mary-Elizabeth Donnelly,Holy Cross,D1,G,33,61.8,89.4,49.4,9.3,D1
1669,1669,Kamesha Moore,Troy,D1,G,27,61.8,99,36.4,14.8,D1
1670,1670,Elena Alvarez Castellanos,Davidson,D1,G,32,61.8,99,46.7,12.2,D1
1671,1671,Heidur Karlsdottir,Wyoming,D1,F,29,61.8,80.5,34.7,11.4,D1
1672,1672,J'Mani Ingram,UL Monroe,D1,G,33,61.8,99,30,13.6,D1
1673,1673,Breah Franks,Queens University,D1,C,30,61.8,91.6,44.6,11.1,D1
1674,1674,Cam Rust,Seton Hall,D1,F,19,61.8,90.9,31.7,13.8,D1
1675,1675,Shailyn Pinkney,Seton Hall,D1,F,28,61.8,99,48.7,10.1,D1
1676,1676,Morgan Hawkins,Cal State Bakersfield,D1,G,27,61.8,76,43.9,6.3,D1
1677,1677,Abigail Holtman,Mercer,D1,G,26,61.8,85.4,49.8,8.3,D1
1678,1678,Reese Ericson,Army,D1,G,34,61.8,87.2,48.1,8.6,D1
1679,1679,Grace Klag,Colgate,D1,F,30,61.8,99,41.5,10.8,D1
1680,1680,Claire Henson,Wright State,D1,G,32,61.8,99,47.7,11.2,D1
1681,1681,J'Adore Young,Ole Miss,D1,C,29,61.8,99,37.5,16.3,D1
1682,1682,Asha Sra,Charleston Southern,D1,G,27,61.8,86.8,47.5,8.9,D1
1683,1683,Mya Hansen,Boise State,D1,G,34,61.7,99,49,10.3,D1
1684,1684,J'Bionna Robinson,Northern Arizona,D1,G,32,61.7,98.8,33.5,13.8,D1
1685,1685,Merit Innocent,New Haven,D1,C,28,61.7,76.5,45.6,8.2,D1
1686,1686,Jeni Levine,UNC Greensboro,D1,G,31,61.7,99,46.7,14.6,D1
1687,1687,Avery Wagner,Purdue Fort Wayne,D1,F,35,61.7,94.4,30,13.4,D1
1688,1688,Mariah Clayton,Old Dominion,D1,F,31,61.7,99,35.4,13.2,D1
1689,1689,Xamiya Walton,Northwestern,D1,G,29,61.7,99,43.8,12.7,D1
1690,1690,Marissa Brown,Charleston,D1,G,33,61.7,99,40.8,11.2,D1
1691,1691,Alyssa Crockett,Michigan,D1,F,29,61.7,99,39.6,16.4,D1
1692,1692,Carla Baguda,Samford,D1,F,31,61.7,99,37.7,11.4,D1
1693,1693,Savannah Curry,Temple,D1,G,28,61.7,99,34.9,12.2,D1
1694,1694,Kristina Juric,Manhattan,D1,F,21,61.7,79.3,40.5,9.1,D1
1695,1695,Carly Keats,Southern Miss,D1,G,31,61.7,97.1,42.2,13.2,D1
1696,1696,Anaiah Jenkins,Radford,D1,F,38,61.6,95.4,40.6,11.5,D1
1697,1697,Olivia Klanac,Coastal Carolina,D1,G,18,61.6,85,42.5,11.9,D1
1698,1698,Reka Toman,Missouri,D1,F,25,61.6,81.5,42,11.4,D1
1699,1699,Gracyn Lovette,Lehigh,D1,G,29,61.6,72.3,43.7,6.6,D1
1700,1700,Emilie Sorensen,Northern Illinois,D1,G,30,61.6,72.7,44.7,8.2,D1
1701,1701,Latazia Williamson,Kennesaw State,D1,F,29,61.6,81.4,38.2,10.2,D1
1702,1702,Brianna Barnes,Maryland-Eastern Shore,D1,F,35,61.6,82,32.1,10.6,D1
1703,1703,Aisha Dabo,Hampton,D1,F,33,61.6,93.2,44.2,10,D1
1704,1704,Sophia Loden,Southern Indiana,D1,G,32,61.6,99,47.8,10.3,D1
1705,1705,Oliwia Pelka,Eastern Michigan,D1,F,24,61.6,99,38.2,14.1,D1
1706,1706,Shakara McCline,DePaul,D1,G,17,61.6,99,38.2,17.9,D1
1707,1707,Chauncey Andersen,UC Santa Barbara,D1,G,30,61.6,99,43.8,10.9,D1
1708,1708,Hallie Rhodes,San Diego,D1,G,29,61.6,90.3,32.9,11.8,D1
1709,1709,Grace Lanier,Georgia State,D1,G,31,61.6,99,30,17.6,D1
1710,1710,Jocelyne Grier,Boston College,D1,G,31,61.6,99,30,17.3,D1
1711,1711,Tessa Chaney,Utah Valley,D1,C,21,61.6,94.7,37.8,13.8,D1
1712,1712,Reniya Kelly,North Carolina,D1,G,23,61.6,99,40.4,12.2,D1
1713,1713,Jailah Pelly,Arkansas-Pine Bluff,D1,G,30,61.5,88.4,44.2,8.3,D1
1714,1714,Emily Foy,Saint Mary's,D1,G,20,61.5,71,45.7,6.6,D1
1715,1715,Zoe Stewart,Howard,D1,G,34,61.5,91.8,48.6,10.5,D1
1716,1716,Jayci Allen,Indiana State,D1,G,32,61.5,86.1,33.9,11.6,D1
1717,1717,Angelina Nice,Radford,D1,G,38,61.5,84.7,30,12.4,D1
1718,1718,Monet Dance,William & Mary,D1,G,31,61.5,76.2,45.2,6.6,D1
1719,1719,Emani Bennett,Kansas City,D1,G,28,61.5,99,43.3,13.3,D1
1720,1720,Aniah Smith,Jacksonville,D1,G,23,61.5,76.8,35.4,10.1,D1
1721,1721,Caitlin Frost,Stony Brook,D1,F,34,61.5,90.8,47.8,9.4,D1
1722,1722,Landon Forbes,Morehead State,D1,G,33,61.5,82.1,44.1,9.9,D1
1723,1723,Dymonique Maxie,UC San Diego,D1,G,33,61.5,75.3,45.5,6.8,D1
1724,1724,Taylor Barner,East Carolina,D1,G,30,61.5,99,36.5,12.7,D1
1725,1725,Hope Counts,Lipscomb,D1,F,30,61.5,79,45.3,8.7,D1
1726,1726,Olivia Owens,San Diego,D1,G,32,61.5,92.9,41.4,10.6,D1
1727,1727,Aaliyah Stanton,UC Riverside,D1,G,5,61.5,83.9,51.1,12,D1
1728,1728,Devin Hagemann,DePaul,D1,G,28,61.5,85.5,45.6,9,D1
1729,1729,Brecken Snotherly,High Point,D1,F,34,61.5,78.5,46.7,7.5,D1
1730,1730,Elizabeth Abiara,Sacramento State,D1,F,31,61.5,99,46.1,12,D1
1731,1731,Khylee Pepe,Long Beach State,D1,G,31,61.5,72.3,30.4,8.1,D1
1732,1732,Cici Hernandez,Mercyhurst,D1,G,32,61.4,92.8,42.8,9.7,D1
1733,1733,Khia Miller,Georgetown,D1,G,31,61.4,82,40.6,11,D1
1734,1734,Shaunice Reed,South Carolina State,D1,G,24,61.4,99,44.6,12.7,D1
1735,1735,Raimi McCrary,Incarnate Word,D1,F,29,61.4,99,46.8,10.7,D1
1736,1736,Reagan Bender,Louisville,D1,G,20,61.4,89.7,30,14.5,D1
1737,1737,Kenna Garza,Boise State,D1,C,31,61.4,99,42.4,16,D1
1738,1738,Kiki Roberts,Tennessee State,D1,F,29,61.4,80.9,47.4,7.4,D1
1739,1739,Eleecia Carter,UAB,D1,G,30,61.4,99,45.7,12.1,D1
1740,1740,Lena Bilic,UCLA,D1,G,32,61.4,99,43.8,15.8,D1
1741,1741,Cecilia Kay,Saint Joseph's,D1,F,32,61.4,95,40.5,13.6,D1
1742,1742,Fliss Henderson,Columbia,D1,G,28,61.4,74.3,42.5,8,D1
1743,1743,Kayla Cleaveland,Georgia Southern,D1,F,31,61.4,99,30,13.1,D1
1744,1744,Kiyah Lewis,Central Connecticut,D1,F,27,61.4,91.6,47.8,9,D1
1745,1745,Kamryn Wilson,Lamar,D1,G,31,61.3,81.5,35,10.7,D1
1746,1746,Brittani Wells,UT Martin,D1,G,30,61.3,99,50.4,10.4,D1
1747,1747,Macy Brown,Michigan,D1,G,30,61.3,98.9,38.7,14.7,D1
1748,1748,Masyn Marchbanks,Towson,D1,G,15,61.3,78.6,46.7,9.4,D1
1749,1749,Asjah Inniss,UL Monroe,D1,G,33,61.3,79.8,45.4,9.5,D1
1750,1750,Asta Blauenfeldt,Maine,D1,G,32,61.3,78.8,48.1,8.3,D1
1751,1751,Ava McGee,Boston College,D1,G,22,61.3,99,39.6,14.1,D1
1752,1752,Tiffany Barbosa,Portland,D1,G,35,61.3,84.2,36.1,11.6,D1
1753,1753,Kalia Walker,Alabama A&M,D1,G,28,61.3,90.6,48.1,9.3,D1
1754,1754,Jada Leonard,Cleveland State,D1,G,35,61.3,99,46.7,10,D1
1755,1755,Keira Hudson,New Mexico State,D1,G,31,61.3,95.2,30,15,D1
1756,1756,Diamond Wright,Grand Canyon,D1,G,26,61.3,89,30,13.9,D1
1757,1757,Jasmine Jones,West Georgia,D1,F,31,61.3,97.9,39.3,13.4,D1
1758,1758,Mackenzie Chatfield,Washington State,D1,G,34,61.3,81.3,35.7,11.6,D1
1759,1759,Heaven Samayoa-Mathis,UTEP,D1,G,30,61.2,92.9,41.2,9.9,D1
1760,1760,Marissa Gingrich,N.J.I.T.,D1,G,27,61.2,82,42.9,9.3,D1
1761,1761,Karyzma Pierre,North Florida,D1,F,30,61.2,86.6,36.3,10.1,D1
1762,1762,Darrionna Howard,North Carolina A&T,D1,F,26,61.2,81.6,44,9.6,D1
1763,1763,Ally Hollifield,Western Carolina,D1,G,29,61.2,99,45.2,10.5,D1
1764,1764,Ashton Elley,Miami (OH),D1,G,25,61.2,99,43.9,12.4,D1
1765,1765,Molly Ladwig,Arizona,D1,G,26,61.2,99,34.7,13.1,D1
1766,1766,Feryal Defne Atli,App State,D1,F,30,61.2,82.7,40.3,10.4,D1
1767,1767,Cassie Gallagher,South Carolina Upstate,D1,G,31,61.2,99,41.2,10.9,D1
1768,1768,Layla Gold,Oakland,D1,G,33,61.2,99,39,9.2,D1
1769,1769,Kaliya Perry,Maryland-Eastern Shore,D1,F,29,61.2,96.1,48.4,11.9,D1
1770,1770,Kailee McDonald,Fairleigh Dickinson,D1,G,35,61.2,99,47.5,9.3,D1
1771,1771,Gigi Gamble,Monmouth,D1,G,31,61.2,94.3,36.8,12.9,D1
1772,1772,Caroline Ducharme,UConn,D1,G,25,61.2,99,36.4,16.1,D1
1773,1773,Nalyce Dudley,Sacred Heart,D1,F,31,61.2,75.9,41.1,6.8,D1
1774,1774,Denver Anderson,Southern Utah,D1,F,32,61.1,99,37.5,13.6,D1
1775,1775,Carmen Taylor,Southeast Missouri State,D1,G,32,61.1,99,46.3,10.8,D1
1776,1776,Amyah Sutton,South Alabama,D1,G,35,61.1,96.3,31.8,12,D1
1777,1777,Aizhanique Mayo,DePaul,D1,G,21,61.1,99,32.1,16.8,D1
1778,1778,Helen Holley,San Diego,D1,F,32,61.1,74.6,48.2,7.7,D1
1779,1779,Kyra Perkins,Austin Peay,D1,G,32,61.1,99,42.6,14.1,D1
1780,1780,Clarke Jackson,Cornell,D1,G,27,61.1,83.3,46.7,8.5,D1
1781,1781,Zaniah Zellous,East Carolina,D1,F,32,61.1,88.5,37.3,11.7,D1
1782,1782,Shariah Baynes,Towson,D1,G,20,61.1,88.9,44.1,12.5,D1
1783,1783,Caia Loving,George Washington,D1,F,33,61.1,99,43.9,14.9,D1
1784,1784,Ciara Alexander,Campbell,D1,G,31,61.1,86.2,43.3,9.1,D1
1785,1785,Mekhia Chase,North Texas,D1,G,32,61.1,99,35.3,14.1,D1
1786,1786,Debreasha Powe,Ole Miss,D1,G,36,61.1,79.9,46.1,7.5,D1
1787,1787,Jenna Cook,Central Arkansas,D1,G,32,61.1,74,37.9,10.2,D1
1788,1788,Hila Karsh,Purdue,D1,G,30,61,95.7,39,13.2,D1
1789,1789,Tori Schlagel,South Dakota,D1,G,36,61,85.8,40,10.1,D1
1790,1790,Molly Masingale,Wofford,D1,G,24,61,99,49.2,11.3,D1
1791,1791,Mikayla Brown,Jackson State,D1,C,31,61,98.1,49.8,11.5,D1
1792,1792,Bre'Yon White,Wichita State,D1,F,32,61,92.5,37.4,9.8,D1
1793,1793,Keelie O'Hollaren,Air Force,D1,G,35,61,88.7,38,10.6,D1
1794,1794,Ellie Mjaanes,Lehigh,D1,F,12,61,98.3,46,16.8,D1
1795,1795,Ally Carman,Buffalo,D1,C,11,61,86,47.7,10.4,D1
1796,1796,Cassidy Geddes,William & Mary,D1,G,31,61,76.4,48.3,7.6,D1
1797,1797,Mahogany Cottingham,Delaware State,D1,G,8,61,73.2,39.5,9.2,D1
1798,1798,Brooke Fatupaito,Montana State,D1,G,18,61,84.3,41.7,12.3,D1
1799,1799,Chance Bucher,California Baptist,D1,G,25,61,78.5,46.6,8.2,D1
1800,1800,Kayla Lezama,Hampton,D1,G,32,61,99,42.2,12.1,D1
1801,1801,Gia Adams,Tarleton State,D1,G,31,61,87.8,46.1,12.2,D1
1802,1802,Lydie Mwamba,Liberty,D1,G,32,61,99,33,15.7,D1
1803,1803,Madison Ruff,Winthrop,D1,G,32,61,99,45.7,10.6,D1
1804,1804,Anilys Rolon,Charleston,D1,G,30,61,98.9,38,13.7,D1
1805,1805,Bella McLaughlin,Boston University,D1,G,29,61,77,36.4,8.3,D1
1806,1806,Sifa Joyeuse,Grand Canyon,D1,G,26,60.9,92.3,30,13.3,D1
1807,1807,Tatyonna Brown,Kansas,D1,F,16,60.9,84.3,45.5,10.6,D1
1808,1808,Olivia Brown,Wright State,D1,G,34,60.9,85.2,43.9,8.6,D1
1809,1809,Aliah McWhorter,Ohio,D1,G,30,60.9,91,43.6,10.7,D1
1810,1810,Hannah Dereje,Towson,D1,F,31,60.9,79,37.7,9.2,D1
1811,1811,Trystan James,UNLV,D1,F,26,60.9,76,45.4,8.1,D1
1812,1812,Aniyah Ruddock,Arkansas State,D1,G,37,60.9,99,40.9,13.8,D1
1813,1813,Mariah Elohim,UNLV,D1,G,32,60.9,95.9,42.3,10.2,D1
1814,1814,Meghan Casey,Binghamton,D1,G,33,60.9,99,49.1,10.1,D1
1815,1815,Allasia Washington,McNeese,D1,G,35,60.9,99,34.1,12.3,D1
1816,1816,Ann Zachariah,VCU,D1,F,30,60.8,86.4,34.1,11.1,D1
1817,1817,Jill Jekot,Saint Joseph's,D1,G,28,60.8,99,46.8,11.4,D1
1818,1818,Yasmine Djibril,Canisius,D1,F,29,60.8,93.3,43.9,8.8,D1
1819,1819,Carletta Bennett,Binghamton,D1,G,32,60.8,81,46,8.1,D1
1820,1820,Ava Renninger,Fairleigh Dickinson,D1,G,35,60.8,82.5,41.4,7.8,D1
1821,1821,Zuri Ransom,Ball State,D1,G,26,60.8,91,40.8,11.7,D1
1822,1822,Anyra Wilson,Nicholls,D1,G,31,60.8,82.4,47.9,7.3,D1
1823,1823,Ana Beatriz Passos Alves da Silva,Idaho,D1,G,35,60.8,79.9,46.4,7.3,D1
1824,1824,Ja'Mia Harris,Auburn,D1,G,32,60.8,88.8,30,12.8,D1
1825,1825,Rosie Akot,Long Beach State,D1,F,31,60.8,99,30,15.4,D1
1826,1826,Ellie Buzzelle,Green Bay,D1,G,35,60.8,83.1,43,9.8,D1
1827,1827,Kendall Sneed,Tulane,D1,G,25,60.8,83.2,30.8,11.3,D1
1828,1828,Maranda Nyborg,Bryant,D1,F,31,60.8,77.5,42.8,7.4,D1
1829,1829,Kali Howard,Jacksonville,D1,F,13,60.8,74.1,38.4,8.3,D1
1830,1830,Arek Angui,Auburn,D1,C,20,60.8,92.4,37.5,14.8,D1
1831,1831,Teagan Colvin,UNLV,D1,G,22,60.8,99,36.9,15.3,D1
1832,1832,Aalyah Del Rosario,Vanderbilt,D1,C,21,60.7,99,44.4,11.9,D1
1833,1833,Alyssa Hargrove,New Mexico,D1,G,32,60.7,79.4,45.2,8.9,D1
1834,1834,Mia Mancini,Bryant,D1,G,31,60.7,81.9,42.9,9.7,D1
1835,1835,Ariel Jefferson,Mississippi Valley State,D1,F,31,60.7,86.6,45.6,8.9,D1
1836,1836,Alexia Nelson,Saint Louis,D1,G,33,60.7,99,45,11.5,D1
1837,1837,Rylie Whitehair,UT Rio Grande Valley,D1,F,24,60.7,99,30,16,D1
1838,1838,Izzy Adams,Bryant,D1,G,31,60.7,88.8,43.9,11,D1
1839,1839,Drew Alexander,Temple,D1,G,31,60.7,99,30,16.1,D1
1840,1840,Emani Burks,Nicholls,D1,F,31,60.7,86.1,37.9,8.3,D1
1841,1841,Karinna Trotter,Oakland,D1,F,24,60.7,93.6,44.5,12.1,D1
1842,1842,Grace Carstensen,Florida Atlantic,D1,G,32,60.7,98.4,43,11.3,D1
1843,1843,Danielle Cameron,Youngstown State,D1,G,37,60.7,80.5,42.6,8.3,D1
1844,1844,Sam Dewey,Richmond,D1,F,34,60.7,87.3,45,10.3,D1
1845,1845,Brooklyn McDaniel,Jacksonville State,D1,F,30,60.7,79.4,43.9,8.8,D1
1846,1846,Makayla Jackson,Detroit-Mercy,D1,G,29,60.6,73.5,40.3,7.3,D1
1847,1847,Jayda Brown,Tulane,D1,G,31,60.6,90,34.6,11,D1
1848,1848,Makiya Miller,Jacksonville,D1,G,33,60.6,79.1,32.6,8.5,D1
1849,1849,Kennedy Austin,UMBC,D1,G,30,60.6,88.2,44.7,12.2,D1
1850,1850,Marlie Dickerson,Arkansas State,D1,G,31,60.6,99,40.5,12.9,D1
1851,1851,Alana Shetlar,Oral Roberts,D1,G,27,60.6,99,39.1,11.9,D1
1852,1852,Jzaniya Harriel,SMU,D1,G,17,60.6,76.4,44.9,8.9,D1
1853,1853,Kayla Lorenz,UT Rio Grande Valley,D1,G,32,60.6,99,37.5,11.4,D1
1854,1854,Izzy Callaway,Akron,D1,G,31,60.6,99,30,14.5,D1
1855,1855,Alyssa Bartlett,South Dakota,D1,G,23,60.6,99,43.8,13.5,D1
1856,1856,Sofia Wilson,Mercyhurst,D1,G,32,60.6,69.6,33.8,8,D1
1857,1857,Lexie Tarul,Marist,D1,G,31,60.6,81.6,49.1,7.1,D1
1858,1858,Erica Moon,Georgia Tech,D1,G,33,60.6,89.1,38,12.1,D1
1859,1859,CC Mays,Tulane,D1,G,27,60.6,83.8,34.3,10.9,D1
1860,1860,Taylor Johnson,Central Michigan,D1,C,27,60.6,86.3,43.7,10.4,D1
1861,1861,Yakiya Milton,USC,D1,F,16,60.5,99,33.5,20.8,D1
1862,1862,Sydney Burris,Coppin State,D1,F,33,60.5,91.7,36.1,13.2,D1
1863,1863,Jordan Jackson,Houston Christian,D1,G,29,60.5,86.7,46.3,9.3,D1
1864,1864,Tyja Beans,Charleston,D1,G,33,60.5,99,32.3,14.1,D1
1865,1865,Kendal Brueggen,Missouri State,D1,G,36,60.5,93.8,42.7,13.2,D1
1866,1866,Monica Williams,Ohio,D1,G,31,60.5,98.9,39.9,12.7,D1
1867,1867,Jorynn Ross,Houston,D1,F,25,60.5,99,30.4,14.3,D1
1868,1868,Rayne Durant,Howard,D1,F,34,60.5,99,44.8,11.3,D1
1869,1869,Ava Hawthorne,Drake,D1,G,32,60.5,79.2,42.9,9.1,D1
1870,1870,Alex-Anne Bessette,Loyola Chicago,D1,G,33,60.5,78.7,37.8,10.8,D1
1871,1871,Jaeda Wilson,George Washington,D1,G,35,60.5,98.2,40.8,11.8,D1
1872,1872,JaKayla Thompson,Liberty,D1,G,32,60.5,99,41.3,10.7,D1
1873,1873,Zsofia Telegdy,Western Kentucky,D1,F,29,60.5,82.4,43.8,9.2,D1
1874,1874,Rosa Smith,UC San Diego,D1,G,32,60.5,91.8,48.7,9.9,D1
1875,1875,Haya Abdel Aal,Bellarmine,D1,C,23,60.5,93.9,38.9,12.3,D1
1876,1876,Kylee Watson,Villanova,D1,F,24,60.5,94.1,37,13,D1
1877,1877,Hailee Brennen,New Orleans,D1,F,30,60.5,99,44.8,13.6,D1
1878,1878,J'Unti Franklin,East Texas A&M,D1,G,21,60.4,97.2,46.8,12.6,D1
1879,1879,Angela Carroll,Texas State,D1,F,30,60.4,93.3,43.1,11.5,D1
1880,1880,Kendall Eddy,Holy Cross,D1,G,33,60.4,87.6,39.7,10,D1
1881,1881,Ella Corry,Buffalo,D1,G,29,60.4,89.4,30,10.1,D1
1882,1882,Bella Hays,Eastern Washington,D1,C,27,60.4,97.6,41,11.9,D1
1883,1883,Kylah Silver,UNC Wilmington,D1,G,31,60.4,85.1,44.8,8.5,D1
1884,1884,Madison Cockrell,Incarnate Word,D1,G,26,60.4,88.7,30,10.9,D1
1885,1885,Devin Coppinger,Washington,D1,G,33,60.4,80.4,34,10.9,D1
1886,1886,Dally Moreno,Howard,D1,F,32,60.4,99,40,12.3,D1
1887,1887,Casey Valenti-Paea,Grand Canyon,D1,G,23,60.4,92.7,33.5,13.2,D1
1888,1888,Agar Farrés Garcia,Manhattan,D1,F,31,60.4,77.1,50.8,6.5,D1
1889,1889,Maddie Heiss,Wofford,D1,G,31,60.4,99,45.2,10.7,D1
1890,1890,Ines Bettencourt,Gonzaga,D1,G,33,60.4,99,36.2,13,D1
1891,1891,Emily Howard,Boise State,D1,C,27,60.4,80.8,40.9,10.1,D1
1892,1892,Taylor Ross,SE Louisiana,D1,F,20,60.4,93.7,38.2,12.8,D1
1893,1893,Grace Billington,UT Martin,D1,G,30,60.4,99,41.9,13.7,D1
1894,1894,Sydney Benally,BYU,D1,G,38,60.4,92.6,39,12.2,D1
1895,1895,McKayla Miller,Lipscomb,D1,G,29,60.4,90,51.7,7.6,D1
1896,1896,Nya Epps,UC Davis,D1,G,35,60.4,84.8,40.1,10.2,D1
1897,1897,Maddy Fay,Southern Indiana,D1,F,27,60.4,99,41.3,12.4,D1
1898,1898,Taye Matthews,Colgate,D1,G,28,60.4,87.7,30,14.4,D1
1899,1899,Lameria Thomas,Austin Peay,D1,F,29,60.4,74.1,45.3,6.3,D1
1900,1900,Sarai Estupiñan,Omaha,D1,G,33,60.3,90.9,30,14,D1
1901,1901,Alaina Payne,Little Rock,D1,G,31,60.3,72.6,48.4,5.3,D1
1902,1902,Hannah Ronsiek,Colorado State,D1,G,35,60.3,85.4,45.8,9.2,D1
1903,1903,Sh'Diamond McKnight,Nicholls,D1,G,31,60.3,99,34.4,14.7,D1
1904,1904,Soraya Ogaldez,North Florida,D1,G,23,60.3,84.7,35.1,13.4,D1
1905,1905,Jenna Hopp,South Dakota,D1,G,33,60.3,81.2,43.8,8.4,D1
1906,1906,Zoe Mesuch,Navy,D1,G,31,60.3,90.6,37.8,10.2,D1
1907,1907,Preslee Hartsock,Oral Roberts,D1,G,27,60.3,99,31.8,15.4,D1
1908,1908,Saniah Tyler,Missouri,D1,G,30,60.3,97.4,32.2,13.7,D1
1909,1909,Aurora Sorbye,Wake Forest,D1,G,32,60.3,82.6,30,10.9,D1
1910,1910,Kamari Sims,George Washington,D1,G,36,60.3,89.2,43.2,9.8,D1
1911,1911,Reina Green,Duquesne,D1,G,32,60.3,91.3,47.4,8.6,D1
1912,1912,Kiley Capstraw,Yale,D1,F,25,60.3,89,49.5,9.1,D1
1913,1913,Da'Brya Clark,Norfolk State,D1,G,33,60.3,99,36.8,13.5,D1
1914,1914,Paige Bradley,Coastal Carolina,D1,G,24,60.3,99,45.8,10.4,D1
1915,1915,Julia Wilson,Gonzaga,D1,G,31,60.3,86.1,44.6,10.1,D1
1916,1916,Amani Jenkins,Virginia Tech,D1,F,15,60.3,75.4,51,6.6,D1
1917,1917,Ella Weaver,Toledo,D1,G,32,60.3,86.8,36.1,10.8,D1
1918,1918,Izela Arenas,Kansas State,D1,G,24,60.3,95,33,19,D1
1919,1919,Keiara Curtis,Hawaii,D1,G,34,60.3,92.9,35.9,12.6,D1
1920,1920,Maisie Crowley,UMBC,D1,F,15,60.2,99,43.4,15,D1
1921,1921,Ndidiamaka Ndukwe,Eastern Kentucky,D1,G,34,60.2,99,30,14.1,D1
1922,1922,Ayanna Franks,Massachusetts,D1,G,30,60.2,76.7,40.9,7.8,D1
1923,1923,Brooklynn Felchle,South Dakota State,D1,F,31,60.2,87.6,40.9,11.2,D1
1924,1924,Aga Makurat,Vanderbilt,D1,G,31,60.2,99,40.7,14.7,D1
1925,1925,Molly Driscoll,American University,D1,G,29,60.2,87,46.1,10.1,D1
1926,1926,Ariella Henigan,Howard,D1,G,32,60.2,99,36.8,12.5,D1
1927,1927,Kya Pearson,Cal State Fullerton,D1,G,32,60.2,78.6,38.6,9.4,D1
1928,1928,Taliah Hill,Lamar,D1,F,26,60.2,72.1,46.5,7.2,D1
1929,1929,Georgi Buzzetti,North Florida,D1,F,30,60.2,73.1,44,7.3,D1
1930,1930,Grace Pack,Western Carolina,D1,C,24,60.2,78.3,30,10.3,D1
1931,1931,Amira Brown,San Jose State,D1,G,26,60.2,85.2,41.6,9.4,D1
1932,1932,Amy Kurkowski,Saint Mary's,D1,G,33,60.2,99,40.5,11.1,D1
1933,1933,Jasmine Jordan,Eastern Kentucky,D1,F,22,60.2,99,42.2,14.6,D1
1934,1934,Ariana Wilkes,Western Michigan,D1,F,28,60.1,87.1,41.6,10.7,D1
1935,1935,Malia Samuels,USC,D1,G,30,60.1,99,42.5,13.3,D1
1936,1936,Dionna Gray,Kent State,D1,G,32,60.1,99,39.5,10.4,D1
1937,1937,Aiyanna Perkins,Massachusetts,D1,G,30,60.1,99,39.9,12.2,D1
1938,1938,Ariadna Termis,Georgia Tech,D1,C,33,60.1,81.1,46.6,7.6,D1
1939,1939,Jakiylah Esco,Grambling,D1,C,22,60.1,75.3,41.7,7.6,D1
1940,1940,Sydney Lusher,New Hampshire,D1,G,17,60.1,75,48.3,8.8,D1
1941,1941,Allia von Schlegell,Valparaiso,D1,G,32,60.1,89.4,35.6,10.8,D1
1942,1942,Jael Butler,Morgan State,D1,C,23,60.1,94.1,30,13.6,D1
1943,1943,Jaini Edmonds,Umass Lowell,D1,G,30,60.1,80.8,47.6,8.4,D1
1944,1944,Lauren Lee,Purdue Fort Wayne,D1,G,37,60.1,71.7,30,8.8,D1
1945,1945,Stephanie Mosley,Louisiana,D1,F,32,60.1,99,30.9,13.8,D1
1946,1946,Hannah Robbins,Weber State,D1,G,33,60.1,99,33.5,11.8,D1
1947,1947,Alisha Murray,Grambling,D1,G,23,60.1,99,44.4,13,D1
1948,1948,Gianni Boone,Campbell,D1,G,32,60.1,81.3,44.3,7.5,D1
1949,1949,Feliah Greer,South Carolina State,D1,C,20,60.1,82.3,33,12.6,D1
1950,1950,Benthe Versteeg,Sacramento State,D1,G,33,60.1,85.9,37.8,9.2,D1
1951,1951,TuTu Clayton,UIC,D1,G,32,60.1,81.3,45.8,8.7,D1
1952,1952,Caya Smith,Oklahoma,D1,F,34,60.1,99,35.5,17,D1
1953,1953,Alaina Nettles,Charleston Southern,D1,G,13,60,77,48.1,7.9,D1
1954,1954,Zoe Best,Charlotte,D1,G,32,60,83,41.4,10.8,D1
1955,1955,Laila Jewett,Georgetown,D1,G,31,60,99,36.6,12.9,D1
1956,1956,Jordan Hunter,Memphis,D1,G,27,60,99,47.1,10.6,D1
1957,1957,Maggie Hutka,Montana,D1,F,15,60,92.8,42.8,11.2,D1
1958,1958,Keandra Koorits,Washington State,D1,G,34,60,90.3,32,12.1,D1
1959,1959,Ashlee Shaw,Elon,D1,G,28,60,99,36.1,14,D1
1960,1960,Jakoriah Long,Tarleton State,D1,G,31,60,74.8,30,10.3,D1
1961,1961,Jarahle Daniels,Little Rock,D1,G,29,60,98.9,38.9,16.7,D1
1962,1962,Amanda Muse,UCLA,D1,F,33,60,83.2,43.7,9.2,D1
1963,1963,Brianna Wooldridge,Tennessee State,D1,F,23,60,69.5,43.8,7.4,D1
1964,1964,Tyrielle Williams,VCU,D1,G,25,60,83.7,43.2,9.8,D1
1965,1965,Taysha Rushton,Northern Kentucky,D1,G,34,60,99,44.3,11.8,D1
1966,1966,Solangelei Akridge,Long Island University,D1,G,32,60,86.5,49.8,8.7,D1
1967,1967,Mariah Knight,Jacksonville,D1,F,26,60,85.6,42.5,12,D1
1968,1968,Seleh Harmon,Pepperdine,D1,G,35,60,86,40.7,11,D1
1969,1969,Jenessa Cotton,Kansas State,D1,F,24,59.9,92.3,33.1,12.2,D1
1970,1970,Taylor Bowen,Lipscomb,D1,G,30,59.9,99,47.4,10.6,D1
1971,1971,Hailey Weaver,Nebraska,D1,G,31,59.9,85.5,33.9,12.8,D1
1972,1972,Brillana Boyd,St. Bonaventure,D1,F,33,59.9,99,41.6,13.3,D1
1973,1973,Taleiyah Gibbs,Texas State,D1,G,30,59.9,84.9,30,13.1,D1
1974,1974,Bethany Graves,SE Louisiana,D1,F,22,59.9,99,39.2,15.4,D1
1975,1975,Olivia Porter,Marquette,D1,G,22,59.9,95.4,42.6,13,D1
1976,1976,Mia Hammonds,UTSA,D1,G,35,59.9,82.4,32,10,D1
1977,1977,Grace O'Gara,West Georgia,D1,G,30,59.9,95.8,30,11.3,D1
1978,1978,Maddie Naro,UC Santa Barbara,D1,G,27,59.8,80.2,49.5,7.1,D1
1979,1979,Destiny Thomas,Murray State,D1,G,26,59.8,99,47.1,10.5,D1
1980,1980,Luisa Anderegg,Pacific,D1,F,29,59.8,99,37.4,12.5,D1
1981,1981,McKenna Johnson,Butler,D1,G,24,59.8,86.7,30,15.1,D1
1982,1982,Zakiya Stephenson,James Madison,D1,G,35,59.8,99,30,12.7,D1
1983,1983,Desiree Smith,Mississippi Valley State,D1,F,19,59.8,93.9,47.1,10.1,D1
1984,1984,Kortney Doman,Southern Utah,D1,G,32,59.8,87.6,50.8,9.2,D1
1985,1985,Aaliyah McQueen,Detroit-Mercy,D1,G,21,59.8,73.7,46.4,7.8,D1
1986,1986,Nevaeh Zavala,High Point,D1,F,32,59.8,91.2,41.2,10.4,D1
1987,1987,Jelena Savic,Evansville,D1,G,35,59.8,75.7,38.5,8.6,D1
1988,1988,Sandra Frau Garcia,Stony Brook,D1,G,33,59.8,89.2,49.3,7.9,D1
1989,1989,Safi Kolliegbo,Delaware,D1,G,28,59.8,86.3,41.9,8.6,D1
1990,1990,D'Arrah Allen,Arkansas State,D1,G,36,59.8,99,35.3,17.3,D1
1991,1991,Mia Jordan,Northern Kentucky,D1,F,34,59.8,87.2,40.7,10.3,D1
1992,1992,Anna Rosenberger,Denver,D1,C,25,59.8,78,48.1,7.9,D1
1993,1993,Nahawa Diarra,Mercer,D1,G,29,59.8,79.1,48.5,6.4,D1
1994,1994,Aimée Michel,Rhode Island,D1,C,27,59.8,99,43.2,16.1,D1
1995,1995,Marta Leimane,Colorado State,D1,G,35,59.7,99,36.7,12.4,D1
1996,1996,Nalani Kaysia,Providence,D1,F,21,59.7,99,34.6,13.7,D1
1997,1997,Gabby Jackson,North Alabama,D1,G,31,59.7,97.8,46.6,9.5,D1
1998,1998,Saige Stahl,Purdue,D1,F,24,59.7,90.9,43.3,12,D1
1999,1999,Olivia Young,Brown,D1,G,27,59.7,76,46.2,7.8,D1
2000,2000,Lily Ba,Louisiana,D1,C,32,59.7,78.3,38.8,9.2,D1
2001,2001,Diann Jackson,Buffalo,D1,F,30,59.7,72.1,35.9,7.9,D1
2002,2002,Kate Allard,Boston University,D1,F,16,59.7,80.8,43.1,9.6,D1
2003,2003,Destinee Salgado,Little Rock,D1,F,31,59.7,74.6,38.7,9.5,D1
2004,2004,Jasmynne Gibson,UCF,D1,F,21,59.7,82.8,43.4,10.8,D1
2005,2005,Ja'nya Polk,Prairie View A&M,D1,C,23,59.7,82.2,44.6,8.6,D1
2006,2006,Júlia Puente-Valverde,UC Santa Barbara,D1,F,30,59.7,74.2,49.6,5.8,D1
2007,2007,Jordan Webster,Texas A&M-CC,D1,G,22,59.7,96.2,30,17.6,D1
2008,2008,Kaylinn Bethea,Saint Joseph's,D1,G,28,59.7,88.7,35.2,13.5,D1
2009,2009,Mya Wardle,Bradley,D1,G,33,59.7,83.5,47.8,8.7,D1
2010,2010,Khadee Hession,Georgetown,D1,G,29,59.7,99,45,13.1,D1
2011,2011,Naima Diawara,Detroit-Mercy,D1,F,27,59.7,89.8,44.9,10.4,D1
2012,2012,Kadynce Couture,Montana State,D1,G,35,59.7,99,30,14.6,D1
2013,2013,Cyriah Griffin,VCU,D1,G,31,59.7,84.2,33.4,12.5,D1
2014,2014,Dorka Kastl,Yale,D1,F,16,59.7,81.6,50.1,7.6,D1
2015,2015,Ellie McDermid,Bradley,D1,F,33,59.7,79.1,39.5,8.4,D1
2016,2016,Amina Gray,Gardner-Webb,D1,G,31,59.7,76.5,34.1,9.6,D1
2017,2017,Jeanne Rodriguez,UT Arlington,D1,C,30,59.7,99,44.6,12.4,D1
2018,2018,Naomy Zonzon-Huyghe,UC Irvine,D1,G,32,59.7,94,34.4,10.9,D1
2019,2019,Keona McGee,Chicago State,D1,G,32,59.7,76.9,37,8.2,D1
2020,2020,Cori Allen,Memphis,D1,G,31,59.7,97.1,43.1,9.2,D1
2021,2021,Jestiny Dixon,Southern,D1,G,33,59.7,96.2,34.6,11.3,D1
2022,2022,Paloma Garcia,Merrimack,D1,G,31,59.7,84.7,43.9,9.9,D1
2023,2023,Clare Meyer,Dartmouth,D1,F,27,59.6,78,44.2,9.2,D1
2024,2024,Bella Toomey,Fairleigh Dickinson,D1,F,35,59.6,90.8,47.7,9.5,D1
2025,2025,Gabrielle Johnson,Morgan State,D1,G,20,59.6,95.7,34.9,14.9,D1
2026,2026,Journee McDaniel,UNC Asheville,D1,G,29,59.6,88.7,38.7,9.7,D1
2027,2027,Reagan Wilson,Iowa State,D1,G,27,59.6,88.8,46.4,12.4,D1
2028,2028,Anna Hager,High Point,D1,G,34,59.6,99,44.3,10.1,D1
2029,2029,Brooke Paquette,Stonehill,D1,G,30,59.6,88.2,44.7,7.9,D1
2030,2030,Briana Rivera,Samford,D1,G,35,59.6,99,49.2,8.8,D1
2031,2031,Jailah Donald,St. John's,D1,G,33,59.6,99,45.7,11,D1
2032,2032,Zawadi Ogot,Loyola Marymount,D1,G,31,59.6,90.8,40.3,12.7,D1
2033,2033,Tuana Coskun,Bucknell,D1,F,28,59.6,99,50.8,9.2,D1
2034,2034,Kimmie Hicks,Loyola Maryland,D1,G,22,59.6,83.9,44.3,9.8,D1
2035,2035,Addisen Sulikowski,New Haven,D1,F,29,59.6,92.3,48.4,10.8,D1
2036,2036,Tegan Young,UC Davis,D1,F,35,59.6,83.6,48.8,7.7,D1
2037,2037,Jermesha Frierson,Delaware State,D1,G,28,59.5,98.2,38.3,9.9,D1
2038,2038,Ashley Dinges,Providence,D1,F,33,59.5,88.5,41.3,10.4,D1
2039,2039,Savannah Henderson,Georgia,D1,G,28,59.5,89.9,35.2,11.3,D1
2040,2040,Chisom Oguego,Lamar,D1,G,23,59.5,81.3,41.7,9.7,D1
2041,2041,Miriam Ibezim,SMU,D1,F,31,59.5,86.5,30,14,D1
2042,2042,Mya Skoff,Lindenwood,D1,G,33,59.5,84.9,47.6,8.8,D1
2043,2043,Aniya Palmer,Alabama A&M,D1,F,34,59.5,99,38.3,9.7,D1
2044,2044,Gabriela Falcão,Albany,D1,C,30,59.5,78.8,38.9,7.6,D1
2045,2045,Summer Davis,Georgetown,D1,G,27,59.5,99,30,18.4,D1
2046,2046,Jami Hill,Charleston,D1,G,25,59.5,99,43.2,12.7,D1
2047,2047,Page Greenburg,George Mason,D1,G,28,59.5,96.2,44.3,12.2,D1
2048,2048,Alva Hedrich,East Texas A&M,D1,F,30,59.5,81.7,45.8,9.5,D1
2049,2049,Eryn McKinzie,SE Louisiana,D1,G,15,59.5,86.6,30,12.9,D1
2050,2050,Vitoria Carvalho,Jacksonville State,D1,F,16,59.5,72.4,41.7,8.9,D1
2051,2051,Ysabella Von Seipler,San Diego,D1,G,17,59.5,87,41.6,11,D1
2052,2052,Jaylia Reed,Southern,D1,G,34,59.5,80.9,50.7,7.2,D1
2053,2053,Lauren Banks,New Orleans,D1,G,30,59.5,83.5,41.5,8.9,D1
2054,2054,Claudia Frances,Kansas City,D1,F,15,59.5,94.7,49.5,11.3,D1
2055,2055,Daija Preston,VCU,D1,G,23,59.4,90.3,41.1,11.2,D1
2056,2056,Grace Nelson,Illinois State,D1,G,38,59.4,89.8,41.7,11.4,D1
2057,2057,Ameerah Grant,UC Irvine,D1,G,33,59.4,99,41.5,11.8,D1
2058,2058,Aaryn Battle,Hampton,D1,G,25,59.4,99,40.7,12.4,D1
2059,2059,D'Yanis Jimenez,Coastal Carolina,D1,G,28,59.4,79.1,41.3,10.2,D1
2060,2060,Kaniya Boyd,Tennessee,D1,G,26,59.4,88.4,42.3,10.8,D1
2061,2061,Airah Lavy,Florida Gulf Coast,D1,G,21,59.4,99,34.5,12.5,D1
2062,2062,Grace Foster,Utah,D1,G,32,59.4,99,30,17.5,D1
2063,2063,Zoe Shaw,UC Santa Barbara,D1,G,30,59.4,89.3,37.5,11.2,D1
2064,2064,Damara Allen,UTSA,D1,G,35,59.4,74.9,43,7,D1
2065,2065,Laia Monclova,Denver,D1,G,31,59.4,99,31.7,14,D1
2066,2066,Virginia Edmondson,Northern Iowa,D1,G,18,59.4,79.5,45.3,8.2,D1
2067,2067,Lynn Peters,Liberty,D1,C,32,59.4,99,39,15.2,D1
2068,2068,Mackenzie Blackford,Duquesne,D1,G,32,59.4,99,44.2,11.1,D1
2069,2069,Bria Watkins,Drexel,D1,G,18,59.4,76.1,42.7,9.5,D1
2070,2070,Ellie Pingree,American University,D1,F,19,59.4,71.1,44.4,7.9,D1
2071,2071,Maria Serracanta,Northern Illinois,D1,G,30,59.4,87.1,47.2,7.7,D1
2072,2072,Tamara Ortiz,South Alabama,D1,G,33,59.4,76.3,42.6,9.6,D1
2073,2073,Brooklin Dailey,Drake,D1,G,31,59.3,87.7,41.1,11.5,D1
2074,2074,Talia Kemp,Mercer,D1,G,30,59.3,99,37.7,11.8,D1
2075,2075,Ayla McDowell,South Carolina,D1,G,36,59.3,99,38.8,12.6,D1
2076,2076,Louann Battiston,Rice,D1,G,35,59.3,86.6,36.4,12.1,D1
2077,2077,Caylee Simpson,Alabama State,D1,G,33,59.3,88.3,40.6,10.1,D1
2078,2078,Braxcynn Baker,Murray State,D1,G,35,59.3,87.2,38.6,11.4,D1
2079,2079,Lillian Merow,Omaha,D1,C,26,59.3,94.4,30,13.9,D1
2080,2080,Norah Gessert,Creighton,D1,G,30,59.3,87.9,31.9,12.2,D1
2081,2081,Cerina Rolle,Florida Gulf Coast,D1,G,32,59.3,99,47.9,9.1,D1
2082,2082,Emilie Bessell,Davidson,D1,G,32,59.3,95.6,35.8,13.1,D1
2083,2083,Emma Blair,South Carolina Upstate,D1,F,32,59.3,85.1,42.8,10.4,D1
2084,2084,Martina Borrellas,Albany,D1,G,30,59.3,92.3,33.8,11.6,D1
2085,2085,Ella Pelletier,Stonehill,D1,G,30,59.3,66.4,45.7,5,D1
2086,2086,Vivien Nejašmic,Xavier,D1,G,30,59.3,99,36.5,12.7,D1
2087,2087,Athena Tomlinson,Boston College,D1,G,31,59.3,80.8,36.6,10.5,D1
2088,2088,Maddie Rice,Umass Lowell,D1,G,25,59.2,99,46.9,10.9,D1
2089,2089,Isobel Bunyan,Montana State,D1,G,35,59.2,99,33.4,11,D1
2090,2090,Kionna Gaines,Long Island University,D1,G,31,59.2,99,42.6,10.2,D1
2091,2091,Sephora Kayolo,New Orleans,D1,F,16,59.2,76.7,39.7,10.4,D1
2092,2092,Jess Ross,Massachusetts,D1,F,24,59.2,72,46.4,7.2,D1
2093,2093,Chloe Sterling,Hofstra,D1,G,27,59.2,84,39.5,8.7,D1
2094,2094,Kayla Cooper,Southern Illinois,D1,G,30,59.2,76.8,46.2,7.3,D1
2095,2095,Indya Davis,Georgetown,D1,G,22,59.2,99,43.4,10.9,D1
2096,2096,Ivane Tensaie,UTEP,D1,G,30,59.2,75.6,30,9.3,D1
2097,2097,Kailyn Fields,Kennesaw State,D1,G,20,59.2,80.5,39.5,9.6,D1
2098,2098,Reagan Hurst,Tennessee Tech,D1,G,27,59.2,90.9,39.5,8.8,D1
2099,2099,Anala Nelson,East Tennessee State,D1,G,31,59.2,79.5,33.6,10.2,D1
2100,2100,Grace O'Neill,Drexel,D1,G,32,59.2,72.4,37.7,6.3,D1
2101,2101,Crystal Ortiz,UIC,D1,G,31,59.2,81.9,42,10.2,D1
2102,2102,Leah Crosby,Fairleigh Dickinson,D1,F,35,59.2,99,45,9.4,D1
2103,2103,Kyera Thornsbury,Jacksonville State,D1,G,30,59.2,76.7,36.7,9.4,D1
2104,2104,Camryn Collins,Northeastern,D1,G,28,59.1,79.3,44.4,8.3,D1
2105,2105,Fantasia James,Florida International,D1,G,29,59.1,99,36.5,11.8,D1
2106,2106,Kyra Bruyndoncx,Davidson,D1,G,30,59.1,99,42.2,13.3,D1
2107,2107,LaMiracle Lebon,Pacific,D1,F,12,59.1,71.6,45.2,7.3,D1
2108,2108,Shameir Quimby,Florida Gulf Coast,D1,G,22,59.1,91.2,34.1,13.3,D1
2109,2109,Aretha Linger,Presbyterian,D1,G,7,59.1,77.4,51.5,7.8,D1
2110,2110,Hana Mühl,Manhattan,D1,G,31,59.1,78.6,32.5,8.6,D1
2111,2111,Cam Ward,UT Martin,D1,F,28,59.1,77.7,43.4,9.3,D1
2112,2112,Izzy Pugh,Milwaukee,D1,F,23,59.1,99,39.1,16,D1
2113,2113,Gwendlyn McGrew,Incarnate Word,D1,G,25,59.1,75.1,36.2,8.9,D1
2114,2114,Mari Gerton,Florida State,D1,G,25,59.1,99,30,16.4,D1
2115,2115,Ivory Finley,Pepperdine,D1,G,33,59.1,87.9,34.2,11.2,D1
2116,2116,Calyn Dallas,Utah Tech,D1,G,29,59.1,80.8,43.5,9.8,D1
2117,2117,Ronaltha Marc,South Alabama,D1,G,35,59,99,33.8,13.4,D1
2118,2118,Kennedy Gillette,Montana,D1,G,31,59,94.1,36.7,11.2,D1
2119,2119,Melesungu Afeaki,Saint Mary's,D1,F,34,59,78.2,42.1,10,D1
2120,2120,Sydney Huber,Evansville,D1,G,35,59,73,43,7,D1
2121,2121,Allison Clarke,Loyola Marymount,D1,G,24,59,95.5,39.4,12.9,D1
2122,2122,Kristina Ekofo,Rider,D1,F,29,59,78.7,45.1,8.2,D1
2123,2123,Alexandra Eldredge,Dartmouth,D1,G,27,59,99,34.6,14.1,D1
2124,2124,Jana Falsdottir,Cal State Fullerton,D1,G,28,59,95.6,40.3,11.9,D1
2125,2125,Enjulina Gonzalez,Georgia,D1,G,32,59,97.4,38.3,14.1,D1
2126,2126,Zaria Harleaux,Mount St. Mary's,D1,F,17,59,99,46,13.3,D1
2127,2127,Nina Horvath,East Texas A&M,D1,G,30,59,87.1,46,9,D1
2128,2128,Braeden Gunlock,BYU,D1,F,29,59,99,44.3,13,D1
2129,2129,T'Aaliyah Miner,Lamar,D1,G,30,59,92.9,44.2,11.6,D1
2130,2130,Leilani Guion,Troy,D1,G,33,59,99,38.8,14.7,D1
2131,2131,Paris Lauro,Weber State,D1,F,33,58.9,99,35.6,12.8,D1
2132,2132,Kailyn Nash,Morgan State,D1,G,24,58.9,84,40.9,10.2,D1
2133,2133,Zhen Verburgt,Ball State,D1,F,30,58.9,99,40.7,12.5,D1
2134,2134,Kaila Berry,Fordham,D1,F,28,58.9,76.4,40.9,8.8,D1
2135,2135,Sa'lah Hemingway,Howard,D1,F,34,58.9,85.9,46.8,9.4,D1
2136,2136,Ajok Madol,Dayton,D1,G,31,58.9,87.8,32.4,12.6,D1
2137,2137,Kristina Ouimette,Green Bay,D1,G,37,58.9,77.5,32,9.7,D1
2138,2138,Mary Hollensteiner,Harvard,D1,F,31,58.9,99,38.7,15.7,D1
2139,2139,Jada Lee,Robert Morris,D1,G,32,58.9,73.9,42.9,6.1,D1
2140,2140,Lauryn Madsen,UC Irvine,D1,G,33,58.9,71.9,50.3,5.8,D1
2141,2141,Teodora Ivanovic,Mount St. Mary's,D1,F,17,58.9,73.9,41.6,9.4,D1
2142,2142,Anna Lassan,Detroit-Mercy,D1,F,28,58.9,99,46.5,11.2,D1
2143,2143,Tamia Perryman,Bradley,D1,G,32,58.9,84.4,36.4,9.6,D1
2144,2144,Ale'jah Douglas,Grand Canyon,D1,G,32,58.9,85.1,41.2,13,D1
2145,2145,Loghan Johnson,West Virginia,D1,G,24,58.9,95.2,31.9,14.6,D1
2146,2146,Elise Livingston,Utah State,D1,G,30,58.9,82.8,30,10.4,D1
2147,2147,Avari Berry,McNeese,D1,G,35,58.9,90.2,42.4,9.4,D1
2148,2148,Chania Price,North Texas,D1,G,33,58.8,99,38.3,11.8,D1
2149,2149,Daimoni Dorsey,Bethune-Cookman,D1,G,36,58.8,99,36,10.3,D1
2150,2150,Beatrice Culliton,Oklahoma,D1,C,31,58.8,94.5,33.8,12.4,D1
2151,2151,Mary Ashley Stevenson,Stanford,D1,F,35,58.8,99,30.4,13.1,D1
2152,2152,Sierra Lichtie,Gonzaga,D1,F,20,58.8,78.1,30,12.5,D1
2153,2153,Tahnyjia Purifoy,Florida A&M,D1,G,29,58.8,72,30.8,7.7,D1
2154,2154,Anaya Karriem,North Carolina A&T,D1,F,31,58.8,99,40,15,D1
2155,2155,Judit Valero,Florida International,D1,G,30,58.8,99,45.3,10,D1
2156,2156,Morgan Callahan,North Carolina Central,D1,F,28,58.8,87.6,48.7,9.9,D1
2157,2157,Sophia Rampulla,Milwaukee,D1,G,35,58.8,92.7,34.1,10.9,D1
2158,2158,Malia Latu,Saint Mary's,D1,G,34,58.8,74.5,40.9,8.3,D1
2159,2159,Indiya Bowen,Arkansas-Pine Bluff,D1,G,30,58.8,82.9,44.3,8.3,D1
2160,2160,Maja Dilen,Wright State,D1,G,29,58.8,80.1,46,7.8,D1
2161,2161,Trinity Vance,Delaware,D1,G,32,58.8,87.3,40.3,12.3,D1
2162,2162,Molly Lenz,North Dakota State,D1,G,34,58.8,69.5,48.7,5.2,D1
2163,2163,Maria Konstantinidou,San Diego State,D1,F,34,58.8,86.1,40.2,9.2,D1
2164,2164,Cady Pauley,Missouri State,D1,G,27,58.7,78,42.7,8.7,D1
2165,2165,T'yana Todd,Ohio State,D1,G,35,58.7,99,30,16.4,D1
2166,2166,Arielle Mackey-Williams,BYU,D1,G,20,58.7,99,42,16.8,D1
2167,2167,Julia Garcia Roig,Drexel,D1,G,32,58.7,76.5,43.3,7.9,D1
2168,2168,Danielle Williamsen,Marist,D1,G,22,58.7,71.6,45.6,6.6,D1
2169,2169,Elle Blatchford,North Florida,D1,G,30,58.7,89.9,41.3,10.6,D1
2170,2170,Nekhu Mitchell,Central Michigan,D1,F,19,58.7,74.5,44.6,9,D1
2171,2171,Anna Stromberg,Radford,D1,F,33,58.7,99,44.2,9.7,D1
2172,2172,Peyton McCabe,Drake,D1,G,19,58.7,74.2,44.8,7.7,D1
2173,2173,Macy Silvey,SIU-Edwardsville,D1,G,32,58.7,87.1,43.3,9.7,D1
2174,2174,Salese Blow,Texas A&M-CC,D1,G,22,58.7,99,40.6,14.4,D1
2175,2175,Kaylah Ivey,Rutgers,D1,G,29,58.7,82.7,43.3,9.9,D1
2176,2176,Kali Barrett,Cincinnati,D1,F,11,58.7,85.8,39.5,12.8,D1
2177,2177,Natalia Williams,Chicago State,D1,G,19,58.7,74.8,46.1,7.3,D1
2178,2178,Emily Fisher,Nebraska,D1,G,24,58.7,99,41.5,13.7,D1
2179,2179,Ella Bradley,Eastern Kentucky,D1,F,25,58.7,80.6,42.7,7.2,D1
2180,2180,Tasha Chudy,Lafayette,D1,F,17,58.7,73.9,50.1,6.1,D1
2181,2181,Tia Morgan,Fordham,D1,G,28,58.7,79.9,43.9,8.7,D1
2182,2182,Icyss Storm,UNC Wilmington,D1,F,30,58.6,83.7,46.6,6.7,D1
2183,2183,Kennedy Langham,Butler,D1,G,31,58.6,86.5,30,12.5,D1
2184,2184,Bobbi Smith,East Carolina,D1,G,28,58.6,77,44.1,9.2,D1
2185,2185,Sanaa Tripp,Belmont,D1,G,32,58.6,99,31.2,13.4,D1
2186,2186,Erin Rodgers,Florida Atlantic,D1,G,22,58.6,89.7,38.1,12.6,D1
2187,2187,Emily Johns,Wake Forest,D1,F,29,58.6,99,30,17.5,D1
2188,2188,Aima Ofunrein,Brown,D1,F,18,58.6,71.8,44.4,8.3,D1
2189,2189,Emmy Ersdala,UC Davis,D1,G,34,58.6,76.9,36.2,10.3,D1
2190,2190,Heidi Williams,UMBC,D1,G,32,58.6,92.5,43.8,12.3,D1
2191,2191,Andjela Marojevic,Utah State,D1,F,17,58.6,82.6,41.4,10.1,D1
2192,2192,Cate Carlson,Radford,D1,F,38,58.6,90.6,48.8,8.6,D1
2193,2193,DaH'Neisha Blige,South Carolina State,D1,G,10,58.6,75.8,43.2,8.2,D1
2194,2194,Aliya McIver,Rider,D1,G,29,58.6,80,51.6,5.7,D1
2195,2195,Amyria Walker,Texas State,D1,G,24,58.6,99,35.2,16.9,D1
2196,2196,Savannah Robinson-Holmes,Georgia State,D1,G,29,58.5,99,37.2,16.1,D1
2197,2197,Addie Deal,Iowa,D1,G,34,58.5,99,30,19.4,D1
2198,2198,Júlia Palomo Vicente,Albany,D1,G,30,58.5,78,47.2,5.8,D1
2199,2199,Torin Rogers,UNC Wilmington,D1,F,29,58.5,69.5,45.6,5.9,D1
2200,2200,Hawa Balde-Camara,Wagner,D1,C,29,58.5,99,45,12.1,D1
2201,2201,Ajae Yoakum,Portland State,D1,F,29,58.5,99,38.3,10.3,D1
2202,2202,Olivia Bowes,Longwood,D1,G,15,58.5,99,39.8,13.5,D1
2203,2203,Shamaryah Duncan,Tulsa,D1,G,15,58.5,90.9,45.7,11.8,D1
2204,2204,Gabbie Grooms,Georgia State,D1,G,31,58.5,80.9,40.7,8.1,D1
2205,2205,Kennan Ka,Long Beach State,D1,F,31,58.5,71.2,46.1,5.7,D1
2206,2206,Ines Zounia,Grand Canyon,D1,G,30,58.5,99,30,15.6,D1
2207,2207,Mychal White,Jacksonville,D1,G,33,58.5,99,39,12.8,D1
2208,2208,Madi Symons,Wyoming,D1,F,28,58.5,77.7,38.5,9.7,D1
2209,2209,Amiya Evans,Penn State,D1,F,23,58.5,97.4,37.7,12.9,D1
2210,2210,Kennedi Alexander,Memphis,D1,G,31,58.4,99,42.8,11.9,D1
2211,2211,Tyler Butler,Bethune-Cookman,D1,F,36,58.4,77.7,45.8,5.7,D1
2212,2212,Kendall Mosley,San Diego State,D1,G,19,58.4,94.7,42.7,13.7,D1
2213,2213,Whitley Watkins,Loyola Maryland,D1,F,29,58.4,86.5,37.4,10.9,D1
2214,2214,Aaniya Webb,Tennessee State,D1,G,26,58.4,99,31.9,13.4,D1
2215,2215,Maddy Tauro,Cal State Fullerton,D1,G,28,58.4,95,36,12.7,D1
2216,2216,Viki Matulevicius,Towson,D1,G,31,58.4,83.9,37.5,10.6,D1
2217,2217,Amelia Raidaveta,Nevada,D1,F,32,58.4,99,33,14.8,D1
2218,2218,Ella Lune,Eastern Illinois,D1,F,29,58.4,82.3,43.6,8.7,D1
2219,2219,Abbie Riddle,Wright State,D1,G,19,58.4,99,48.4,12.4,D1
2220,2220,Rose Jamison,Bellarmine,D1,F,15,58.4,69.1,33.7,9,D1
2221,2221,Judit Oliva Fernandez,Long Beach State,D1,F,19,58.4,75.5,37.5,10,D1
2222,2222,Paris Santacaterina,Central Arkansas,D1,G,31,58.4,80.1,44.2,8.7,D1
2223,2223,Gabby Anderson,Harvard,D1,G,9,58.4,68.5,44.9,7.1,D1
2224,2224,Tyasia Freeman,Niagara,D1,F,29,58.4,99,44.9,10.9,D1
2225,2225,Jaisa Gamble,Fresno State,D1,F,34,58.4,99,45,9.5,D1
2226,2226,Da'Naria Washington,Indiana State,D1,G,30,58.4,90.2,38.8,9.8,D1
2227,2227,Destyne Jackson,Florida Atlantic,D1,G,23,58.3,99,30,17.1,D1
2228,2228,Sauda Ntaconayigize,Lafayette,D1,G,25,58.3,83.8,48.1,8.6,D1
2229,2229,Brianna Hill,Chicago State,D1,G,31,58.3,81.1,40.6,8.2,D1
2230,2230,Shelby Bowman,Western Illinois,D1,G,20,58.3,75.3,48.1,7.4,D1
2231,2231,Kayla Washington,Longwood,D1,G,22,58.3,99,38.6,12.9,D1
2232,2232,Avery Hjelmstad,Utah,D1,G,32,58.3,99,32.2,15.9,D1
2233,2233,Myah Hazelton,Rice,D1,C,35,58.3,87,34.4,12.6,D1
2234,2234,KP Parr,Texas State,D1,G,30,58.3,93.4,36.3,10.1,D1
2235,2235,Anika Hyland,Stephen F. Austin,D1,G,31,58.3,99,42.1,11.4,D1
2236,2236,Mackenzie Pettinelli,St. Bonaventure,D1,G,33,58.3,69.8,45.4,5.9,D1
2237,2237,Tiffany Hammond,North Texas,D1,G,14,58.2,99,38.6,14.8,D1
2238,2238,Maya Woodson,Morgan State,D1,F,29,58.2,74.8,47.2,7,D1
2239,2239,Jaida McDonald,Wichita State,D1,F,30,58.2,85.3,31.5,10.1,D1
2240,2240,Chantelle Stuart,Furman,D1,G,27,58.2,87.4,34.5,12.2,D1
2241,2241,Chetanna Nweke,Georgetown,D1,F,29,58.2,71.7,32.8,9.7,D1
2242,2242,Kamryn Kitchen,Arizona,D1,G,22,58.2,99,44.4,12.2,D1
2243,2243,Brianne Bailey,Montana State,D1,G,35,58.2,99,34.1,13.2,D1
2244,2244,Kayla Preston,Valparaiso,D1,F,31,58.2,99,44.9,11.8,D1
2245,2245,Sydney Ryan,Quinnipiac,D1,G,34,58.2,82.4,44,8.4,D1
2246,2246,Maya Summerville,Northeastern,D1,F,19,58.2,71.7,44.2,7.7,D1
2247,2247,Inés Monteagudo Pardo,Boston University,D1,G,29,58.2,79.4,45.9,9.3,D1
2248,2248,Nya Robertson,Tennessee,D1,G,30,58.2,99,30,19.2,D1
2249,2249,Rita Gomes,Milwaukee,D1,G,35,58.2,87.4,31.7,11.5,D1
2250,2250,Kamille Brown,UL Monroe,D1,G,33,58.2,99,40.8,12.1,D1
2251,2251,Holland Harris,Clemson,D1,G,20,58.1,84.9,41.1,12.4,D1
2252,2252,Jo Oly,Houston Christian,D1,F,25,58.1,74.6,46,7.8,D1
2253,2253,Kiya Dorroh,Hampton,D1,F,31,58.1,78.5,47,8.5,D1
2254,2254,Nyah Lowery,Pacific,D1,G,30,58.1,99,30.7,14.6,D1
2255,2255,Tiny Lewis,Eastern Illinois,D1,G,28,58.1,79.4,30,10.1,D1
2256,2256,Jaila Lee,UNC Greensboro,D1,G,26,58.1,99,39.7,11.8,D1
2257,2257,Brianna Byars,Georgetown,D1,F,31,58.1,77.1,32.2,8.9,D1
2258,2258,Makiah Asidanya,UNC Greensboro,D1,G,31,58.1,96.4,44,13.2,D1
2259,2259,Nyla Walker,Gardner-Webb,D1,G,31,58.1,83.9,45.6,9.8,D1
2260,2260,Yevheniia Putra,Louisville,D1,F,24,58.1,88.1,33.8,11.8,D1
2261,2261,Franka Wittenberg,Canisius,D1,G,29,58.1,83.9,40,8.6,D1
2262,2262,Tanah Becker,George Washington,D1,G,36,58.1,72.4,49.2,5.6,D1
2263,2263,Awa Fane,Mississippi State,D1,G,22,58.1,77.8,38.9,10.2,D1
2264,2264,Karris Allen,Southern Illinois,D1,G,29,58.1,99,36.7,14,D1
2265,2265,Lauren Hillesheim,North Dakota,D1,G,28,58.1,85.8,42.5,10.7,D1
2266,2266,Sarah Owona,Chattanooga,D1,G,31,58.1,76,41.4,8.7,D1
2267,2267,Alyssa Febres,Kansas City,D1,G,26,58.1,87.8,41.4,12,D1
2268,2268,Zareia Chevre,Central Michigan,D1,F,18,58.1,83.8,34,10.2,D1
2269,2269,Semaya Turner,Towson,D1,G,31,58.1,74.2,42,6.8,D1
2270,2270,Molly Rullo,Drexel,D1,G,32,58.1,99,40.6,9.9,D1
2271,2271,Makala Hobdy,Jacksonville State,D1,G,30,58.1,85.7,42.3,10.8,D1
2272,2272,Naylee Cortes,Charleston,D1,F,19,58.1,85.5,46.9,9.8,D1
2273,2273,Bria Shine,UC Riverside,D1,F,32,58.1,67.4,44.9,5.6,D1
2274,2274,Kamara Mills,IU Indianapolis,D1,G,29,58,99,30,15.7,D1
2275,2275,Diamond Richardson,Wichita State,D1,G,29,58,81,30.5,10.6,D1
2276,2276,Jordan Rosier,UAB,D1,G,30,58,79,42.5,9.7,D1
2277,2277,Candace Kpetikou,Miami,D1,C,31,58,94.8,30.1,15.9,D1
2278,2278,Kaylani Polk,UC Riverside,D1,G,32,58,75.4,36.1,8.1,D1
2279,2279,Jorah Eppley,Stetson,D1,G,30,58,85.3,43.1,10,D1
2280,2280,Miya Giles-Jones,Florida A&M,D1,F,29,58,76.9,43.1,7.2,D1
2281,2281,Audrey Taylor,Northern Arizona,D1,G,30,58,89.8,33.9,10.1,D1
2282,2282,Yar Tong,UT Martin,D1,F,23,58,99,47.2,11.2,D1
2283,2283,Hannah Kohn,Clemson,D1,G,33,58,99,32.1,14.8,D1
2284,2284,Maggie Cavanaugh,New Hampshire,D1,G,30,58,77,44.5,7.8,D1
2285,2285,Dae'Jaidence Kincade,Cal State Bakersfield,D1,F,30,58,91.7,43.4,9.9,D1
2286,2286,Jada Patton,Jackson State,D1,F,23,58,81.2,44.8,9.4,D1
2287,2287,Desi Taylor,Maryland-Eastern Shore,D1,G,35,58,99,37.4,14.1,D1
2288,2288,Taylor Moffat,Portland State,D1,G,29,58,98.1,37.5,11,D1
2289,2289,Simone Morris,Northern Arizona,D1,G,30,58,99,41.4,11.9,D1
2290,2290,Aubrie Kierscht,South Carolina Upstate,D1,G,29,58,99,37.3,11.8,D1
2291,2291,Zeynep Ozel,Dartmouth,D1,G,28,57.9,99,45.5,11.8,D1
2292,2292,Jamyah Winter,Kansas City,D1,G,30,57.9,94.5,44.5,11.1,D1
2293,2293,Laura Molnarova,Long Island University,D1,F,21,57.9,90,43.8,11.2,D1
2294,2294,Ashton Judd,Texas,D1,G,26,57.9,96.6,32.9,17,D1
2295,2295,Sophie Benharouga,Wichita State,D1,F,18,57.9,99,41.1,17.5,D1
2296,2296,Taryn Wharton,Northern Iowa,D1,G,32,57.9,85,30.3,10.3,D1
2297,2297,Ornella Niankan,Fordham,D1,F,31,57.9,82.4,38.5,9.5,D1
2298,2298,Nadechka Keka Laccen,Northern Illinois,D1,G,26,57.9,71.2,41.4,8.7,D1
2299,2299,Chrysta Narcisse,South Alabama,D1,G,35,57.9,88.5,30,14.9,D1
2300,2300,Dunja Zecevic,Duquesne,D1,F,29,57.9,99,36,16.2,D1
2301,2301,Petra Oborilova,Xavier,D1,F,30,57.9,81.2,35.1,9.5,D1
2302,2302,Nora Perez,Cal Poly,D1,F,26,57.9,98,40.1,13.5,D1
2303,2303,Mina Djurdjevic,Jacksonville State,D1,F,28,57.9,82.6,30,11.1,D1
2304,2304,Lihi Azouri,SE Louisiana,D1,G,27,57.9,76.3,32.4,10.3,D1
2305,2305,Emmy Roach,Rider,D1,G,28,57.9,76.9,40.3,7.6,D1
2306,2306,Sharon Smith,New Orleans,D1,G,24,57.8,85.2,30,11.8,D1
2307,2307,Teionni McDaniel,Boston College,D1,G,24,57.8,92.2,30,14.8,D1
2308,2308,Crystal Hardy,North Carolina A&T,D1,G,30,57.8,97.3,39.8,12.1,D1
2309,2309,Elena Houghton,Bucknell,D1,F,20,57.8,73.2,50.4,6.5,D1
2310,2310,Maya Anderson,Detroit-Mercy,D1,G,28,57.8,70.1,39.8,7.6,D1
2311,2311,Teresa Mbemba,Northern Illinois,D1,F,28,57.8,90.9,41.2,9.7,D1
2312,2312,Andjela Bigovic,Seattle,D1,F,26,57.8,99,36.1,12.8,D1
2313,2313,Alyssa Jackson,San Diego State,D1,G,33,57.8,89,34.7,12.3,D1
2314,2314,Bella Finnegan,Illinois State,D1,G,38,57.8,92.7,37.5,12.5,D1
2315,2315,Talana Lepolo,Stanford,D1,G,21,57.8,78.3,42.7,10.9,D1
2316,2316,Sarah Hurley,Cleveland State,D1,G,35,57.8,79.9,42.5,7.9,D1
2317,2317,Adriana Jones,Jacksonville State,D1,G,32,57.8,73.8,45.9,7.1,D1
2318,2318,Maddy Newman,Tennessee Tech,D1,F,25,57.8,79.6,41.9,9.6,D1
2319,2319,Ashanti Fox,Elon,D1,G,31,57.7,88.9,38,10.3,D1
2320,2320,Sanai Tyler,Bethune-Cookman,D1,F,34,57.7,84,42.9,9.8,D1
2321,2321,Gabby Scott,UMBC,D1,F,26,57.7,99,41.6,11.1,D1
2322,2322,Ally Schimel,Oregon State,D1,G,37,57.7,84,43.8,9.9,D1
2323,2323,Elle Snyder,Evansville,D1,G,35,57.7,99,45.1,9.6,D1
2324,2324,Tyriana Berry,Furman,D1,F,24,57.7,99,35.4,13.6,D1
2325,2325,Chanelle McDonald,Bethune-Cookman,D1,F,10,57.7,69.3,36.8,11,D1
2326,2326,Erika Aspajo,Cal State Northridge,D1,G,24,57.7,79.7,38,10.4,D1
2327,2327,Funmi Amode,Kansas City,D1,F,19,57.7,90.7,41.1,11.1,D1
2328,2328,Kristen McMillan,UNC Asheville,D1,F,27,57.7,96.1,33.4,12.4,D1
2329,2329,Haylie Adamski,Lafayette,D1,G,30,57.7,81.7,37.7,9.3,D1
2330,2330,JaNiah Newell,Austin Peay,D1,G,33,57.7,77.1,45.8,9,D1
2331,2331,Gigi Bower,Ohio,D1,G,30,57.7,99,39,12.8,D1
2332,2332,Kennedy Moore,Wake Forest,D1,F,32,57.7,99,36.5,12.4,D1
2333,2333,Kristina Rakotobe,UNC Greensboro,D1,F,31,57.7,99,38.6,12.4,D1
2334,2334,Mercy Wamet,Prairie View A&M,D1,F,15,57.7,73.6,45.5,7.4,D1
2335,2335,Amaya Williams,Arizona State,D1,G,35,57.6,82.6,40.1,10.4,D1
2336,2336,Mia Flor,Wofford,D1,F,31,57.6,84.1,42.6,9.9,D1
2337,2337,Alex Brown,Stony Brook,D1,F,29,57.6,76.8,49.6,7.1,D1
2338,2338,Anaja Hall,Southern,D1,C,27,57.6,99,30,14.9,D1
2339,2339,Ivana Krajina,Loyola Marymount,D1,G,31,57.6,94.4,45.3,11.7,D1
2340,2340,Kelsey Thompson,Old Dominion,D1,G,32,57.6,99,38.7,11.7,D1
2341,2341,Elise Horne,UT Rio Grande Valley,D1,F,24,57.6,99,40.8,13.7,D1
2342,2342,Aoibhe Gormley,Boston University,D1,G,13,57.6,77,39.4,9.6,D1
2343,2343,Sophia Tougas,Charleston,D1,G,32,57.6,99,35,11.6,D1
2344,2344,Ariana Meriedy,Temple,D1,F,24,57.6,98.4,37.2,15.1,D1
2345,2345,Emma Lizotte,Quinnipiac,D1,F,30,57.6,99,45.7,9.9,D1
2346,2346,Olivia Smith,Hampton,D1,G,33,57.6,99,40.5,11,D1
2347,2347,Monica Marsh,Grambling,D1,G,29,57.6,99,42.9,13.4,D1
2348,2348,Lucia Melero Sabat,New Hampshire,D1,F,30,57.6,98.6,44,10.4,D1
2349,2349,Ella Farrelly,Monmouth,D1,F,33,57.6,72.9,47.4,5,D1
2350,2350,Ariel Little,St. John's,D1,G,22,57.6,99,34.8,15.2,D1
2351,2351,Frode Flos van der Schans,Chattanooga,D1,F,31,57.6,78.7,42.1,9.5,D1
2352,2352,Jayda Mosley,Central Michigan,D1,G,28,57.6,78.1,45.3,9.2,D1
2353,2353,Noelle Hubert,Northern Kentucky,D1,G,34,57.5,99,44.3,10.9,D1
2354,2354,Chrishunti Walker,Alcorn State,D1,C,28,57.5,85.7,43.3,9.6,D1
2355,2355,Simone Foreman,Holy Cross,D1,G,31,57.5,79,47.8,5.9,D1
2356,2356,Julia Riley,Northern Colorado,D1,G,32,57.5,88.4,38.3,11.5,D1
2357,2357,Lala Woods,Maine,D1,G,21,57.5,63.9,47,4.6,D1
2358,2358,Lindsay Hogan,New Haven,D1,G,27,57.5,99,51,10.7,D1
2359,2359,Adama Badjie Coly,Florida International,D1,G,25,57.5,84.6,40.3,10.4,D1
2360,2360,Daria Shishkina,Merrimack,D1,G,18,57.5,99,30,14,D1
2361,2361,Aaliyah Ellis,New Orleans,D1,G,24,57.5,83.7,43.5,10.4,D1
2362,2362,Amijah Price,Louisiana,D1,G,32,57.5,99,30,15.6,D1
2363,2363,Irene Fernandez de Caleya,Wagner,D1,G,27,57.5,65.6,47,4.3,D1
2364,2364,Kyraha Parnell,Furman,D1,F,23,57.5,99,39,15.3,D1
2365,2365,Valentyna Kadlecova,Indiana,D1,G,11,57.5,77.9,48,7.9,D1
2366,2366,Saige Gibb,Utah Valley,D1,G,29,57.5,99,45.9,11.6,D1
2367,2367,Shaila Forman,Lamar,D1,G,31,57.5,99,32.4,12.4,D1
2368,2368,D'Mya Tucker,North Carolina A&T,D1,G,27,57.5,69.1,46.1,6.4,D1
2369,2369,McKenzie Neal,Austin Peay,D1,F,17,57.5,99,44.4,12,D1
2370,2370,Ayanna Thompson,SMU,D1,G,30,57.5,87,36.7,12.3,D1
2371,2371,Jaety Mandaquit,Sacramento State,D1,G,31,57.5,77.2,45.1,6.7,D1
2372,2372,Jada Knight,Samford,D1,G,22,57.5,99,30,14.8,D1
2373,2373,Audrey Deptula,Loyola Chicago,D1,G,24,57.4,94.4,41.1,12.8,D1
2374,2374,Emma Olausson,Dartmouth,D1,G,14,57.4,86.5,42.8,12.4,D1
2375,2375,Alexis Parker,Lamar,D1,G,21,57.4,71,31.9,8.2,D1
2376,2376,Kali Haizlip,UT Arlington,D1,G,33,57.4,87.2,30,10.2,D1
2377,2377,Rania Curry,Mercer,D1,G,30,57.4,76.6,42.8,7.6,D1
2378,2378,Tanya Tkachenko,VCU,D1,G,29,57.4,87.9,36.8,12.7,D1
2379,2379,Anya McKenzie,West Georgia,D1,F,27,57.4,99,47.2,10.2,D1
2380,2380,Dylan Swindle,Cal State Fullerton,D1,G,32,57.4,77.7,41.3,7.5,D1
2381,2381,Miriley Simon,North Dakota State,D1,F,29,57.4,82.1,44,10.5,D1
2382,2382,Madlena Gerke,Fairleigh Dickinson,D1,G,35,57.4,85.6,37.5,7.6,D1
2383,2383,Tasia Johnson,UNC Greensboro,D1,G,28,57.4,95.9,47.3,12.8,D1
2384,2384,Kaitlyn Adams,Delaware State,D1,G,18,57.4,99,44.7,12.9,D1
2385,2385,Kendal Robinson,UT Arlington,D1,G,26,57.4,82.6,38.2,9.5,D1
2386,2386,Savanna Creal,Vermont,D1,F,34,57.4,99,44.7,12.9,D1
2387,2387,Mya Zaccagnini,Iona,D1,G,32,57.4,99,48.2,9.6,D1
2388,2388,BreAunna Ward,Evansville,D1,G,35,57.4,77.2,30,10.3,D1
2389,2389,Erica King,Youngstown State,D1,G,37,57.4,99,41.4,11.1,D1
2390,2390,Amaya Bonner,Florida State,D1,G,30,57.4,93.3,33.9,15.4,D1
2391,2391,Shanaii Gamble,Coppin State,D1,F,32,57.4,99,42.8,11,D1
2392,2392,Grace Renners,Cornell,D1,F,26,57.4,91.4,36.1,13.3,D1
2393,2393,Lauren Jacobs,Ole Miss,D1,G,22,57.4,87.4,41,11.7,D1
2394,2394,Riley Stoker,App State,D1,G,27,57.4,77.5,40.8,9.6,D1
2395,2395,Kathy Kersaint,Monmouth,D1,G,32,57.3,80,42.1,8.2,D1
2396,2396,Mariah Watkins,Drexel,D1,G,32,57.3,70.1,44.9,6.7,D1
2397,2397,Evangelia Paulk,Iowa State,D1,G,25,57.3,97.9,34.3,14.8,D1
2398,2398,Tkiyah Nelson,Southern Illinois,D1,G,30,57.3,68.4,44.9,4.8,D1
2399,2399,Brooklyn Thrash,Eastern Michigan,D1,G,29,57.3,71.6,41.7,7,D1
2400,2400,Brooklyn Alexander,Memphis,D1,G,29,57.3,99,39.4,13.7,D1
2401,2401,Carmen Morales,Southern Illinois,D1,C,24,57.3,88.5,44.1,9.9,D1
2402,2402,Marisa Chapman,Yale,D1,G,27,57.3,75,42.1,8.3,D1
2403,2403,Lilly Taulelei,Iowa State,D1,C,21,57.3,99,44.7,12.7,D1
2404,2404,Nicole Melious,Siena,D1,G,30,57.3,73.6,41.3,7.2,D1
2405,2405,Kallie Peppler,Green Bay,D1,G,13,57.3,99,36.5,15.5,D1
2406,2406,Nariyah Simmons,Northeastern,D1,G,29,57.3,79.1,42.8,8.8,D1
2407,2407,Samari Bankhead,UCF,D1,G,31,57.2,99,43.7,11.6,D1
2408,2408,Cori Lard,Winthrop,D1,G,32,57.2,84,30,9.1,D1
2409,2409,Kayla Sullivan,Valparaiso,D1,F,29,57.2,73.1,42.5,7.5,D1
2410,2410,Kailah Correa,Delaware,D1,G,30,57.2,73.9,30,10.1,D1
2411,2411,Shaelyn Steele,Penn State,D1,G,27,57.2,90.1,36.1,15.1,D1
2412,2412,Enni Ahervuo,Western Kentucky,D1,G,19,57.2,99,36.4,13.9,D1
2413,2413,Aimee Flippen,Abilene Christian,D1,C,26,57.2,83.1,43.4,10.3,D1
2414,2414,Filippa Goula,Oakland,D1,G,32,57.2,79.3,30,9.1,D1
2415,2415,Sirviva Legions,UTEP,D1,G,21,57.2,84.9,45.7,10.6,D1
2416,2416,Kamryn Griffin,Central Arkansas,D1,F,25,57.2,86.5,36.9,12.2,D1
2417,2417,Jordin Blackmon,Rice,D1,G,35,57.2,86.8,33.4,11.4,D1
2418,2418,Dayshawna Carter,Maryland-Eastern Shore,D1,G,28,57.2,92.9,41.3,12.5,D1
2419,2419,Comari Mitchell,Jacksonville,D1,G,31,57.2,94.1,38.8,10.5,D1
2420,2420,Caroline Thiel,Charlotte,D1,G,32,57.2,99,40.2,12.3,D1
2421,2421,Ellie Colbeck,South Dakota State,D1,G,34,57.2,99,39.7,15.5,D1
2422,2422,Mya Williams,Austin Peay,D1,G,31,57.2,99,41.3,13.1,D1
2423,2423,Deborah Orianegbena,UNC Asheville,D1,F,30,57.2,99,42.7,10.3,D1
2424,2424,Tanita Swift,Nicholls,D1,G,24,57.2,75.5,46.7,6.6,D1
2425,2425,Jaidyn Harper,East Tennessee State,D1,G,30,57.2,89.6,40.3,9.1,D1
2426,2426,Tanja Valancic,Washington State,D1,F,34,57.2,75.4,30,10,D1
2427,2427,Raiane Dias Dos Santos,Virginia,D1,G,13,57.2,79.7,42.7,10.8,D1
2428,2428,Julia Hall,IU Indianapolis,D1,F,31,57.2,99,43.9,12.1,D1
2429,2429,Dulci Vail,Cal Poly,D1,F,18,57.1,85.6,43.3,11.8,D1
2430,2430,Abby Sharpe,Pennsylvania,D1,G,18,57.1,92.8,43.9,11.1,D1
2431,2431,Saniyah King,Mississippi State,D1,G,26,57.1,98.6,30,15.6,D1
2432,2432,Ciara Harris,UNC Greensboro,D1,G,26,57.1,99,43.5,14.7,D1
2433,2433,Sienna Harvey,Washington,D1,G,25,57.1,99,33.6,16.9,D1
2434,2434,Journey Armstead,UAB,D1,G,26,57.1,95.2,39.4,13.7,D1
2435,2435,Ja'la Bannerman,Morgan State,D1,G,23,57.1,85.5,37.9,9.9,D1
2436,2436,Andi Schissler,North Texas,D1,G,33,57.1,99,30,15.2,D1
2437,2437,Angie Juste-Jean,South Carolina State,D1,F,22,57.1,99,39.2,11.8,D1
2438,2438,RyLee Grays,Tulsa,D1,F,30,57.1,99,43.1,11.3,D1
2439,2439,Mimi Rubino,Bryant,D1,G,31,57.1,71.3,47.8,5.5,D1
2440,2440,Hailee Swain,Stanford,D1,G,36,57.1,95.2,30,12.8,D1
2441,2441,Alana Powell,Mount St. Mary's,D1,G,30,57.1,77.5,33.7,9.2,D1
2442,2442,Jayden McBride,App State,D1,G,23,57.1,99,42.5,13.8,D1
2443,2443,Kalise Hill,Maryland-Eastern Shore,D1,G,35,57.1,99,38.9,10.8,D1
2444,2444,Shay Ijiwoye,Stanford,D1,G,32,57.1,90.9,39.9,11.4,D1
2445,2445,Rylee Sagester,Wright State,D1,G,34,57.1,99,44.9,9.6,D1
2446,2446,Adriana Arroyo,Eastern Illinois,D1,G,22,57.1,87.9,30,13.5,D1
2447,2447,Amaya Redd,Tennessee Tech,D1,F,29,57.1,99,41.8,13,D1
2448,2448,Lilly Stoddard,Butler,D1,F,26,57,77.4,42.6,8,D1
2449,2449,Amor Harris,Longwood,D1,G,32,57,99,30.2,13.3,D1
2450,2450,Sa'Mahn Johnson,Northern Illinois,D1,G,29,57,77.5,40.4,10.8,D1
2451,2451,Alarice Gooden,Hofstra,D1,G,33,57,78.2,34.3,10.3,D1
2452,2452,Khila Morris,Coppin State,D1,G,32,57,84.9,30,11.2,D1
2453,2453,Aliyah Carter,Cal State Bakersfield,D1,G,26,57,72.7,37.9,7.5,D1
2454,2454,Emilia Dannebauer,UTSA,D1,F,34,57,78.3,43.5,8.2,D1
2455,2455,Ava Persichetti,Richmond,D1,G,34,57,99,42,12.3,D1
2456,2456,Maren Schmotzer,Northern Iowa,D1,F,32,57,74.8,43.1,8,D1
2457,2457,Ella Wanzer,Delaware,D1,G,28,57,79.2,44,7.1,D1
2458,2458,Marley Langi,Cal State Bakersfield,D1,G,30,57,86.9,32.4,12.2,D1
2459,2459,Caelan Ellis,Charleston Southern,D1,G,30,57,76.9,40.4,8,D1
2460,2460,Brooke Wilson,Army,D1,G,34,57,77.7,38.3,8.4,D1
2461,2461,Eghosa Obasuyi,Georgia State,D1,G,30,56.9,94,30,14.7,D1
2462,2462,Giorgia Gorini,Ball State,D1,G,33,56.9,99,36.6,14.4,D1
2463,2463,Natalie Fraley,Portland,D1,G,15,56.9,76.8,44.3,9,D1
2464,2464,Laynee Torres-Kahapea,Portland State,D1,G,31,56.9,80.2,36.6,8.2,D1
2465,2465,Ja'Siiyah Holmes,South Carolina State,D1,F,14,56.9,73.2,44.5,7.9,D1
2466,2466,Kammie Ludwig,St. Thomas-Minnesota,D1,G,25,56.9,87.8,43.7,10,D1
2467,2467,Sydney Bolden,IU Indianapolis,D1,G,31,56.9,98.9,41.6,11.6,D1
2468,2468,Shaniyah McCarthy,Florida A&M,D1,G,31,56.9,68.1,33.3,8,D1
2469,2469,Natalie Huff,SE Louisiana,D1,G,28,56.9,99,30,13.6,D1
2470,2470,Christina Liggio,Navy,D1,G,31,56.9,72.8,36.3,9.3,D1
2471,2471,Se'Lah Reddick,Merrimack,D1,G,30,56.9,76.9,42.4,8.2,D1
2472,2472,Pearson McVay,Little Rock,D1,F,31,56.9,78.7,41.6,8.6,D1
2473,2473,Alexandria Johnson,Bethune-Cookman,D1,G,28,56.9,70,30,10.1,D1
2474,2474,Hilke Feldrappe,Columbia,D1,F,27,56.9,87.1,40,10.5,D1
2475,2475,Faith Feuerbach,St. Thomas-Minnesota,D1,G,32,56.9,99,32.6,11.8,D1
2476,2476,Mykayla Cunningham,Southern,D1,G,30,56.9,68,42.9,6.1,D1
2477,2477,Alli Harness,Western Michigan,D1,G,28,56.9,92.9,30,12.9,D1
2478,2478,Esther Kursite,Sacred Heart,D1,C,23,56.9,83.9,30,10.4,D1
2479,2479,Ja'naya Meyers,North Carolina A&T,D1,G,28,56.8,99,36.5,13.4,D1
2480,2480,Olivia VanPatten,Hofstra,D1,F,12,56.8,76.2,46,8.7,D1
2481,2481,McKynnlie Dalan,Gonzaga,D1,F,26,56.8,99,42.8,15.2,D1
2482,2482,Izzy Sullivan,Nevada,D1,G,32,56.8,72.5,39.9,7.7,D1
2483,2483,Emma Nuquay,Howard,D1,G,31,56.8,74.2,36.2,8.1,D1
2484,2484,Katie Krupa,Harvard,D1,F,32,56.8,99,45.3,10.5,D1
2485,2485,Ema Karim,Hofstra,D1,G,33,56.8,79.1,30,10.5,D1
2486,2486,Morgan Trigueiro,Southern Utah,D1,G,31,56.8,99,40.4,16.2,D1
2487,2487,Jade Ondineme,Indiana,D1,F,18,56.8,74.2,38.3,10.6,D1
2488,2488,Heaven Harper,South Carolina State,D1,C,30,56.8,78.5,44.4,7.4,D1
2489,2489,Sydni Summers,UNLV,D1,G,19,56.8,99,33.1,18.8,D1
2490,2490,Olivia Tucker,Campbell,D1,G,32,56.8,73.6,45,6.8,D1
2491,2491,Mia Simpson,UNC Greensboro,D1,G,28,56.8,99,40.7,12.1,D1
2492,2492,Jordyn DeVaughn,Air Force,D1,G,30,56.8,99,30.9,13.3,D1
2493,2493,Dom Nesland,High Point,D1,G,31,56.8,81.6,35.7,9,D1
2494,2494,Taylor Gibson,Hampton,D1,F,31,56.8,84.7,40.2,9.2,D1
2495,2495,Marina Artero,Louisiana,D1,F,32,56.8,72.9,47.5,6.1,D1
2496,2496,Averie Harding,New Hampshire,D1,F,20,56.7,99,44,14.4,D1
2497,2497,Audreonia Benson,UCF,D1,G,17,56.7,80.8,30,10.4,D1
2498,2498,Kaia Woods,Bowling Green,D1,G,29,56.7,83,40.3,10.4,D1
2499,2499,Delma Zita,UTEP,D1,G,29,56.7,89.7,32.4,10.4,D1
2500,2500,Megan Hollingsworth,Pittsburgh,D1,G,31,56.7,88,40.7,10.5,D1
2501,2501,Maycee James,Missouri State,D1,G,36,56.7,99,40.7,9.3,D1
2502,2502,Kenedie Haruna,Niagara,D1,F,26,56.7,92.4,46.3,11.9,D1
2503,2503,Somah Kamara,Tennessee State,D1,G,27,56.7,90.7,30,12.7,D1
2504,2504,Jelena Bulajic,South Florida,D1,G,31,56.7,99,41,12.6,D1
2505,2505,Ryiah Wilson,Winthrop,D1,G,32,56.7,99,39.4,10.2,D1
2506,2506,Samiyah Briggs,Indiana State,D1,G,32,56.7,77.9,41,7.7,D1
2507,2507,Remi-Hope Drantmann,Mercer,D1,F,25,56.7,85.8,45.9,9.8,D1
2508,2508,Dianna Blake,North Carolina Central,D1,F,29,56.7,93.5,45,11.2,D1
2509,2509,Jamaya Thomas,Northern Kentucky,D1,F,32,56.7,79.1,38.8,8.9,D1
2510,2510,Tamiah Robinson,Tulane,D1,G,12,56.7,67.6,48.4,6.5,D1
2511,2511,Natalie Jasper,North Carolina Central,D1,G,24,56.7,79,37.5,8.8,D1
2512,2512,Bridget Utberg,Marquette,D1,G,27,56.6,83.2,41.5,10.2,D1
2513,2513,Laila Robinson,Prairie View A&M,D1,F,11,56.6,61.1,50.7,3.7,D1
2514,2514,Irene Fernandez Pavesio,Morehead State,D1,G,29,56.6,99,41.9,14.6,D1
2515,2515,Justis Odom,DePaul,D1,F,24,56.6,81.9,38,11.3,D1
2516,2516,Yirsy Queliz,Northeastern,D1,G,29,56.6,75.5,43.9,7.8,D1
2517,2517,Anna Campanelli,Kent State,D1,G,29,56.6,87.6,36.9,12.1,D1
2518,2518,Clara Gonzalez Planella,Miami (OH),D1,G,35,56.6,99,32.5,13.8,D1
2519,2519,Carryn Easley,Fordham,D1,G,30,56.6,78.8,42.2,9.8,D1
2520,2520,Talia Zurinskas,Lafayette,D1,G,30,56.6,76.5,34.6,8,D1
2521,2521,Macie Brown,Utah State,D1,F,28,56.6,80.4,46.8,7.2,D1
2522,2522,Lexi Deden,Colorado State,D1,F,33,56.6,89.5,42.2,10.4,D1
2523,2523,Mildred Dibua,East Carolina,D1,F,31,56.6,84.6,36.7,11.4,D1
2524,2524,Lourdes Da Silva Costa,Alabama,D1,F,26,56.6,99,37.9,13.9,D1
2525,2525,Elena Bertrand,Lipscomb,D1,G,14,56.6,71.8,44.6,7.9,D1
2526,2526,Sabrina Larsson,Umass Lowell,D1,G,30,56.6,73.6,42.1,6.7,D1
2527,2527,Whitney Dunn,Sam Houston,D1,G,31,56.6,97.7,34.8,11.2,D1
2528,2528,Adelyn Traylor-Walker,Radford,D1,G,15,56.5,90.9,32.8,15.1,D1
2529,2529,Taylor Wilson,Army,D1,G,33,56.5,86.1,39.5,9,D1
2530,2530,Avary Cain,Oregon,D1,G,36,56.5,91.4,30,15.9,D1
2531,2531,Lauren Scott,Wright State,D1,G,34,56.5,76.6,40.1,8,D1
2532,2532,Mya Dotson,Charleston Southern,D1,G,18,56.5,71.9,46.2,6.5,D1
2533,2533,Destiny Lunan,NC State,D1,G,31,56.5,99,30,17.8,D1
2534,2534,Karyn Sanford,Utah State,D1,G,30,56.5,90.4,41.8,9,D1
2535,2535,Taylor Swanson,UC Riverside,D1,G,32,56.5,99,36.6,14,D1
2536,2536,Kateri Poole,Houston,D1,G,7,56.5,98.6,49.5,15.9,D1
2537,2537,Bella Stuart,Albany,D1,F,28,56.5,83.2,43.5,8.6,D1
2538,2538,Emily Hege,App State,D1,G,30,56.5,99,31.3,10.5,D1
2539,2539,Jaileyah Cotton,Jackson State,D1,G,29,56.5,71.6,37.7,6.7,D1
2540,2540,Lucía Sotelo,VCU,D1,F,31,56.5,87.4,38.5,10.3,D1
2541,2541,Magda Freire,Queens University,D1,G,25,56.5,70.8,33.6,9.5,D1
2542,2542,Alayna Rocco,Harvard,D1,G,32,56.5,93.5,30,12.8,D1
2543,2543,Tate Lash,Northwestern,D1,G,27,56.5,82.9,36.5,11.4,D1
2544,2544,Shannon Blacher,Southern Indiana,D1,G,32,56.5,85.7,44.5,8.5,D1
2545,2545,Amani Bartlett,Houston,D1,F,24,56.5,72.4,38.9,7.7,D1
2546,2546,Taylor Williams,Boston University,D1,G,24,56.4,76.3,34,10.1,D1
2547,2547,Emma Von Essen,Hofstra,D1,G,33,56.4,72.9,30,9.5,D1
2548,2548,Angela Le Faou,Pittsburgh,D1,F,28,56.4,72.7,42.6,8.5,D1
2549,2549,Gabby Grantham-Medley,Duquesne,D1,G,28,56.4,78,32.4,14.2,D1
2550,2550,Lydia Melaschenko,Merrimack,D1,G,32,56.4,99,45.3,10.1,D1
2551,2551,Shania Nichols,Kennesaw State,D1,G,26,56.4,99,34.2,14.3,D1
2552,2552,Zaria Johnson,Grambling,D1,F,31,56.4,99,45.2,11.4,D1
2553,2553,Lena Walz,Mercyhurst,D1,G,27,56.4,99,47.8,10.1,D1
2554,2554,Allison Schwertner,Boston University,D1,F,31,56.4,99,43.2,9.6,D1
2555,2555,Lauren Walker,Northern Iowa,D1,G,26,56.4,85.4,40.1,11.9,D1
2556,2556,Kaylynn Janes,Northern Iowa,D1,F,32,56.4,99,30,12.2,D1
2557,2557,Kylee Mabry,Utah Valley,D1,G,30,56.4,99,39.9,10.7,D1
2558,2558,Sydney Postell,Le Moyne,D1,F,28,56.4,77.7,34.4,9.1,D1
2559,2559,Leila Nunez,Long Island University,D1,F,32,56.4,76.7,42.3,7.1,D1
2560,2560,Chardonnay Hartley,Utah Tech,D1,G,29,56.4,67.9,43.5,5.6,D1
2561,2561,Tiyanna James,Morgan State,D1,G,31,56.4,80.5,30,10.3,D1
2562,2562,Saniah Caldwell,Pennsylvania,D1,G,27,56.4,81.4,41.4,9.2,D1
2563,2563,Shannon Fornshell,Drake,D1,G,23,56.4,82.4,36.8,10.7,D1
2564,2564,Katelyn Field,Oregon State,D1,G,31,56.4,75,36.4,9.5,D1
2565,2565,Jana Vesic,Seattle,D1,G,30,56.4,85.5,34.6,11.3,D1
2566,2566,Cristina Sanchez Cerqueira,Arkansas,D1,F,17,56.4,98.7,33.1,14.6,D1
2567,2567,Charlotte Adams-Lopez,Brown,D1,G,27,56.3,66.4,37.2,6.6,D1
2568,2568,Cam Mathews,Tennessee Tech,D1,G,29,56.3,91.7,41,9.3,D1
2569,2569,Mataeya Mathern,North Dakota,D1,G,29,56.3,76.5,43.6,8.2,D1
2570,2570,Hadley Periman,Clemson,D1,G,32,56.3,75.5,34.2,8.6,D1
2571,2571,Kaitlin Peterson,Ole Miss,D1,G,36,56.3,99,30.8,18.9,D1
2572,2572,Madison Miller,South Carolina Upstate,D1,F,29,56.3,99,35.9,17.1,D1
2573,2573,Joelle Davis,UNC Greensboro,D1,G,17,56.3,80.4,41,10.7,D1
2574,2574,Maxine Sutisna,Cal State Fullerton,D1,G,29,56.3,90.9,30,14.1,D1
2575,2575,Lana Koricanac,Troy,D1,G,27,56.3,95.8,32.8,13.3,D1
2576,2576,Madalena Amaro,Monmouth,D1,G,32,56.3,71.1,41.3,5.7,D1
2577,2577,Annika Corcoran,Sam Houston,D1,G,25,56.3,83,30,13.4,D1
2578,2578,Carsyn Swaney,Middle Tennessee,D1,G,24,56.3,72.5,37.2,8,D1
2579,2579,Ella Uriarte,Idaho,D1,G,35,56.3,85.7,49.9,6.6,D1
2580,2580,Mikayla Johnson,Pittsburgh,D1,G,28,56.2,92.3,30,12.4,D1
2581,2581,Rainey Welson,Maryland,D1,G,25,56.2,93.9,31.9,16.6,D1
2582,2582,Nevaeh Jones,Charleston Southern,D1,C,30,56.2,81.7,46,7.3,D1
2583,2583,Malvina Haziri,Washington State,D1,G,30,56.2,83.1,30,12.8,D1
2584,2584,Kylie Buckley,St. Bonaventure,D1,F,28,56.2,84.4,36.8,11.1,D1
2585,2585,Dakieran Turner,Maryland-Eastern Shore,D1,F,33,56.2,73,44,6.9,D1
2586,2586,Rebecca Moors,Hawaii,D1,F,32,56.2,99,42.3,9.9,D1
2587,2587,Savanna Jones,Seton Hall,D1,F,26,56.2,82,39.3,9.1,D1
2588,2588,Isabella Casey,Bucknell,D1,G,29,56.2,89.6,40.6,9.7,D1
2589,2589,Sydney White,Weber State,D1,G,32,56.2,78.9,30,10.6,D1
2590,2590,Madeline Potts,Syracuse,D1,G,21,56.2,99,34.2,15.8,D1
2591,2591,Laila Anderson,Elon,D1,G,30,56.2,99,45.4,13.1,D1
2592,2592,Kaylan Deveney,Rider,D1,C,17,56.2,72.9,45.4,6.9,D1
2593,2593,Kyara Champagne,Chicago State,D1,G,32,56.2,78.4,30,9.5,D1
2594,2594,Ana Guillen,Yale,D1,F,18,56.2,76.3,45.1,9.4,D1
2595,2595,Sania Richardson,Auburn,D1,G,30,56.2,77.9,30,12.1,D1
2596,2596,Ashlee Harris,Bellarmine,D1,G,8,56.1,87.5,49.2,12.4,D1
2597,2597,Macie Taylor,Miami (OH),D1,G,35,56.1,88.4,37.8,11.3,D1
2598,2598,Cire Worley,Norfolk State,D1,G,34,56.1,86.1,47.4,7.4,D1
2599,2599,Cherish Haywood,Radford,D1,G,38,56.1,73.1,30,8.4,D1
2600,2600,Jaeda Murphy,Mississippi Valley State,D1,G,29,56.1,66.3,42.7,5.2,D1
2601,2601,Mia Ramos,SE Louisiana,D1,G,29,56.1,78.1,35.2,9.1,D1
2602,2602,Katelyn Best,Portland State,D1,F,21,56.1,99,34.7,13.4,D1
2603,2603,Peyton Dincher,Le Moyne,D1,G,33,56.1,80.3,37.7,10.5,D1
2604,2604,Lydia Cajuste,Stephen F. Austin,D1,G,35,56.1,72.9,41.9,8,D1
2605,2605,Antonia Bates,Rutgers,D1,G,29,56.1,70.9,41.4,7.6,D1
2606,2606,Maliyah Johnson,Dayton,D1,G,23,56.1,99,30,16.8,D1
2607,2607,Nevaeh Reaves,Delaware State,D1,G,27,56.1,86.7,38.1,11.1,D1
2608,2608,Carla Celaya,Northwestern State,D1,G,32,56.1,99,46.6,10.3,D1
2609,2609,Reese Zemitis,Bucknell,D1,G,26,56.1,66,48.5,4.5,D1
2610,2610,Alexis Cortez,Air Force,D1,G,29,56.1,73.7,45.9,6.7,D1
2611,2611,Aby Shubert,Montana,D1,G,31,56.1,74.6,41.6,7.5,D1
2612,2612,Laryn Scott,Nicholls,D1,F,31,56,91.2,45.6,9.1,D1
2613,2613,Draya Wacker,Montana,D1,G,31,56,76.2,39.8,10.8,D1
2614,2614,Janessa Kelley,Bethune-Cookman,D1,G,31,56,97,38.6,13.9,D1
2615,2615,Blanca Thomas,North Carolina,D1,C,20,56,96,41.9,13.8,D1
2616,2616,Brianna Mead,Temple,D1,G,31,56,99,30,15.7,D1
2617,2617,Gracie Grzesk,Green Bay,D1,F,37,56,79.5,44.3,8.1,D1
2618,2618,Caitlin Monahan,Portland,D1,G,20,56,82.6,44.8,9.4,D1
2619,2619,Mallory McQuietor,Incarnate Word,D1,F,24,56,71.6,36.1,8.7,D1
2620,2620,Trinity Bane,New Orleans,D1,F,11,56,74,49.7,6.6,D1
2621,2621,Johanna Potter,Stony Brook,D1,F,34,56,77,41.4,7,D1
2622,2622,Douthshine Prien,Grambling,D1,G,31,56,77.4,37.7,7.2,D1
2623,2623,Jaelyn Acker,Gardner-Webb,D1,G,31,56,97.2,47,8.3,D1
2624,2624,Caitlin Washington,Bradley,D1,G,28,56,85.5,31.3,12.3,D1
2625,2625,Jadyn Atchison,UT Arlington,D1,G,33,56,78.4,40,9.7,D1
2626,2626,Jackie Piddock,Marist,D1,G,31,56,81.9,37.2,9,D1
2627,2627,Yu Han Lin,Middle Tennessee,D1,G,33,56,99,33.9,15.4,D1
2628,2628,Anjanae Richardson,Norfolk State,D1,G,34,56,77.2,34.9,7.9,D1
2629,2629,Amira Ofunniyin,Gardner-Webb,D1,F,31,55.9,87.7,40,8.6,D1
2630,2630,Luka Malinka,Tarleton State,D1,G,15,55.9,73.6,38.9,9.2,D1
2631,2631,Laila Harrison,Bowling Green,D1,F,27,55.9,95.8,48.9,10.8,D1
2632,2632,Lola Donez,California,D1,G,36,55.9,88.9,30,12.8,D1
2633,2633,Kaylen Reed,Western Illinois,D1,G,32,55.9,99,46.5,9.3,D1
2634,2634,Gabby Wilke,Butler,D1,F,26,55.9,70.4,43,7.5,D1
2635,2635,Rachael Okokoh,Penn State,D1,F,24,55.9,93.1,38,12.8,D1
2636,2636,Ella Fajardo,Iona,D1,G,32,55.9,70.9,32.3,7.1,D1
2637,2637,Clara Djoko,Loyola Chicago,D1,F,28,55.9,77.2,43.4,8.7,D1
2638,2638,Joi Johnson,Fairleigh Dickinson,D1,F,35,55.9,87.9,41,9.5,D1
2639,2639,Keziah Lofton,Oklahoma,D1,G,34,55.9,99,31.6,14.8,D1
2640,2640,Dalanna Carter,Old Dominion,D1,G,32,55.9,99,42.5,12.4,D1
2641,2641,Morgan Maldonado,Boise State,D1,G,33,55.9,99,39.1,11.7,D1
2642,2642,Keira Scott,Syracuse,D1,F,29,55.9,99,30,14.4,D1
2643,2643,Alanah Pooler,Alabama State,D1,F,33,55.9,99,42.3,12.1,D1
2644,2644,Sami Mancini,Providence,D1,F,28,55.9,99,41,11.2,D1
2645,2645,Shakirah Edwards,Troy,D1,G,32,55.8,83.3,35,11.4,D1
2646,2646,Katie Peiffer,Cal Poly,D1,G,21,55.8,90.6,30,13.5,D1
2647,2647,Kehinde Obasuyi,Western Carolina,D1,G,13,55.8,99,30,16.8,D1
2648,2648,Maraja Pass,Elon,D1,G,33,55.8,73,39.5,7.1,D1
2649,2649,Simone Lewis,Holy Cross,D1,F,22,55.8,77,33.3,9,D1
2650,2650,Mya Petticord,Auburn,D1,G,30,55.8,89.9,30,12.7,D1
2651,2651,Ary Dizon,Western Carolina,D1,F,28,55.8,78.4,48.8,7.3,D1
2652,2652,Hannah Richardson,Lipscomb,D1,G,30,55.8,99,39.9,11,D1
2653,2653,Mihjae Hayes,Morgan State,D1,G,31,55.8,76.8,44.3,8.8,D1
2654,2654,Destiny Bynum Johnson,Howard,D1,G,28,55.8,73.5,44.4,6.5,D1
2655,2655,Reese Downey,Fairleigh Dickinson,D1,G,35,55.8,76.9,42.3,8.7,D1
2656,2656,Pinja Paananen,Sacramento State,D1,F,31,55.8,95.5,40,11,D1
2657,2657,De'Ahna Richardson,Western Michigan,D1,F,24,55.8,75.3,30.8,9.9,D1
2658,2658,Clara Glad,Eastern Illinois,D1,G,31,55.8,71.3,41.8,7.3,D1
2659,2659,Jasmine Timmerson,Davidson,D1,G,33,55.8,95.8,40,11.3,D1
2660,2660,Kate Hollifield,UNC Wilmington,D1,G,8,55.8,67.4,43.5,6.7,D1
2661,2661,Fenishka Bertho,Texas Southern,D1,F,20,55.8,99,40,16.6,D1
2662,2662,Allie Cummins,San Jose State,D1,G,32,55.7,99,47.6,10.2,D1
2663,2663,Morelia Chavez,Fresno State,D1,F,28,55.7,91.9,40.5,10.9,D1
2664,2664,Hildur Gunnsteinsdottir,Boston University,D1,G,31,55.7,81.4,42.9,8.8,D1
2665,2665,Marcayla Johnson,Baylor,D1,G,32,55.7,92.6,35.3,13.1,D1
2666,2666,Alexa Washington,North Florida,D1,G,29,55.7,78.2,44.9,7.6,D1
2667,2667,Jamiria Jones,Georgia Southern,D1,G,31,55.7,99,30,12.8,D1
2668,2668,Shirel Nahum,UC Irvine,D1,G,32,55.7,74.8,41.7,7.7,D1
2669,2669,Tori Baker,Denver,D1,G,30,55.7,78.5,43.7,7.7,D1
2670,2670,Jadyn Donovan,Duke,D1,G,11,55.7,64.1,48.8,5.5,D1
2671,2671,Elizabeth Lavoie,New Hampshire,D1,G,30,55.7,76.1,38.2,7.9,D1
2672,2672,Charmen Taylor,Southeast Missouri State,D1,G,24,55.7,92.3,40.9,12.2,D1
2673,2673,Amya Scott,Delaware State,D1,G,30,55.7,79.5,30,14.5,D1
2674,2674,Madison Butcher,Cal Poly,D1,G,15,55.7,84.8,31.6,11.2,D1
2675,2675,Anise Geiger,Delaware State,D1,F,22,55.7,69.4,46.3,5.7,D1
2676,2676,Tilda Sjokvist,Towson,D1,G,31,55.7,82.9,42.5,8.8,D1
2677,2677,D'Mya Griffin,Grambling,D1,G,32,55.6,69.3,38,6.9,D1
2678,2678,Mila Reynolds,UT Arlington,D1,F,32,55.6,89,39.2,11.4,D1
2679,2679,Brittany Harshaw,Kansas,D1,G,31,55.6,99,30,14.9,D1
2680,2680,Autumn McCall,St. Thomas-Minnesota,D1,F,32,55.6,93.5,41.4,10.9,D1
2681,2681,Norah Clark,UT Martin,D1,F,26,55.6,88.3,49.5,7.9,D1
2682,2682,Jaeden Pratt,Illinois State,D1,G,37,55.6,74.1,30,8.7,D1
2683,2683,Sierra Linnin,Le Moyne,D1,G,33,55.6,78.4,45.4,7.4,D1
2684,2684,Ajong Lual,Sacramento State,D1,C,26,55.6,99,42.1,11.4,D1
2685,2685,Milou van Vliet,Fairfield,D1,F,23,55.6,75.8,44.3,9.2,D1
2686,2686,Kyra Webb,Hawaii,D1,G,34,55.6,79.7,31.4,10.8,D1
2687,2687,Allie Meadows,Western Illinois,D1,G,32,55.6,71.8,40.1,6.3,D1
2688,2688,Courtney Davis,Charleston Southern,D1,G,24,55.6,80,43.5,9,D1
2689,2689,Paris Kirk,Eastern Washington,D1,F,28,55.6,99,45.8,10.2,D1
2690,2690,Carmen Richardson,East Tennessee State,D1,G,31,55.6,78.9,30.2,9.5,D1
2691,2691,Madison Fitzgibbon,Milwaukee,D1,G,35,55.5,78.6,37.7,9,D1
2692,2692,Brynn Smith,Portland,D1,G,35,55.5,89.9,31.1,13.2,D1
2693,2693,Ciara Croker,Marist,D1,F,22,55.5,66.1,48.3,5,D1
2694,2694,Kalifa Ford,Chattanooga,D1,G,25,55.5,99,34.6,14.7,D1
2695,2695,Daniela López,East Tennessee State,D1,G,26,55.5,80.9,30,10.9,D1
2696,2696,Carmen Yanez,UMBC,D1,G,32,55.5,76.7,43.7,7.2,D1
2697,2697,Preston Young,Prairie View A&M,D1,C,26,55.5,93.7,43.5,9.5,D1
2698,2698,Ayen Angoi,Hofstra,D1,F,33,55.5,99,47.3,9.6,D1
2699,2699,Gina Davorija,DePaul,D1,G,32,55.5,81.5,34.4,11.5,D1
2700,2700,Seini Henry,Ohio State,D1,F,17,55.5,75.8,41.7,8.1,D1
2701,2701,Mia Galbraith,Texas State,D1,G,30,55.5,70.7,36.2,8.4,D1
2702,2702,Sydnei Marshall,Mississippi Valley State,D1,G,31,55.5,70.3,37.3,8.1,D1
2703,2703,Karina Gordon,Florida Gulf Coast,D1,G,26,55.5,99,44.2,10.2,D1
2704,2704,Reese Noa,UC Irvine,D1,G,20,55.5,89.3,41.3,12,D1
2705,2705,Tylie Jones,Idaho State,D1,G,19,55.5,75.9,37.2,9.4,D1
2706,2706,Jaci Bolden,Longwood,D1,G,31,55.5,99,33.8,15.1,D1
2707,2707,Ellie Magestro-Kennedy,Wright State,D1,G,34,55.4,99,33.1,12.8,D1
2708,2708,Mariah Hart,New Orleans,D1,G,30,55.4,84,43.9,10.2,D1
2709,2709,Payton Muma,Wyoming,D1,G,30,55.4,73.1,41.9,7.4,D1
2710,2710,Pien Steenbergen,Texas A&M-CC,D1,G,13,55.4,89.6,30,15.4,D1
2711,2711,Chloe Oliver,Stony Brook,D1,G,34,55.4,76.5,33.1,8.4,D1
2712,2712,Imbie Jones,Nevada,D1,F,31,55.4,86.1,34.3,9.4,D1
2713,2713,Deja Jones,Texas State,D1,G,30,55.4,79.7,36.8,10.7,D1
2714,2714,Kamora Morgan,Northern Kentucky,D1,G,34,55.4,90.5,37.2,12.2,D1
2715,2715,CJ Latta,San Diego State,D1,G,34,55.4,86.6,41.9,9.1,D1
2716,2716,Naomi Barnwell,Iona,D1,F,27,55.4,82,46.2,8.1,D1
2717,2717,Lidia Belmonte Hurtado,Little Rock,D1,F,26,55.4,88.2,38.9,11.4,D1
2718,2718,Emma Heaney,Lafayette,D1,G,22,55.4,71.1,42.4,8.1,D1
2719,2719,Ashley Redd,Binghamton,D1,G,28,55.4,99,36.4,14.8,D1
2720,2720,Brenna Burk,Little Rock,D1,G,31,55.4,69.1,34.5,8.5,D1
2721,2721,Kayla Lindsey,Mount St. Mary's,D1,G,29,55.4,99,33,11.6,D1
2722,2722,Zoli Khalil,Towson,D1,G,27,55.4,99,41.9,12.3,D1
2723,2723,Devyn Kiernan,Southern Utah,D1,G,32,55.4,81,36.6,9.8,D1
2724,2724,Nina Emnace,Harvard,D1,G,31,55.4,88.9,30,13.6,D1
2725,2725,Deana Thompson,Buffalo,D1,G,15,55.4,75.3,36.9,9.4,D1
2726,2726,Teagan Brown,Washington,D1,G,27,55.4,69.9,39.2,8.4,D1
2727,2727,Erica Hall,Mercyhurst,D1,F,32,55.3,88,30.9,11.1,D1
2728,2728,Osadebamwen Igbinedion Omoruyi,UTEP,D1,F,21,55.3,73.2,40.3,8.3,D1
2729,2729,Kiera Pemberton,Baylor,D1,F,18,55.3,99,44.1,12.1,D1
2730,2730,Riley Talbert,UAB,D1,G,26,55.3,67.7,41.4,6.8,D1
2731,2731,Bukky Akinsola,North Alabama,D1,G,13,55.3,81.6,36.9,11.4,D1
2732,2732,Gabriella Kelley,Pennsylvania,D1,F,25,55.3,99,30,13.3,D1
2733,2733,Kyah Smith,William & Mary,D1,G,23,55.3,71.8,38.4,7.1,D1
2734,2734,Meghan Yarnevich,LSU,D1,F,20,55.3,93.3,34.1,11.1,D1
2735,2735,Paige Girardi,Quinnipiac,D1,G,28,55.3,83.4,48.6,6.9,D1
2736,2736,Libby Fandel,Kansas,D1,G,37,55.3,80,43.5,8,D1
2737,2737,Gabby Ramos,Nevada,D1,G,21,55.3,95.4,30,17.6,D1
2738,2738,Emma Haan,Vermont,D1,G,36,55.3,89.6,37.2,8.6,D1
2739,2739,Mya Pratcher,Western Kentucky,D1,F,29,55.3,99,34,11,D1
2740,2740,Jordan Meulemans,Marquette,D1,G,27,55.3,75.3,43.1,8.7,D1
2741,2741,Meja Jägerskog,Saint Joseph's,D1,F,18,55.2,71.7,39.7,8.3,D1
2742,2742,Sania Copeland,Kansas,D1,G,36,55.2,85.9,35.2,10.4,D1
2743,2743,Cora Horvath,East Texas A&M,D1,G,30,55.2,92.3,45,9.6,D1
2744,2744,Marley Long,William & Mary,D1,F,28,55.2,68.6,36.2,7.1,D1
2745,2745,Janae Walker,Rutgers,D1,F,28,55.2,72.8,30,10.4,D1
2746,2746,Layla-J Cameron,Tulsa,D1,G,28,55.2,89.6,38.8,9.6,D1
2747,2747,Briley Pena,Murray State,D1,G,34,55.2,68.3,45.3,5.8,D1
2748,2748,Alba Garcia,Charleston Southern,D1,G,24,55.2,82.7,40.5,9,D1
2749,2749,Jada Burton,App State,D1,G,30,55.2,99,35.1,12,D1
2750,2750,Alyse Aby,Idaho State,D1,G,30,55.2,87.9,35.9,9.7,D1
2751,2751,Kayla Smith,Indiana State,D1,G,32,55.2,99,39.3,10.4,D1
2752,2752,Jakyra Jackson,Arkansas-Pine Bluff,D1,G,21,55.2,78.6,30,10.7,D1
2753,2753,Jayda Johnson,Dayton,D1,G,28,55.2,97.4,39.4,10.9,D1
2754,2754,Mya Nicholson,Northern Iowa,D1,G,30,55.2,78.1,42.6,8.4,D1
2755,2755,Arantxa Portalez,Delaware,D1,F,29,55.2,80.5,38,9.9,D1
2756,2756,Kaelyn Flowers,Kennesaw State,D1,G,26,55.2,87.9,40.1,10.9,D1
2757,2757,Jaedyn Jamison,Mount St. Mary's,D1,F,30,55.2,71.6,39.1,5.9,D1
2758,2758,KN'isha Godfrey,Florida,D1,G,31,55.2,99,39.5,10.8,D1
2759,2759,Mya Pauldo,Tennessee,D1,G,27,55.1,92.6,40.6,14.1,D1
2760,2760,Mary McMorris,Idaho,D1,G,16,55.1,71.9,37.7,9.4,D1
2761,2761,Marta Alsina,Washington State,D1,G,32,55.1,78.6,30,11.6,D1
2762,2762,Zoe Richardson,South Carolina Upstate,D1,F,32,55.1,93.1,39.1,11.7,D1
2763,2763,Aïssé Coulibaly,Charleston Southern,D1,G,29,55.1,74.9,37.3,10.7,D1
2764,2764,Maya Hunkin-Claytor,Alcorn State,D1,G,30,55.1,84.4,47.4,8.7,D1
2765,2765,Hannah Griffin,Holy Cross,D1,G,33,55.1,72.7,46.7,6.8,D1
2766,2766,Makena Christian,Minnesota,D1,G,29,55.1,99,39,15.4,D1
2767,2767,Drew Jordon,New Mexico,D1,G,32,55.1,99,30,12.3,D1
2768,2768,Kennedy Sproule,Valparaiso,D1,G,27,55.1,82.7,35,8.8,D1
2769,2769,Audrey Chen,Cornell,D1,G,26,55.1,99,42,14,D1
2770,2770,Sydney Piekny,North Dakota,D1,G,30,55.1,90.5,32.6,12.3,D1
2771,2771,Kayla Greyvensteyn,American University,D1,G,23,55.1,72,45.4,6.8,D1
2772,2772,Alexsyah Goudeau,UT Arlington,D1,G,33,55.1,80,35.4,8.8,D1
2773,2773,Zoey Rixter,Southeast Missouri State,D1,G,32,55.1,84.9,44.5,7.6,D1
2774,2774,Paula Pique,Cleveland State,D1,G,37,55.1,72.9,36,7.7,D1
2775,2775,Emaya Lewis,Kennesaw State,D1,F,21,55.1,70.5,45.2,7.9,D1
2776,2776,Jade Peacock,Hawaii,D1,G,32,55.1,88.1,34.5,11.7,D1
2777,2777,Ayanna Jackson,Texas Southern,D1,F,31,55,79.7,36.1,9.2,D1
2778,2778,Jadyn Fife,Colorado State,D1,F,28,55,82.5,38.7,11.1,D1
2779,2779,Amber Scott,Alabama A&M,D1,G,9,55,64.9,34.5,9.3,D1
2780,2780,Chloe Escanillas,Marist,D1,G,29,55,99,44.4,11.5,D1
2781,2781,Tyana Walker,Elon,D1,G,33,55,86.4,36.8,11.4,D1
2782,2782,Sydni Scott,Fairfield,D1,G,33,55,69.4,34.5,7,D1
2783,2783,Faith Carson,Grand Canyon,D1,F,18,55,95.7,39.5,12.2,D1
2784,2784,Katarina Anderson,San Jose State,D1,G,25,55,79.5,33.3,11.2,D1
2785,2785,Meredith Tippner,Miami,D1,G,32,55,99,36.5,12.8,D1
2786,2786,Jocelyn Faison,Georgia,D1,G,24,55,99,42,10.7,D1
2787,2787,Bailey Burns,Jacksonville,D1,G,29,54.9,71.6,33.7,9.9,D1
2788,2788,Lily Esparza,Denver,D1,C,24,54.9,81.3,42.9,9.1,D1
2789,2789,Maria Dias,Cal State Bakersfield,D1,G,30,54.9,80.4,42.5,8.5,D1
2790,2790,Julianna Gibson,Central Arkansas,D1,F,32,54.9,84.6,40.2,9.7,D1
2791,2791,Naomi Wilson,Winthrop,D1,F,25,54.9,77.2,47.2,7.7,D1
2792,2792,Jermany Mapp,Queens University,D1,G,30,54.9,73.5,33.4,7.9,D1
2793,2793,Alyssa Clutter,North Alabama,D1,G,11,54.9,74.3,46.7,8.3,D1
2794,2794,Jiya Perry,Delaware,D1,G,31,54.9,84.9,42.3,11.2,D1
2795,2795,Madilyn Dogs,N.J.I.T.,D1,G,31,54.9,65.1,46.1,5.3,D1
2796,2796,Jade Rucker,Austin Peay,D1,G,25,54.9,86.8,38.3,12,D1
2797,2797,Lily Graves,Southern Indiana,D1,G,26,54.9,98.9,38,11.6,D1
2798,2798,Paris McBride,Coppin State,D1,G,33,54.9,88.1,41.2,8.6,D1
2799,2799,Marina Radocaj,Pacific,D1,G,27,54.9,99,40.2,12.2,D1
2800,2800,Abby Eller,Wofford,D1,G,14,54.8,72.2,47,6.5,D1
2801,2801,Angeliki Ziaka,Davidson,D1,G,29,54.8,83.7,37.7,9.4,D1
2802,2802,Sidni Middleton,UT Martin,D1,G,26,54.8,77.7,37.6,9.1,D1
2803,2803,Alexis Andrews,Monmouth,D1,G,33,54.8,68.9,47.5,5.7,D1
2804,2804,Gabby McDuffie,Buffalo,D1,G,29,54.8,78.7,33.9,9.8,D1
2805,2805,Thelma Barbitch,Charleston Southern,D1,G,30,54.8,80.2,37.9,10.5,D1
2806,2806,Kira Chivers,Loyola Chicago,D1,G,31,54.8,67.8,47,4.9,D1
2807,2807,Jayda Holiman,UTSA,D1,G,35,54.8,80.9,40.1,9.7,D1
2808,2808,Brynna Pukis,Long Beach State,D1,G,31,54.8,73.2,30.6,9.3,D1
2809,2809,Aneisha Scott,Richmond,D1,G,22,54.8,99,41.3,14,D1
2810,2810,Abbey Ferguson,Colgate,D1,F,31,54.8,79.6,48.4,5.2,D1
2811,2811,Leah Philpotts,Charleston,D1,G,31,54.8,99,39.9,12.2,D1
2812,2812,Sophia Pearl,Furman,D1,G,31,54.8,87,41,10.2,D1
2813,2813,Crystal Schultz,Prairie View A&M,D1,G,29,54.8,79,39.4,7.9,D1
2814,2814,Molly Lavin,Drexel,D1,F,9,54.8,92.1,43.7,13.1,D1
2815,2815,Chloe Briggs,Washington,D1,G,25,54.8,73,39.3,8.3,D1
2816,2816,Riley Grohman,Abilene Christian,D1,G,35,54.8,82.3,39.2,9.9,D1
2817,2817,Marta Hermoso,Northern Illinois,D1,F,30,54.8,95.4,30,11.6,D1
2818,2818,Sydney Bass,Loyola Maryland,D1,G,28,54.8,91.8,39.5,9.8,D1
2819,2819,Hannah Williams,Northern Arizona,D1,F,30,54.7,99,33.7,12.4,D1
2820,2820,TreShondra Williams,Marshall,D1,F,31,54.7,99,43,11.8,D1
2821,2821,Nika Lokica,Purdue Fort Wayne,D1,G,37,54.7,94,33.4,11.6,D1
2822,2822,Emily Eadie,Princeton,D1,F,30,54.7,71.3,36.8,9.3,D1
2823,2823,Alieghya Bartholomew,Grambling,D1,G,32,54.7,99,33.5,13.3,D1
2824,2824,Trinity Massenburg,George Mason,D1,F,19,54.7,74.1,45.8,7,D1
2825,2825,Emily Siesel,Bowling Green,D1,G,32,54.7,92.6,38.1,11.8,D1
2826,2826,Indiya Clarke,Fresno State,D1,G,21,54.7,90.7,44.5,11.7,D1
2827,2827,Tiara Abron,Northwestern State,D1,G,32,54.7,69.6,44.3,5.8,D1
2828,2828,Khloe Miller,Temple,D1,F,21,54.7,99,41.4,12.2,D1
2829,2829,Marta Guilera,New Mexico State,D1,F,21,54.7,74.2,38.9,10.2,D1
2830,2830,Michiyah Simmons,Florida Atlantic,D1,G,31,54.7,81,37.1,12,D1
2831,2831,Jazlyn Johnson,Alcorn State,D1,G,29,54.7,70.7,43.5,7.1,D1
2832,2832,Mary Gibbons,Navy,D1,G,31,54.7,99,33.9,10.5,D1
2833,2833,Lydia Aalsma,St. Thomas-Minnesota,D1,G,20,54.7,97.7,36.9,12.8,D1
2834,2834,Eirny Erinugha,Columbia,D1,F,29,54.6,73.3,43.5,7.4,D1
2835,2835,Morgan Matthews,Northeastern,D1,G,29,54.6,73.9,45.3,6.9,D1
2836,2836,Vera Ojenuwa,Georgia,D1,F,32,54.6,81.2,30,13.6,D1
2837,2837,Genevive Wedemeyer,Siena,D1,G,20,54.6,65.5,47.4,5.2,D1
2838,2838,Fia Proctor,Seattle,D1,F,30,54.6,95.2,39.9,12,D1
2839,2839,Kaia Henderson,Boston College,D1,G,31,54.6,86.6,35.7,11.4,D1
2840,2840,Maryn Archer,Arkansas,D1,G,24,54.6,78.1,30,10.2,D1
2841,2841,Layla Laws,Saint Peter's,D1,F,29,54.6,78,44.7,6.4,D1
2842,2842,Alia Cordone,New Hampshire,D1,F,22,54.6,99,46.5,10.7,D1
2843,2843,Karly Fischer,Marist,D1,F,31,54.6,82.2,44.1,8.5,D1
2844,2844,Abbey Vallance,St. Thomas-Minnesota,D1,G,30,54.6,89.8,39.1,9.6,D1
2845,2845,Sanaiya Morris,Nicholls,D1,G,27,54.6,82.7,32.6,8.6,D1
2846,2846,Daniela Falcon Hernandez,UC Irvine,D1,F,23,54.5,87.2,37,9.2,D1
2847,2847,Kendall Hendrix,Loyola Chicago,D1,G,25,54.5,78.9,33.4,11.2,D1
2848,2848,Aina Perez Mesquida,Rider,D1,G,28,54.5,64.6,46.3,4.6,D1
2849,2849,Anaya Harris,Gardner-Webb,D1,G,20,54.5,66,47,5.7,D1
2850,2850,Ileana Feliz,Canisius,D1,F,29,54.5,97.8,31.9,12.9,D1
2851,2851,Anaïs Levasseur,Albany,D1,G,7,54.5,62.2,38.9,7.6,D1
2852,2852,Raina McGowens,Furman,D1,G,31,54.5,99,42.9,13.3,D1
2853,2853,Eli Clark,Le Moyne,D1,G,29,54.5,75.2,38.7,8.1,D1
2854,2854,Valentina Ojeda,Rhode Island,D1,G,31,54.5,99,40.9,12.6,D1
2855,2855,Makayla Legette,Gardner-Webb,D1,G,31,54.5,68.7,45.1,4.8,D1
2856,2856,Sophi Hall,Providence,D1,G,32,54.5,99,35.9,12.4,D1
2857,2857,Ava Card,Chattanooga,D1,G,31,54.5,81,43.8,7.2,D1
2858,2858,Kyla Bryant,Georgia Southern,D1,G,31,54.5,99,39.8,12.7,D1
2859,2859,Kelian Cedano,Temple,D1,G,31,54.4,87,35.4,13.5,D1
2860,2860,Beth Nelson,Brown,D1,F,27,54.4,71.2,46.4,5.5,D1
2861,2861,Rachel Wirts,Villanova,D1,F,17,54.4,88.8,40.3,12.3,D1
2862,2862,Marisa Gant,Chicago State,D1,G,32,54.4,70.4,32.4,7.6,D1
2863,2863,Sara Sambolic,Michigan State,D1,G,22,54.4,88.7,30,15,D1
2864,2864,Kalyn Ervin,Alabama A&M,D1,G,24,54.4,99,42.9,11.8,D1
2865,2865,Kyriana Jones,Tarleton State,D1,G,28,54.4,76.9,37.4,9.3,D1
2866,2866,Mia Gaines,Southern Illinois,D1,C,26,54.4,94.6,43.3,10.1,D1
2867,2867,Naomi Smitherman,Little Rock,D1,F,22,54.4,82,37.4,9.7,D1
2868,2868,Caitlyn Holmes,Kent State,D1,G,30,54.4,91.8,34.8,12.3,D1
2869,2869,Niamya Holloway,Minnesota,D1,F,24,54.4,99,36.6,15.8,D1
2870,2870,Ana Conde,Denver,D1,G,30,54.4,72.2,35.7,7.8,D1
2871,2871,Faith Pappas,Sacred Heart,D1,G,20,54.4,77.9,39,10.5,D1
2872,2872,Kaia Foster,New Mexico,D1,G,21,54.4,99,38.8,12.4,D1
2873,2873,Kailyn Peters,Bethune-Cookman,D1,G,36,54.4,74.8,41.5,7.2,D1
2874,2874,Dynasti Pierce,William & Mary,D1,G,25,54.4,80.5,35.9,9.9,D1
2875,2875,Oyindamola Akinbolawa,Syracuse,D1,C,19,54.4,81.9,39.6,11.5,D1
2876,2876,Imani Smith,Charlotte,D1,G,32,54.4,68.8,43.8,6.6,D1
2877,2877,Ella Wigal,Akron,D1,G,26,54.3,81.2,40.2,9.8,D1
2878,2878,Ally Pape,Cornell,D1,G,27,54.3,99,42.7,12.3,D1
2879,2879,Caterina Piatti,Florida,D1,C,33,54.3,75.2,38.4,8.8,D1
2880,2880,Stephie Salumu,Northwestern State,D1,F,22,54.3,99,30,13.9,D1
2881,2881,Kirah Dandridge,Radford,D1,G,38,54.3,73,39.9,7.7,D1
2882,2882,Alyssa Nielsen,Lindenwood,D1,F,33,54.3,97.6,44.8,11.2,D1
2883,2883,Angela Williams,James Madison,D1,G,32,54.3,99,30,13.7,D1
2884,2884,Payton Dulin,George Washington,D1,G,29,54.3,77.2,30,10.7,D1
2885,2885,Anna Rescifina,American University,D1,G,29,54.3,68.2,47.8,5.1,D1
2886,2886,Baylee Lowder,Coastal Carolina,D1,G,30,54.3,93.8,35.9,11.3,D1
2887,2887,Zaria Hurston,Southern,D1,G,34,54.3,99,42.6,11.1,D1
2888,2888,Mary Clare Brusek,Western Michigan,D1,F,23,54.3,71.8,41,7.9,D1
2889,2889,Bianca Silva,Louisiana,D1,G,32,54.3,69.5,30,8.9,D1
2890,2890,Nisea Burrell,Detroit-Mercy,D1,G,28,54.3,84.8,41,8,D1
2891,2891,Ali Stephens,Omaha,D1,F,33,54.3,72.3,44.6,6.6,D1
2892,2892,Da'Kariya Jackson,Southeast Missouri State,D1,G,23,54.3,71.9,40.4,8.6,D1
2893,2893,Ma'Riya Vincent,Missouri,D1,G,25,54.2,98,35.2,13.2,D1
2894,2894,Elisabeth Aegisdottir,Liberty,D1,F,32,54.2,64,42.5,5,D1
2895,2895,Terrayah McCoy,East Texas A&M,D1,G,20,54.2,99,44.1,14.3,D1
2896,2896,Waiata Jennings,Alabama,D1,G,27,54.2,87.9,38.8,12.8,D1
2897,2897,Erin Maguire,UT Rio Grande Valley,D1,G,33,54.2,79.9,45,7.9,D1
2898,2898,Brooklyn Swann,Florida A&M,D1,G,28,54.2,72.8,39.8,8,D1
2899,2899,Maeva Gauffrenet,Idaho State,D1,G,30,54.2,97,36.1,14,D1
2900,2900,Caydence Hadley,Siena,D1,G,30,54.2,84.3,40,9.6,D1
2901,2901,Nevaeh Brown,Georgia Southern,D1,G,18,54.2,85.7,33.6,11.3,D1
2902,2902,Praise Matthews,Le Moyne,D1,F,25,54.2,90.8,30.6,11.7,D1
2903,2903,Ellie Taylor,Radford,D1,G,38,54.2,91,30,9.8,D1
2904,2904,Michaela Bogans,Morgan State,D1,G,28,54.2,99,36,12.8,D1
2905,2905,Giana Hoddinott,Mount St. Mary's,D1,G,30,54.2,81.9,44.6,7,D1
2906,2906,Katie Criswell,North Alabama,D1,G,31,54.2,67.1,40.3,6,D1
2907,2907,Julie Bahati,St. John's,D1,F,20,54.1,72.8,45.6,7.9,D1
2908,2908,Kennedy Younkin,East Tennessee State,D1,F,28,54.1,67.6,46.1,5.9,D1
2909,2909,Mackenzie Wright-Rawls,N.J.I.T.,D1,F,27,54.1,69.5,43.6,7.1,D1
2910,2910,Marta Jaama,Columbia,D1,F,20,54.1,85.9,39.9,9.5,D1
2911,2911,Leah West,Belmont,D1,F,24,54.1,84.6,38.4,9.5,D1
2912,2912,Paige Lofing,Gonzaga,D1,G,27,54.1,94.2,32.6,12.1,D1
2913,2913,Ella Kreuzer,Bucknell,D1,G,26,54.1,72.2,36.4,8.1,D1
2914,2914,Olivia Shaughnessy,Loyola Maryland,D1,G,28,54.1,68.6,41.9,6.6,D1
2915,2915,Keira Lindemans,Oregon State,D1,G,30,54.1,89.6,34.3,10,D1
2916,2916,Karys Washington,Wichita State,D1,G,15,54.1,84.2,41,11.3,D1
2917,2917,Jasmine Dupree-Hebert,Oakland,D1,G,31,54.1,75.1,37.4,8.8,D1
2918,2918,Laura Hauge,St. Thomas-Minnesota,D1,G,32,54.1,75.5,33.1,9.1,D1
2919,2919,Molly Manion,Merrimack,D1,G,32,54.1,93.3,35.1,11,D1
2920,2920,Felicia Jacobs,Temple,D1,F,32,54.1,99,39.1,11.9,D1
2921,2921,Alana Reddy,Lehigh,D1,G,32,54,68.1,38.2,7.2,D1
2922,2922,Erianna Gooden,Colorado,D1,G,34,54,99,30,11.9,D1
2923,2923,Delaney Cooper,Stony Brook,D1,G,18,54,84.5,38.3,11.4,D1
2924,2924,Alli Zajac,Eastern Michigan,D1,F,23,54,88.2,33.3,12,D1
2925,2925,Paige Engels,Cornell,D1,G,27,54,99,43.7,10.3,D1
2926,2926,JaNyla Bush,Missouri State,D1,G,36,54,96.6,31.3,14.3,D1
2927,2927,Rose Nelson,Bryant,D1,F,30,54,82.5,36.8,9.1,D1
2928,2928,Emma Arca,Stonehill,D1,F,24,54,75.1,43.5,7,D1
2929,2929,Mikayla Johnson,New Orleans,D1,G,18,54,89.2,30,16.7,D1
2930,2930,Camryn Fauria,New Hampshire,D1,G,30,54,94.3,36.1,10.9,D1
2931,2931,Sydnie Rodriguez,Seattle,D1,G,23,54,69,39.3,7.8,D1
2932,2932,Eden Sample,Jacksonville State,D1,G,32,54,79.2,46.4,7.5,D1
2933,2933,Lauren Nelson,Alcorn State,D1,F,29,54,79.5,45.4,7.5,D1
2934,2934,Rosalie Mercille,Loyola Chicago,D1,G,32,54,71.5,41.9,8.6,D1
2935,2935,Lauren Bailey,Furman,D1,G,26,53.9,78.4,42.7,8.2,D1
2936,2936,Blau Tor,Columbia,D1,G,21,53.9,76.8,46.2,7.7,D1
2937,2937,Ariana Simmons,South Carolina State,D1,G,13,53.9,87.3,38,11.7,D1
2938,2938,Logan Luebbers Palmer,Evansville,D1,G,18,53.9,70.2,39,7.9,D1
2939,2939,Riley Smith,Central Michigan,D1,F,13,53.9,76.7,37.7,10.3,D1
2940,2940,Paige Smith,UNC Wilmington,D1,G,21,53.9,83,30,13.4,D1
2941,2941,Sara Zabrecky,UIC,D1,G,32,53.9,67.3,43.5,5.1,D1
2942,2942,Adriana Robles,UTSA,D1,G,35,53.9,88.3,37,11,D1
2943,2943,KJ Walker,Lamar,D1,G,29,53.9,75,41.8,7.5,D1
2944,2944,Molly Powell,Lamar,D1,F,20,53.9,75.1,46.1,6.6,D1
2945,2945,Zana Justice,Florida A&M,D1,C,20,53.9,70.9,44.5,5.6,D1
2946,2946,Corinne Reed,Akron,D1,G,28,53.9,77,38.4,9.7,D1
2947,2947,Jaida Cameron,Maryland-Eastern Shore,D1,G,32,53.9,74.9,36.2,10.1,D1
2948,2948,Faith Lee,Missouri State,D1,F,36,53.9,75.9,30.6,10,D1
2949,2949,Venla Ulander,North Alabama,D1,F,28,53.9,95.9,34.1,12.7,D1
2950,2950,Tyra Kennedy,Hampton,D1,G,10,53.9,89.6,39.6,15.3,D1
2951,2951,CeCe Legaspi,California Baptist,D1,G,27,53.9,70.9,45,5.8,D1
2952,2952,Dasia Turner,Northwestern State,D1,F,28,53.9,94,36,13.1,D1
2953,2953,Stella Szabo,Pacific,D1,G,30,53.9,72,33.6,8.9,D1
2954,2954,Erin Powell,Northern Colorado,D1,F,34,53.9,74.5,38,8.1,D1
2955,2955,Emma Christiano,New Mexico State,D1,G,31,53.9,79.9,39.1,8,D1
2956,2956,Jesslynn Jalomo,Nicholls,D1,G,31,53.8,94.2,38,9.1,D1
2957,2957,Callie Levin,Iowa,D1,G,20,53.8,89.8,41,11.2,D1
2958,2958,Kimora Smith,South Carolina State,D1,F,28,53.8,79.4,41.9,8.4,D1
2959,2959,Angelica Velez,Syracuse,D1,G,25,53.8,82.1,35.7,12.5,D1
2960,2960,Tessa Engelman,Tarleton State,D1,F,28,53.8,73.5,40.7,8.3,D1
2961,2961,Mikayla Aumer,North Dakota,D1,G,31,53.8,98.1,39,12,D1
2962,2962,Gianna Angiolet,UT Rio Grande Valley,D1,G,30,53.8,68.2,46.3,5.4,D1
2963,2963,Junae Mahan,UC San Diego,D1,G,16,53.8,63.1,47.6,4.7,D1
2964,2964,Kate Schat,Santa Clara,D1,G,33,53.8,97.2,33.4,13,D1
2965,2965,Olivia Delancy,Southern,D1,G,33,53.8,80.9,30,11,D1
2966,2966,Abby Jegede,Tulsa,D1,G,25,53.8,75.8,31.1,8.9,D1
2967,2967,Micaela Carter,Hofstra,D1,G,31,53.8,83.2,38.6,9.9,D1
2968,2968,Lili Booker,Longwood,D1,G,24,53.8,99,41.1,13.8,D1
2969,2969,Roisin Grandberry,Loyola Chicago,D1,F,29,53.8,85,42.3,9.3,D1
2970,2970,Christina Bowers,Western Carolina,D1,G,28,53.8,75.5,30,9.4,D1
2971,2971,Aaliyah Henderson,Texas Southern,D1,G,22,53.7,99,30,18.1,D1
2972,2972,Missy Nuku,Sacred Heart,D1,G,25,53.7,74,43.7,6.4,D1
2973,2973,Janiya Jones,Mississippi Valley State,D1,G,31,53.7,63,41,5.4,D1
2974,2974,Madison Lewis,Eastern Kentucky,D1,G,24,53.7,90.6,32.2,13.3,D1
2975,2975,Lilah Moore,Northern Colorado,D1,F,21,53.7,77.8,42.9,8.6,D1
2976,2976,Savannah Davis,Middle Tennessee,D1,G,33,53.7,97.5,44.6,9.9,D1
2977,2977,Jada Williams,Milwaukee,D1,G,35,53.7,69.3,42.5,6.6,D1
2978,2978,Emerson Thompson,Campbell,D1,G,29,53.7,68.7,44.4,6.8,D1
2979,2979,E'Zaria Adams,IU Indianapolis,D1,G,30,53.7,99,30,12.6,D1
2980,2980,Maya Chocano,UC Riverside,D1,G,32,53.7,99,39.4,10.3,D1
2981,2981,Mya Giles,South Carolina State,D1,G,18,53.7,87.4,31.4,14.8,D1
2982,2982,Bianca Juzzo,Kent State,D1,F,29,53.7,85.4,40.6,9.6,D1
2983,2983,Mia James,George Washington,D1,G,36,53.7,99,36.5,12.6,D1
2984,2984,Amelia Basit,William & Mary,D1,F,17,53.7,74,41.8,8.5,D1
2985,2985,Kayla Martin,Gardner-Webb,D1,G,29,53.7,84.4,45,7.7,D1
2986,2986,Samira Khalil,Elon,D1,G,26,53.7,99,38.4,10.9,D1
2987,2987,Taliah Cornish,Charlotte,D1,G,28,53.7,99,30,13.4,D1
2988,2988,Jordyn Marshall,Texas Southern,D1,G,23,53.7,99,30.4,13.4,D1
2989,2989,Kyaija Stewart,Texas State,D1,F,14,53.6,77.4,45.1,8.5,D1
2990,2990,Kaylee Krysztof,St. Bonaventure,D1,G,27,53.6,76.1,40.5,9.1,D1
2991,2991,Briontanay Marshall,Arkansas-Pine Bluff,D1,C,30,53.6,66.2,43.6,4.7,D1
2992,2992,Bhret Clay,Air Force,D1,G,34,53.6,70.6,40,6.7,D1
2993,2993,Haven Fisher,Tulsa,D1,G,31,53.6,79.4,40.6,7.5,D1
2994,2994,Claudia Fiel,Iona,D1,G,32,53.6,65.1,41.8,5.4,D1
2995,2995,Olivia Williams,San Francisco,D1,G,22,53.6,98.7,33.8,14.8,D1
2996,2996,Alena Fusetti,Mercyhurst,D1,G,32,53.6,98.4,41.7,12.7,D1
2997,2997,Rose Azmoudeh,Boston University,D1,G,31,53.6,85.5,43,8.3,D1
2998,2998,Alisha Peavy,Tulsa,D1,G,31,53.6,99,41.6,10,D1
2999,2999,Macy Donarski,Montana,D1,G,30,53.6,69.7,46.1,4.4,D1
3000,3000,Jayda Lewis,Boise State,D1,G,28,53.6,88.8,40.1,9.5,D1
3001,3001,Paris Bass,Chicago State,D1,F,30,53.6,76.2,40.4,8.4,D1
3002,3002,Divine Bourrage,LSU,D1,G,24,53.5,99,44.4,10.8,D1
3003,3003,JaMya Robinson,Longwood,D1,G,32,53.5,85.6,41.5,9.3,D1
3004,3004,Carla Fuster,San Jose State,D1,G,31,53.5,84.1,35.9,12,D1
3005,3005,Johanna Flores,Iona,D1,F,20,53.5,81.6,44.8,8.4,D1
3006,3006,Breanna Davis,Abilene Christian,D1,G,35,53.5,84.9,32.1,8.5,D1
3007,3007,Emmah McAmis,East Tennessee State,D1,G,30,53.5,77.7,37.1,11.1,D1
3008,3008,Micayla Silas,Milwaukee,D1,G,27,53.5,72.7,39.5,9.4,D1
3009,3009,Ja'Cia Cunningham,Presbyterian,D1,G,29,53.4,99,30,14.1,D1
3010,3010,Amandine Amorich,Loyola Maryland,D1,G,29,53.4,74.4,32.5,8.2,D1
3011,3011,Betsey Burnett,Western Carolina,D1,G,29,53.4,99,37.6,13.2,D1
3012,3012,Claire Hyde,Belmont,D1,G,25,53.4,68.7,42.1,7.4,D1
3013,3013,Myonna Hooper,Detroit-Mercy,D1,G,31,53.4,78.8,30.8,10.3,D1
3014,3014,Samaria Taylor,Furman,D1,G,27,53.4,79,44.5,9.7,D1
3015,3015,Ella Van Weelden,Cleveland State,D1,F,37,53.4,75.3,41.1,8,D1
3016,3016,Stanislava Kabernick,Middle Tennessee,D1,F,29,53.4,69,43,6.9,D1
3017,3017,Madisyn Moore-Nicholson,American University,D1,G,29,53.4,70.9,30,7.2,D1
3018,3018,Jovi Lefotu,Hawaii,D1,G,22,53.4,99,34.8,14.1,D1
3019,3019,Messiah Hunter,Seton Hall,D1,F,32,53.4,88.6,34,9.9,D1
3020,3020,Hannah Coons,Oral Roberts,D1,F,28,53.4,68.4,36.1,7.9,D1
3021,3021,Evie Van Der Woude,Canisius,D1,C,18,53.4,69.3,37,7.6,D1
3022,3022,Morgan Boyd,Presbyterian,D1,G,17,53.4,84.4,35.6,9.6,D1
3023,3023,Dagny Slomack,UMBC,D1,G,30,53.4,83.8,34,10.5,D1
3024,3024,Kamille Henriksen,Gardner-Webb,D1,F,12,53.4,72,40.5,8.2,D1
3025,3025,Madison Ayers,Southeast Missouri State,D1,G,24,53.4,92.9,38.8,12.3,D1
3026,3026,Victoria Rivera,Georgetown,D1,G,9,53.3,91.3,49.6,12.7,D1
3027,3027,Mya Cotto,Little Rock,D1,G,31,53.3,89.2,43.8,9.1,D1
3028,3028,Leyla Minor,UNC Greensboro,D1,G,31,53.3,99,40.7,14.1,D1
3029,3029,Hannah Fields,Houston Christian,D1,G,28,53.3,78.3,30,11.3,D1
3030,3030,Olivia Lawlor,Dartmouth,D1,F,24,53.3,80.4,33.6,9.7,D1
3031,3031,Noa Givon,Robert Morris,D1,G,32,53.3,71.4,43.8,6.3,D1
3032,3032,Jamison Cardwell,North Florida,D1,G,26,53.3,82.3,30,10.8,D1
3033,3033,Takya Walters-Norman,Alabama State,D1,G,28,53.3,99,36.2,11.2,D1
3034,3034,Janaye Walker,Hampton,D1,F,20,53.3,66.4,43.2,5.7,D1
3035,3035,Britain Backus,Nevada,D1,G,32,53.3,86.5,40.9,11.4,D1
3036,3036,Amelia Hobson,North Dakota State,D1,G,33,53.3,89.8,37.4,10.1,D1
3037,3037,Angena Belloso,Auburn,D1,G,27,53.3,90.4,31.1,13.3,D1
3038,3038,Vitoria Santana,Penn State,D1,G,28,53.3,94.7,38.2,11.6,D1
3039,3039,Candela Garcia-Escribano Pozo,Stetson,D1,G,28,53.3,99,37.6,12.8,D1
3040,3040,Jasmine Fearne,Bowling Green,D1,G,31,53.3,82.3,41.1,11.4,D1
3041,3041,Mariona Cos-Morales,Cal State Northridge,D1,F,30,53.2,77.9,42.2,8.6,D1
3042,3042,Taya Davis,Wichita State,D1,G,32,53.2,89.9,36.3,10.6,D1
3043,3043,Cheyenne Banks,Wichita State,D1,C,28,53.2,84.7,34.6,9.6,D1
3044,3044,Alivia Landy,Wagner,D1,G,30,53.2,99,30,14.2,D1
3045,3045,Claudia Clement,Delaware,D1,F,13,53.2,64.8,43,6.8,D1
3046,3046,Tyra Taylor,Arkansas-Pine Bluff,D1,F,30,53.2,76.4,36.2,7.7,D1
3047,3047,Emily Monson,Middle Tennessee,D1,G,12,53.2,63.8,46.6,4.9,D1
3048,3048,Natalie Johnson,Akron,D1,G,28,53.2,85.6,38.2,11.5,D1
3049,3049,Leah Middleton,Binghamton,D1,G,33,53.2,76.2,38.9,8.6,D1
3050,3050,Patricia Sherrill,Bellarmine,D1,C,26,53.2,77.8,32.1,9.8,D1
3051,3051,Sharmela Reid,Jacksonville,D1,F,31,53.2,96,36.8,10.4,D1
3052,3052,Jana Canadell,Cal State Northridge,D1,F,15,53.1,77.2,45.1,8,D1
3053,3053,Grecia Ferrer Leal,Florida International,D1,G,33,53.1,80.4,33.9,8.9,D1
3054,3054,Maria Doreste,Wagner,D1,G,30,53.1,92.3,30,11.8,D1
3055,3055,Janyah Bohanon,Buffalo,D1,G,22,53.1,76.3,32.8,9.7,D1
3056,3056,Klea Kaci,Wagner,D1,G,26,53.1,72.4,40.8,7.2,D1
3057,3057,Kyley Gary-Grayson,Coppin State,D1,G,23,53.1,84.5,31.2,13.8,D1
3058,3058,R'Mani Taylor,Lamar,D1,G,30,53.1,71,34.5,8,D1
3059,3059,Dasia Hyams,Houston Christian,D1,G,28,53.1,90.4,42.9,9.1,D1
3060,3060,Amelia Pfeiffer,Tennessee Tech,D1,C,28,53.1,72.4,35.4,7.2,D1
3061,3061,Hannah Wallace,Saint Louis,D1,G,10,53.1,66,42.7,6.4,D1
3062,3062,Tania Allen,Chicago State,D1,G,32,53.1,73.4,30,9.9,D1
3063,3063,Liisa Taponen,Akron,D1,C,24,53.1,99,46.4,10.9,D1
3064,3064,Laila Grant,Jackson State,D1,F,20,53.1,90.6,44,11.5,D1
3065,3065,Ashlyn Howard,UAB,D1,F,20,53.1,81.1,46.1,9,D1
3066,3066,Olivia Alvarez,Maine,D1,G,32,53.1,71,38.5,7.8,D1
3067,3067,Paloma Munoz Herreros,Utah State,D1,G,30,53.1,79.3,32.3,10.6,D1
3068,3068,Kristian Hieskill,Tarleton State,D1,G,21,53,67.8,45.5,6.5,D1
3069,3069,Demonnie Lagway,Southern,D1,G,33,53,90.5,30,10.7,D1
3070,3070,Jessica Wangolo,Le Moyne,D1,G,31,53,70.2,33.7,6.8,D1
3071,3071,Andrea Chiquemba,Bellarmine,D1,F,31,53,77.2,36.4,7.8,D1
3072,3072,Jayla Kimbrough,New Orleans,D1,G,28,53,73.3,30.6,9,D1
3073,3073,Filipa Calisto,George Washington,D1,G,21,53,87.5,46.7,10,D1
3074,3074,Kayla Henry,Central Connecticut,D1,F,21,53,85.9,44.6,8.7,D1
3075,3075,Kira-May Filemu,Hawaii,D1,G,17,53,69.7,41.2,8,D1
3076,3076,Rakiyah Beal,Alabama A&M,D1,G,34,53,84.5,40,8.1,D1
3077,3077,Aspen Caldwell,Idaho State,D1,G,28,53,73.5,45.5,7.5,D1
3078,3078,Tove Caesar,Houston Christian,D1,G,29,53,88.3,36.2,9.9,D1
3079,3079,Paige Lyons,East Tennessee State,D1,G,27,53,75.6,44.1,7.7,D1
3080,3080,Olivia Watkins,Siena,D1,G,26,53,81,45.3,7.6,D1
3081,3081,Jade Rutledge,Niagara,D1,F,28,52.9,63.2,48,4,D1
3082,3082,Sanaa Bean,UTSA,D1,F,35,52.9,71,34.8,9.3,D1
3083,3083,Chloe Emanga,Seattle,D1,G,29,52.9,74,39.9,8.7,D1
3084,3084,Payton Dunbar,Providence,D1,G,33,52.9,99,32.6,11.7,D1
3085,3085,MD Ntambue,Villanova,D1,G,25,52.9,75,38.7,9.5,D1
3086,3086,Maeva Fotsa,Austin Peay,D1,F,25,52.9,89.8,41.4,11,D1
3087,3087,Valencia Fontenelle-Posson,Siena,D1,G,22,52.9,84.9,30.5,11.2,D1
3088,3088,Kailee Davis,Detroit-Mercy,D1,G,20,52.9,72.5,44.5,7.4,D1
3089,3089,Audrey Hopkins,Missouri State,D1,G,34,52.9,97.7,36.3,10.6,D1
3090,3090,Jade Campbell,Niagara,D1,F,28,52.9,99,33.7,11.6,D1
3091,3091,Samantha Serrano,UIC,D1,G,31,52.9,75.1,36.9,8.1,D1
3092,3092,Kaliyah Dillard,San Jose State,D1,G,31,52.9,99,42.5,10.6,D1
3093,3093,Jessica Grant,UC Santa Barbara,D1,G,30,52.9,84.9,42.4,9.6,D1
3094,3094,Jayden Rhodes,San Diego,D1,G,28,52.9,99,41.9,10.1,D1
3095,3095,Dylan Mogel,Seattle,D1,G,18,52.9,82.1,39.7,9.6,D1
3096,3096,Jordan Campbell,Florida Gulf Coast,D1,G,32,52.9,97.4,42.2,11.8,D1
3097,3097,Alexa Hocevar,Toledo,D1,G,26,52.9,78.7,37.7,8.1,D1
3098,3098,Dayuna Colvin,Queens University,D1,G,30,52.9,96,42.3,10,D1
3099,3099,Elli Porter,Wofford,D1,G,31,52.9,78.4,44.9,7.3,D1
3100,3100,Najah Lane,North Carolina Central,D1,G,29,52.9,96.9,35.2,10.2,D1
3101,3101,Jillian Brown,Virginia,D1,G,31,52.9,85.8,30,14.6,D1
3102,3102,Mya Pierfax,Winthrop,D1,G,32,52.9,77.5,42.9,8.2,D1
3103,3103,Eszter Turi,Saint Peter's,D1,G,28,52.9,99,39.3,11.1,D1
3104,3104,Keana Foz,Wagner,D1,G,27,52.9,67.7,40.1,6.1,D1
3105,3105,Mar'Cyah Willis,Tarleton State,D1,G,29,52.9,99,40,13.2,D1
3106,3106,Iman Addison,Delaware State,D1,G,16,52.9,99,42.6,12.3,D1
3107,3107,Elizabeth Archer,American University,D1,G,29,52.8,69.6,39.2,8,D1
3108,3108,Sofia Alonso,California Baptist,D1,G,29,52.8,78.3,36.2,9.8,D1
3109,3109,Maren Louridas,Navy,D1,G,30,52.8,89,42.4,9.3,D1
3110,3110,Olivia Kieffer,South Dakota,D1,G,25,52.8,76.9,37.6,8.9,D1
3111,3111,Jaelyn Talley,North Texas,D1,F,28,52.8,77,40.3,8.2,D1
3112,3112,Emma Tolan,Oklahoma,D1,F,21,52.8,80.7,39.6,9.3,D1
3113,3113,Lexi Blue,Kentucky,D1,G,28,52.8,99,30,14.3,D1
3114,3114,Fatime Seck,SE Louisiana,D1,G,26,52.8,84.8,38.1,9.1,D1
3115,3115,Kaili Chamberlin,McNeese,D1,G,35,52.8,86.3,40.1,10.1,D1
3116,3116,Courtney Swider,Wofford,D1,F,27,52.8,92.7,43.6,10.3,D1
3117,3117,Audrey Ericksen,Boston University,D1,G,30,52.8,67,39.1,5.4,D1
3118,3118,Talia Harris,Mercer,D1,G,26,52.8,65,41.6,6,D1
3119,3119,Kennedy Horton,UT Martin,D1,F,28,52.8,64.3,37.6,6.6,D1
3120,3120,London Liley,Fordham,D1,F,21,52.8,86,44.1,10.4,D1
3121,3121,Madjiguene Pene,North Carolina Central,D1,C,20,52.8,68.2,44.1,7.4,D1
3122,3122,Dalayja Hurt-Floyd,Alcorn State,D1,G,30,52.8,76.8,42.7,8.7,D1
3123,3123,Persais Williams,Winthrop,D1,G,26,52.8,82.3,39.8,8.7,D1
3124,3124,Jaiden Bryant,SIU-Edwardsville,D1,G,28,52.8,93.1,38.9,10.6,D1
3125,3125,Brooklyn King,Furman,D1,G,22,52.8,81.1,36.1,8.7,D1
3126,3126,Alena Cofield,Rider,D1,G,27,52.7,76,44.8,6.5,D1
3127,3127,Rose Boisnel,Utah Tech,D1,F,19,52.7,72.6,37.5,9.4,D1
3128,3128,Erin Sellers,UT Arlington,D1,G,32,52.7,83.3,38.9,9.1,D1
3129,3129,Ines Gnahore,Austin Peay,D1,G,33,52.7,79,38.4,8.6,D1
3130,3130,London Harris,North Dakota,D1,G,26,52.7,76.5,32.4,8.9,D1
3131,3131,Iyana Beh,New Mexico State,D1,F,16,52.7,66,47.6,6.1,D1
3132,3132,Isabel Tillett,Saint Louis,D1,G,33,52.7,71.3,36.3,8.7,D1
3133,3133,Kenzie Matulonis,New Hampshire,D1,G,30,52.7,92.9,43.4,10,D1
3134,3134,Allyson Ferguson,Arkansas State,D1,F,20,52.7,70,44.6,6.8,D1
3135,3135,D'Shantae Edwards,Southern,D1,G,33,52.7,94.2,35.6,11.1,D1
3136,3136,Ava Smith,Bellarmine,D1,G,30,52.7,78.6,30,8.4,D1
3137,3137,Valerie Norwood,Lindenwood,D1,G,33,52.7,81.9,30,10.8,D1
3138,3138,Micah O'Dell,Mercer,D1,G,25,52.7,68.4,43.1,6.3,D1
3139,3139,Anna Csenyi,New Mexico State,D1,G,31,52.7,74,40.4,8.7,D1
3140,3140,Ore Ogunwolere,Presbyterian,D1,G,29,52.7,96.3,46.1,9.4,D1
3141,3141,Lucia Moreno Tallon,UC Riverside,D1,F,28,52.7,76.6,42.5,7.8,D1
3142,3142,Ava Sawi,Radford,D1,G,21,52.7,69.5,40.3,7.8,D1
3143,3143,Fui Niumeitolu,Weber State,D1,G,28,52.7,82.7,35.6,10.5,D1
3144,3144,Wesleigh Ferguson,Mount St. Mary's,D1,G,26,52.7,72.2,30,7.7,D1
3145,3145,Jasmine Davis,Arkansas-Pine Bluff,D1,G,30,52.7,64.7,36.7,6.9,D1
3146,3146,Hedda Koehne,Fresno State,D1,F,33,52.6,72.5,40.6,7.1,D1
3147,3147,Jasmine McKay,New Haven,D1,G,25,52.6,74.8,36.6,8.5,D1
3148,3148,Kennedy Klick,Minnesota,D1,G,16,52.6,74.6,41,9.5,D1
3149,3149,Nadira Eltayeb,Kansas,D1,C,25,52.6,75.5,39.5,9.1,D1
3150,3150,Reyleigh Hess,California Baptist,D1,G,33,52.6,69.9,33.6,7.5,D1
3151,3151,Detavia Salter,Troy,D1,F,31,52.6,79.5,43,8.9,D1
3152,3152,Aysia Hinton,North Carolina Central,D1,G,29,52.6,98.7,36.3,11.5,D1
3153,3153,Tatum Boettjer,Western Kentucky,D1,F,29,52.6,82.3,40.5,9.8,D1
3154,3154,Skyler Christmas,Jackson State,D1,G,12,52.6,99,46.9,13.8,D1
3155,3155,Elyse MacDonough,St. Bonaventure,D1,G,33,52.6,68.4,40.9,6.4,D1
3156,3156,Kyleigh Welsh,N.J.I.T.,D1,F,32,52.6,67.8,39.7,6.1,D1
3157,3157,Malaya LeSueur,Texas Southern,D1,G,29,52.6,71.8,30,9,D1
3158,3158,Shiloh Kimpson,Tulane,D1,G,26,52.6,76.3,35.4,10,D1
3159,3159,Kyleigh Ortiz,Wichita State,D1,G,19,52.6,73.1,44,10.6,D1
3160,3160,Ivona Miljanic,La Salle,D1,G,34,52.6,78.2,42.6,7.7,D1
3161,3161,Kendal George,SIU-Edwardsville,D1,G,20,52.5,99,41.9,12.1,D1
3162,3162,Jacorriah Bracey,UCF,D1,G,31,52.5,70.4,38.9,7.1,D1
3163,3163,Ahmya Boyce,East Texas A&M,D1,G,30,52.5,68,31,7.6,D1
3164,3164,DeAvion Wilson,New Mexico State,D1,G,28,52.5,81.2,30,8.7,D1
3165,3165,Lauren Patnode,La Salle,D1,G,34,52.5,68.9,43.3,6.2,D1
3166,3166,Nyah Hardy,Eastern Illinois,D1,G,28,52.5,76.2,30,9.5,D1
3167,3167,Laura Nogues,American University,D1,G,18,52.5,69.5,44.1,7.2,D1
3168,3168,Leila Wells,Virginia Tech,D1,G,33,52.5,94,31.1,12.2,D1
3169,3169,Selina Gutierrez,Morgan State,D1,G,19,52.5,96.3,30,15,D1
3170,3170,Soleil Montrose,Army,D1,G,34,52.5,84,35,10.6,D1
3171,3171,Olivia O'Meally,N.J.I.T.,D1,F,28,52.5,73.5,39.7,6.3,D1
3172,3172,Dresha Moore,San Diego,D1,F,30,52.5,70.3,39.8,7.6,D1
3173,3173,Circe Rubio Remolar,Morehead State,D1,G,31,52.5,71.5,30,8.9,D1
3174,3174,Louella Allana,Saint Peter's,D1,G,30,52.5,67,34.4,6.4,D1
3175,3175,Lilliana Petersen,Cal State Fullerton,D1,F,19,52.4,75.3,41.2,8.6,D1
3176,3176,Skyler Volmer,North Dakota,D1,G,30,52.4,70.6,30,9.6,D1
3177,3177,Ashna Tambe,Pennsylvania,D1,G,24,52.4,77.2,42.4,7.8,D1
3178,3178,Sophie Lentfer,UC Davis,D1,G,31,52.4,75.7,39.3,8.1,D1
3179,3179,Ava Marr,Fresno State,D1,G,34,52.4,75.8,34,7.9,D1
3180,3180,Coriah Beck,Alabama A&M,D1,G,26,52.4,83.9,30,9.4,D1
3181,3181,Rory Conboy,SIU-Edwardsville,D1,F,24,52.4,63.3,46,5.2,D1
3182,3182,Joyce Mulumba,Western Carolina,D1,F,24,52.4,69.2,46.6,6,D1
3183,3183,Tali Fa'i,Sacramento State,D1,G,28,52.4,91.9,36.8,10.2,D1
3184,3184,Nikola Zdenkova,Saint Peter's,D1,F,30,52.4,75.7,39.9,7.2,D1
3185,3185,Gal-la Font,West Georgia,D1,F,31,52.4,99,40.3,10.2,D1
3186,3186,Allie Sykes,Presbyterian,D1,G,29,52.4,99,39.7,13.9,D1
3187,3187,Madisyn Jordan,Wake Forest,D1,G,32,52.4,89.5,34.3,13.4,D1
3188,3188,Sophie Nascimento,Sacred Heart,D1,G,31,52.4,76.9,30,9.6,D1
3189,3189,Theoni Tsami,UC Davis,D1,F,26,52.4,72.8,45.8,6.6,D1
3190,3190,Jada Kendrick,Howard,D1,F,31,52.3,75.2,32.8,8.8,D1
3191,3191,Madelyne Davis,Houston Christian,D1,G,19,52.3,63.4,37.4,7.1,D1
3192,3192,Jordan Brown,North Carolina A&T,D1,G,16,52.3,77.9,34.9,11.4,D1
3193,3193,Mireia Jurado,Arizona,D1,G,30,52.3,99,36.1,11.5,D1
3194,3194,Izzy Forsyth,Hawaii,D1,G,28,52.3,73.4,35.1,8.5,D1
3195,3195,Julia Corsentino,Marist,D1,G,30,52.3,80.4,40.3,7.7,D1
3196,3196,Anna Kunzwiler,Bucknell,D1,G,29,52.3,90.4,45.1,8.4,D1
3197,3197,Ivona Djikanovic,St. Bonaventure,D1,G,22,52.3,71.6,41.1,6.6,D1
3198,3198,Amani Williams,Presbyterian,D1,F,27,52.3,72.2,45.7,5.9,D1
3199,3199,Tianna Sutherland,Cal State Bakersfield,D1,G,24,52.3,78.2,40.2,7.7,D1
3200,3200,Jada Brown,Vanderbilt,D1,G,33,52.3,84.9,35.8,10.3,D1
3201,3201,Peyton Wohlford,Wyoming,D1,F,16,52.3,99,33.7,16.4,D1
3202,3202,Olivia Pifer,Bellarmine,D1,G,17,52.3,64.9,46.9,4,D1
3203,3203,Catelyn Wheeler,Stonehill,D1,G,19,52.3,94.9,40.6,12.6,D1
3204,3204,Kirston Verhulst,Middle Tennessee,D1,G,33,52.3,67.9,30,8.5,D1
3205,3205,Destiny Macharia,Purdue Fort Wayne,D1,G,36,52.3,85,33.4,11.2,D1
3206,3206,Hennessey Luu-Brown,Coastal Carolina,D1,G,22,52.2,77.2,43.7,9.7,D1
3207,3207,Jamariah Turner,Siena,D1,G,27,52.2,71.6,37.1,8.1,D1
3208,3208,Martina Boba,Bryant,D1,F,29,52.2,67.3,43.8,5.6,D1
3209,3209,Alanna Phillipo,Eastern Illinois,D1,G,17,52.2,83,42.3,10.5,D1
3210,3210,Stella Sgro,San Jose State,D1,G,29,52.2,70.4,40.9,6.7,D1
3211,3211,Hannah Humphrey,Long Island University,D1,G,32,52.2,74.7,43.6,7.2,D1
3212,3212,Zalissa Finley,Cal State Bakersfield,D1,F,28,52.2,83.9,45.2,7.1,D1
3213,3213,Jamyia Lindsey,North Carolina A&T,D1,G,30,52.2,75.1,43.3,7.9,D1
3214,3214,Nile Muguira Orbe,Western Michigan,D1,G,29,52.2,66.1,30,7.7,D1
3215,3215,Riley Burd,Florida International,D1,G,28,52.2,73.1,40.3,8.2,D1
3216,3216,Teaira Kelley,New Haven,D1,G,26,52.2,99,41.2,10.7,D1
3217,3217,Reilly Sunday,Saint Peter's,D1,G,29,52.2,66,32.4,6.4,D1
3218,3218,Tatiana Collazo,UTEP,D1,G,18,52.2,66.8,39,6.7,D1
3219,3219,Ava Gugliuzza,SIU-Edwardsville,D1,G,32,52.2,99,41.6,12.2,D1
3220,3220,Nisaa Muhammad,Old Dominion,D1,G,26,52.2,75.9,30,11.9,D1
3221,3221,Kaylie Griffin,Saint Joseph's,D1,G,30,52.1,72.5,40.9,9.4,D1
3222,3222,Isabella Wesley,Brown,D1,G,27,52.1,78,37.3,9.1,D1
3223,3223,Fatou Sane,Duquesne,D1,G,32,52.1,80.5,40,9.2,D1
3224,3224,Keirra Thompson,Boise State,D1,G,30,52.1,83.5,35.6,9.9,D1
3225,3225,Eva Love,Air Force,D1,G,11,52.1,71.2,34.4,9.9,D1
3226,3226,Maris Zurliene,Lipscomb,D1,G,28,52.1,73.9,43.9,6.8,D1
3227,3227,Kacelyn Urlacher,Chicago State,D1,F,24,52.1,69.3,40,6.4,D1
3228,3228,Mia Bergstrom,Saint Louis,D1,G,33,52.1,87.5,40.6,10.6,D1
3229,3229,Sophie Buzzard,Portland State,D1,G,31,52.1,81.4,39.7,10.6,D1
3230,3230,Keyarah Gregory,Fairfield,D1,G,25,52.1,77.2,41.5,8.8,D1
3231,3231,Alex Moses,Canisius,D1,G,17,52.1,68.9,36.1,6.9,D1
3232,3232,Ella Wedin,Saint Mary's,D1,G,30,52.1,95,34.5,12.8,D1
3233,3233,Lemyah Hylton,Texas A&M-CC,D1,G,21,52.1,74.5,33.5,12.5,D1
3234,3234,Laila Lancaster,Tennessee State,D1,C,22,52.1,80.5,39.6,8.5,D1
3235,3235,Bella Mallory,Stonehill,D1,C,25,52.1,70.5,44.8,6,D1
3236,3236,Falon Bedke,Chattanooga,D1,F,31,52.1,65.7,45.8,5.2,D1
3237,3237,Kayden Clark,Le Moyne,D1,G,33,52.1,72.7,39.2,8.5,D1
3238,3238,Kasey Bretones,Marist,D1,G,20,52.1,74.6,37.2,8.7,D1
3239,3239,Candela Sabater Sánchez,Maryland-Eastern Shore,D1,F,28,52,71.5,37.2,8,D1
3240,3240,Raina Tomasicka,South Florida,D1,G,16,52,75.2,32.3,11.4,D1
3241,3241,Maci Quiller,Texas Southern,D1,G,31,52,93.4,44,9.7,D1
3242,3242,Fiona Hastick,Army,D1,G,23,52,79.8,40.9,7.1,D1
3243,3243,Talia Dial,Niagara,D1,F,29,52,68.8,47.8,5.3,D1
3244,3244,Aarionna Redman,Marshall,D1,F,38,52,92.2,36.7,11.6,D1
3245,3245,Abby Tuttle,Northern Iowa,D1,G,31,52,97.8,33.8,12.3,D1
3246,3246,Kaitlyn Bryant,Alabama State,D1,F,26,52,70.2,37.1,8,D1
3247,3247,Joi Williams,Merrimack,D1,G,31,52,99,30,16.1,D1
3248,3248,Cadence Dykstra,Toledo,D1,G,32,52,81.9,37.8,9.3,D1
3249,3249,Catherine Gilwee,Vermont,D1,G,11,52,71.2,45,7.2,D1
3250,3250,Erin Henry,Coppin State,D1,G,33,52,77.4,30,10,D1
3251,3251,Alana Goosby,Cal Poly,D1,G,27,52,64.3,34.9,6.7,D1
3252,3252,Lyriq Mastin,Tennessee Tech,D1,G,27,52,99,34,12.4,D1
3253,3253,Momina Kassim,Northwestern State,D1,G,19,52,91.1,43.6,10.6,D1
3254,3254,Madison Hurta,Houston Christian,D1,G,28,52,71.2,30,10,D1
3255,3255,Lizzy Puot,Toledo,D1,F,21,52,93.9,37,10.8,D1
3256,3256,Leyah Houston,Alcorn State,D1,F,17,51.9,89.6,31.7,15.7,D1
3257,3257,Laia Crespín,VCU,D1,G,28,51.9,74.7,41.6,7.2,D1
3258,3258,Vanessa Wimberly,Alabama A&M,D1,G,34,51.9,71.7,38.2,7.1,D1
3259,3259,Journey Hildebrand,Kent State,D1,G,22,51.9,98.9,37.1,14.1,D1
3260,3260,Jordyn Williams,Niagara,D1,F,27,51.9,77.7,35,9.9,D1
3261,3261,Payton Rechlicz,Milwaukee,D1,G,35,51.9,71.9,38.2,6.9,D1
3262,3262,Taj Hunter,Western Carolina,D1,G,29,51.9,88.5,30,10.9,D1
3263,3263,Nal'La Bennett,Stony Brook,D1,G,30,51.9,79.8,36.6,9,D1
3264,3264,Maria Sanchez Pitarch,Northeastern,D1,G,27,51.9,63.4,41.5,5.1,D1
3265,3265,Camille Jackson,Florida A&M,D1,G,23,51.9,73.9,45.7,5.7,D1
3266,3266,Morgan Sieper,Southern Miss,D1,G,29,51.9,99,33.6,12.5,D1
3267,3267,Jazmyn Stone,Abilene Christian,D1,G,35,51.9,99,32.3,15.5,D1
3268,3268,Morgan Mack,Long Beach State,D1,G,29,51.9,78,40.6,8.3,D1
3269,3269,Makenna Shaffer-Lauer,Weber State,D1,G,30,51.9,69.2,42.7,7.3,D1
3270,3270,Kamryn Doty,Elon,D1,G,29,51.8,75,31.9,8.8,D1
3271,3271,Rosie Scognamiglio,Lafayette,D1,G,30,51.8,77.7,45.5,7.7,D1
3272,3272,Mallory Heise,St. Bonaventure,D1,G,21,51.8,70.2,41.9,7.5,D1
3273,3273,Ana Barreto,Queens University,D1,G,30,51.8,98.6,35,13.1,D1
3274,3274,Camariyana Tavares,Indiana State,D1,F,25,51.8,75.1,32,9.6,D1
3275,3275,Amelie Sitterud,San Jose State,D1,G,30,51.8,99,40.1,11.7,D1
3276,3276,Mecca Alexander,San Jose State,D1,G,28,51.8,81.5,30,10.8,D1
3277,3277,Maria Mejia,UC Riverside,D1,G,29,51.8,99,35.9,12.8,D1
3278,3278,Sydney Thompson,Mississippi Valley State,D1,G,24,51.8,96.3,30,14.3,D1
3279,3279,Clara Koulibaly,Auburn,D1,F,24,51.7,92.8,35.2,12.7,D1
3280,3280,Jayla Cornelius,Arkansas-Pine Bluff,D1,G,24,51.7,87.7,42.6,11.2,D1
3281,3281,Liv Yergensen,Pacific,D1,G,28,51.7,73,41.2,9.7,D1
3282,3282,Sierra Carson,Dartmouth,D1,G,26,51.7,96.6,30,14,D1
3283,3283,Monajah Ford,South Carolina State,D1,F,29,51.7,72.6,37.4,7.5,D1
3284,3284,Jovana Spasovski,Wisconsin,D1,G,30,51.7,99,41.8,12.3,D1
3285,3285,Leekaya Burke Perryman,Omaha,D1,G,33,51.7,71,30,8.5,D1
3286,3286,Maddie Janszen,Bellarmine,D1,G,11,51.7,63.3,47.2,5,D1
3287,3287,Jayda Queeley,Pittsburgh,D1,G,31,51.7,87.3,31.6,12.4,D1
3288,3288,Joya Crawford,Cincinnati,D1,G,24,51.7,87.1,30,13.2,D1
3289,3289,Chenai Mushore,New Orleans,D1,F,30,51.7,74.2,30,9.5,D1
3290,3290,Hiba Malkawi,Southern Illinois,D1,G,22,51.7,91.3,41.9,11.8,D1
3291,3291,Dakota Alston,Morgan State,D1,G,21,51.7,78.7,39.6,8.7,D1
3292,3292,Christina Midgette,Colgate,D1,F,29,51.7,66,45.3,6.2,D1
3293,3293,Kynnedi Davis,Southern Illinois,D1,G,23,51.7,73.8,45.7,7.4,D1
3294,3294,Anna Przyszlak,La Salle,D1,F,34,51.7,72.1,43.1,6.9,D1
3295,3295,Katlin Kangur,Idaho,D1,G,30,51.7,89,32,10.5,D1
3296,3296,Chloe Sisco,Chicago State,D1,G,31,51.6,61.4,33.7,6,D1
3297,3297,Princess Moody,Providence,D1,G,33,51.6,69.9,30,9.8,D1
3298,3298,Lucía Martínez López,Xavier,D1,G,21,51.6,69.1,44.3,7.3,D1
3299,3299,Alaisha Brown,Sam Houston,D1,G,30,51.6,95.4,36.4,13,D1
3300,3300,Shantavia Dawkins,Dayton,D1,G,31,51.6,76.5,36.4,8.8,D1
3301,3301,Nicora Patrick,Central Connecticut,D1,G,27,51.6,69.1,41.2,6.9,D1
3302,3302,Calie Thrower,West Georgia,D1,G,26,51.6,74.6,39.2,7.6,D1
3303,3303,Nicki Polocheck,UC San Diego,D1,G,25,51.6,79.1,46,7.8,D1
3304,3304,Caleigh-Rose West,Western Kentucky,D1,F,27,51.6,84.3,37.4,10.3,D1
3305,3305,Paula Lopez,Buffalo,D1,G,30,51.6,77.2,37.9,10,D1
3306,3306,Ari Mercado,William & Mary,D1,G,24,51.6,68.1,42,6.3,D1
3307,3307,Derrica McCall,Jackson State,D1,G,31,51.6,99,37.3,10.3,D1
3308,3308,Shamya Reid,Alabama State,D1,G,32,51.6,88.2,30,11,D1
3309,3309,Ashley Gray,Alabama State,D1,G,9,51.6,76.5,35.8,10.1,D1
3310,3310,Kelsey Langston,Cornell,D1,G,27,51.6,80.3,42.5,7.2,D1
3311,3311,Jordan Billing,Cal Poly,D1,G,26,51.5,78.3,33.9,9.5,D1
3312,3312,Tairat Samuel-Afolabi,Long Beach State,D1,G,28,51.5,78.7,32.8,10,D1
3313,3313,Ashlynn Brooke,Ball State,D1,G,24,51.5,73.5,41.4,9.2,D1
3314,3314,Elaina Rager,Wright State,D1,G,34,51.5,93.3,35.6,11.7,D1
3315,3315,Ta'Viyanna Habib,Rhode Island,D1,G,30,51.5,78,45.2,7.5,D1
3316,3316,Mallory Daly,Robert Morris,D1,G,20,51.5,76,35.2,9,D1
3317,3317,Maria Kealy,Quinnipiac,D1,G,34,51.5,71.8,41.8,6.1,D1
3318,3318,Amiyah Ferguson,Tennessee State,D1,G,29,51.5,73.4,35,8.4,D1
3319,3319,Rissi Smith,Stonehill,D1,G,26,51.5,66.6,45.2,5.6,D1
3320,3320,Anna McCarn,Lindenwood,D1,F,25,51.5,86.2,35.4,12.8,D1
3321,3321,Kayce Hyman,Bellarmine,D1,F,32,51.5,65.1,38.2,6,D1
3322,3322,Maria Arrebola,Columbia,D1,G,18,51.4,87.7,44.9,12,D1
3323,3323,Success Prysock,Morgan State,D1,F,23,51.4,66.9,43.1,6.7,D1
3324,3324,Kayla Johnson,George Mason,D1,G,25,51.4,77.1,37,10.2,D1
3325,3325,Anna Hamilton,Northern Kentucky,D1,G,28,51.4,88.3,40.7,11.7,D1
3326,3326,Joceline Geara,Northwestern State,D1,G,29,51.4,73.7,30,9.8,D1
3327,3327,Laila McLeod,Denver,D1,G,26,51.4,92.4,33.5,12.1,D1
3328,3328,Jayla Owen,New Orleans,D1,G,28,51.4,74.6,38.1,8.7,D1
3329,3329,Grace Hintz,Montana State,D1,G,23,51.4,74,37.5,9.6,D1
3330,3330,Maddie Fitzpatrick,Maine,D1,G,26,51.4,70.5,37.6,7.6,D1
3331,3331,Izzy McPherson,Chattanooga,D1,G,31,51.4,99,41.5,10.8,D1
3332,3332,Breana Delaney,Stonehill,D1,G,29,51.4,61.1,43.2,4.2,D1
3333,3333,Josee Steadman,Boise State,D1,F,21,51.4,99,40,14,D1
3334,3334,Esther Rodellar,Sam Houston,D1,G,30,51.4,82,38.6,8.7,D1
3335,3335,Sophia LeGoullon,William & Mary,D1,G,18,51.3,72.8,32.2,9.2,D1
3336,3336,Kassidy Thompson,New Hampshire,D1,G,17,51.3,79,46,8.2,D1
3337,3337,Lucy Hood,East Tennessee State,D1,G,28,51.3,74.6,41.5,8.8,D1
3338,3338,Jennica Suggs,Robert Morris,D1,G,14,51.3,71.3,40.7,9.5,D1
3339,3339,Victoria Baker,UC Davis,D1,G,32,51.3,76.9,34.2,9.8,D1
3340,3340,Sofia Kelemeni,San Diego State,D1,G,24,51.3,85.8,43.4,11.1,D1
3341,3341,Cherie Spencer,North Texas,D1,G,32,51.3,93.2,38.1,12,D1
3342,3342,April Edwards,Howard,D1,G,32,51.3,84.9,35.2,11.4,D1
3343,3343,Zora Fray-Chinn,South Carolina Upstate,D1,F,20,51.2,68,37.1,8.2,D1
3344,3344,Kaia Goode,Binghamton,D1,G,32,51.2,83.2,40.8,9,D1
3345,3345,Camryn VandenBosch,Toledo,D1,G,15,51.2,65.1,38,7.3,D1
3346,3346,Nevaeh Scott,Old Dominion,D1,G,31,51.2,85.1,30,11.9,D1
3347,3347,Amya McLeod,Le Moyne,D1,G,24,51.2,72,30,9.1,D1
3348,3348,Meghan Murray,Kent State,D1,G,25,51.2,79.7,36.7,9.1,D1
3349,3349,Elena Cabello,Mercer,D1,G,29,51.1,86.6,32.5,10.3,D1
3350,3350,Arlisha Boston,Hampton,D1,G,20,51.1,99,30,12.7,D1
3351,3351,Arene Iyekekpolor,Alcorn State,D1,F,30,51.1,82.6,34.7,12.1,D1
3352,3352,Londyn Oliphant,Incarnate Word,D1,G,26,51.1,78.9,32.7,9.2,D1
3353,3353,Ja'la Douglas,Mississippi Valley State,D1,F,28,51.1,65,40.6,5.8,D1
3354,3354,Krystal Haddock,Presbyterian,D1,G,28,51.1,81.5,41.4,9,D1
3355,3355,Jacque Giron,Prairie View A&M,D1,G,29,51.1,78.8,41.4,8.4,D1
3356,3356,Lily Hansford,Green Bay,D1,G,23,51.1,68.1,40.7,6.5,D1
3357,3357,Kennedy Clifton,Rice,D1,G,16,51.1,66.8,39.2,8.1,D1
3358,3358,Daviane Mindoudi Ongbakahoumb,Florida,D1,G,25,51.1,66.6,44.1,6.3,D1
3359,3359,Jayshlynn Vega,Saint Peter's,D1,G,26,51,68.9,31.2,9.5,D1
3360,3360,Anja Ekstrom,Morehead State,D1,G,33,51,98.3,43.6,10,D1
3361,3361,Damilola Sule,UC San Diego,D1,F,25,51,68.9,41.3,6.1,D1
3362,3362,Irene Rey Pineda,Canisius,D1,F,29,51,84.5,44.7,8.3,D1
3363,3363,Angel Wilkinson,Jackson State,D1,G,28,51,99,40.7,10.9,D1
3364,3364,Aidan Langley,Towson,D1,F,19,51,99,44.5,11.5,D1
3365,3365,Micah Cooper,Bradley,D1,G,23,51,80.8,40.4,8.7,D1
3366,3366,Gabby Robinson,St. Bonaventure,D1,F,31,51,91.7,42.8,9.6,D1
3367,3367,Ineivi Plata,Florida Atlantic,D1,G,31,51,70.3,33.9,9.3,D1
3368,3368,Cornelia Ellington,Florida A&M,D1,G,23,51,90.8,30,10.4,D1
3369,3369,Laila Grant,Saint Peter's,D1,G,18,51,66.1,45.4,5.1,D1
3370,3370,Grace Harris,UIC,D1,G,20,50.9,69.9,41,6.6,D1
3371,3371,Deborrah Seitu-Redmon,Grambling,D1,G,30,50.9,71.5,30,8.2,D1
3372,3372,Klarissa Goode,Binghamton,D1,G,18,50.9,91.2,30,11.2,D1
3373,3373,Kyla McBride,Texas State,D1,F,24,50.9,72.4,42.2,7.5,D1
3374,3374,Danijela Kujovic,Hawaii,D1,F,16,50.9,65.2,44,6.5,D1
3375,3375,Charli Kay,Southern Utah,D1,G,16,50.9,99,40.2,12.6,D1
3376,3376,Kinley Paterson,South Carolina Upstate,D1,G,32,50.9,99,32.8,11.2,D1
3377,3377,Lakresha Edwards,Fordham,D1,G,31,50.9,76.6,31.4,11.1,D1
3378,3378,Ramiah Augurson,Southern Miss,D1,G,29,50.9,99,37.5,12.3,D1
3379,3379,Ja'Sharreah Hunt,Alcorn State,D1,G,28,50.9,67.7,37.7,6,D1
3380,3380,Amarah Streiff,Colgate,D1,F,23,50.9,67.5,35.3,7,D1
3381,3381,Madelynn Muniz,Cal State Fullerton,D1,G,31,50.8,96.8,42.3,9.5,D1
3382,3382,Kylee Hunt,Northern Kentucky,D1,G,25,50.8,92.3,30,13.5,D1
3383,3383,Adrienne Puletasi,Cal State Bakersfield,D1,F,22,50.8,66.1,45.2,5.1,D1
3384,3384,Angelina Hodgens,Northwestern,D1,G,16,50.8,88,30,15.7,D1
3385,3385,Sierra Headquist,Morgan State,D1,F,21,50.8,71.1,40.3,7.9,D1
3386,3386,Delaney Snyder,Cincinnati,D1,C,21,50.8,74.2,43.2,8,D1
3387,3387,Mathilda Toure,Central Connecticut,D1,F,26,50.8,64.4,31.2,7.3,D1
3388,3388,Niyah Gaston,Norfolk State,D1,G,31,50.8,73.3,35.3,8.5,D1
3389,3389,Elisa Solé Sanchez,Manhattan,D1,G,31,50.8,67.7,35.6,7.2,D1
3390,3390,Aroa Mangas,South Alabama,D1,G,17,50.7,69.4,37.5,8.4,D1
3391,3391,Aitana Rosello Lopez,Utah State,D1,G,30,50.7,70.9,40,7.3,D1
3392,3392,Nevaeh Ferrara Horne,San Francisco,D1,F,26,50.7,81.3,33.9,9.6,D1
3393,3393,Cloe Vecina,Oregon State,D1,G,31,50.7,84.8,38.5,11,D1
3394,3394,Kellie McConnell,Duquesne,D1,G,31,50.7,72.4,42.5,8.1,D1
3395,3395,Olivia Thostenson,Eastern Illinois,D1,F,18,50.7,66.1,44.9,5.2,D1
3396,3396,Merceius Mili,Utah Tech,D1,G,24,50.7,72.5,42.2,8,D1
3397,3397,Caitie Gingras,Eastern Washington,D1,G,32,50.7,73.8,33.8,7.7,D1
3398,3398,Yanniah Boyd,Binghamton,D1,G,33,50.7,84.2,38.2,9.9,D1
3399,3399,Nevaeh Brown,Hofstra,D1,G,22,50.7,82.2,35,11.6,D1
3400,3400,Madison Holden,Bethune-Cookman,D1,G,33,50.6,72,30.6,7.1,D1
3401,3401,Malia Mpondo,Wagner,D1,F,27,50.6,70.8,31.4,7.8,D1
3402,3402,Kaitlyn Elsholz,Grand Canyon,D1,G,22,50.6,74.9,38.5,8.9,D1
3403,3403,Grace O'Sullivan,Princeton,D1,G,23,50.6,63.9,43,5.7,D1
3404,3404,Addison Melton,Lipscomb,D1,G,7,50.6,61.9,46,5.4,D1
3405,3405,Faith Curry,Northern Arizona,D1,F,24,50.6,83,37.9,8.3,D1
3406,3406,Victoria Morris,North Carolina Central,D1,G,25,50.6,92.6,30,12.4,D1
3407,3407,Cyra Conwell,Northern Illinois,D1,G,27,50.6,70.7,43.8,7.1,D1
3408,3408,Izzie Harms,Boise State,D1,F,33,50.6,99,37,11.7,D1
3409,3409,Amber Howard,Buffalo,D1,G,23,50.5,66.3,39.2,6.1,D1
3410,3410,Claudia Langarita,California,D1,F,23,50.5,71.7,36.5,9.5,D1
3411,3411,Taliya Council,UNC Asheville,D1,F,21,50.5,99,42.6,10.6,D1
3412,3412,Sara Menendez,Gardner-Webb,D1,G,30,50.5,74.4,43.6,7.3,D1
3413,3413,Kelsey Bess,Canisius,D1,G,26,50.5,95.9,34,12.9,D1
3414,3414,Skylar Barnes,Coppin State,D1,G,33,50.5,84.6,36.6,13.1,D1
3415,3415,Sidney Carr,Houston Christian,D1,G,29,50.5,87.3,38.7,9.4,D1
3416,3416,Schuyler Coles,New Haven,D1,G,26,50.5,80.9,41.7,9.9,D1
3417,3417,MarcKalia Celestine,Prairie View A&M,D1,G,29,50.5,80.3,41.3,7.8,D1
3418,3418,Jacklynn Hosier,Vermont,D1,G,35,50.5,78.2,38.6,9.6,D1
3419,3419,Cimiya Rideaux,Northwestern State,D1,C,21,50.5,77.5,43.1,7.7,D1
3420,3420,Emily VanTimmeren,Miami (OH),D1,F,25,50.5,99,34.9,12.1,D1
3421,3421,Elliott Jessup,North Carolina A&T,D1,F,31,50.4,66.3,47.5,5.7,D1
3422,3422,Lucia Lara,New Mexico State,D1,F,26,50.4,88.4,32.7,11.7,D1
3423,3423,Blessing Okoh,Sam Houston,D1,F,21,50.4,99,39.4,12.3,D1
3424,3424,Daniella Velez,Presbyterian,D1,G,30,50.4,96.5,38.1,10.2,D1
3425,3425,Adriana Blazquez,SIU-Edwardsville,D1,F,32,50.4,77.1,40.5,8.2,D1
3426,3426,Zaria Glover,Alabama A&M,D1,G,10,50.4,76.5,30,14.9,D1
3427,3427,Katarina Veljovic,Niagara,D1,G,27,50.4,72.1,35.3,8.1,D1
3428,3428,Carley Hamilton,McNeese,D1,G,33,50.4,82.4,41.8,8.9,D1
3429,3429,Tatianna Collins,Manhattan,D1,F,28,50.4,69.2,30,8.2,D1
3430,3430,Monet Witherspoon,Brown,D1,G,19,50.3,69.5,40.9,7.4,D1
3431,3431,McKenna Simons,San Jose State,D1,G,18,50.3,89.4,43.7,10.8,D1
3432,3432,Hannah Burg,Pacific,D1,G,20,50.3,78.2,34.4,11.5,D1
3433,3433,Aubrey Blankenship,Samford,D1,G,32,50.3,82.4,30.1,8.5,D1
3434,3434,Amaya Thomas,Tennessee Tech,D1,G,28,50.3,71.1,41.4,7.4,D1
3435,3435,Elani Randall,Chicago State,D1,G,17,50.3,72.9,45.6,6.8,D1
3436,3436,Josie Gilvin,Kentucky,D1,G,23,50.3,99,36.5,12.9,D1
3437,3437,Yannie Chan,Iona,D1,G,13,50.3,69,44.2,6.8,D1
3438,3438,Kirsten Lewis-Williams,South Florida,D1,G,30,50.3,71.2,30,9.7,D1
3439,3439,Mya Byrd,South Carolina State,D1,G,24,50.3,99,40.3,13.6,D1
3440,3440,Kahlen Norris,Louisiana,D1,G,32,50.3,67.2,40.2,7.1,D1
3441,3441,Janiah Hinton,South Carolina State,D1,G,30,50.3,99,42.1,10.4,D1
3442,3442,SaBreya Monsanto,East Tennessee State,D1,G,28,50.3,99,30,12.8,D1
3443,3443,Andjela Colic,Utah Tech,D1,G,22,50.2,87.3,30,11.8,D1
3444,3444,Saran Moschella,Navy,D1,G,26,50.2,99,37.4,12.8,D1
3445,3445,Jamaria Freeman,UNC Asheville,D1,G,29,50.2,76.3,34.1,9,D1
3446,3446,Lara Langermann,Albany,D1,G,30,50.2,70.2,37.2,7.6,D1
3447,3447,Cierra Pearson,Central Connecticut,D1,G,28,50.2,65.5,48.3,3.9,D1
3448,3448,Monna Julkunen,Georgia State,D1,G,27,50.2,77.5,37.3,9.5,D1
3449,3449,Daysha Salgado,Binghamton,D1,F,20,50.2,65.4,40,6.3,D1
3450,3450,Sydney Bradley,Charleston Southern,D1,G,30,50.2,78.4,40.8,8.4,D1
3451,3451,Aubrey Shaw,Harvard,D1,G,27,50.2,96.4,30,11.6,D1
3452,3452,Jenesis Hill,Norfolk State,D1,G,33,50.2,91,38.6,10.5,D1
3453,3453,Cristina Garcia,Loyola Maryland,D1,G,30,50.2,62.8,39.8,5.6,D1
3454,3454,Amya Moody,Cal State Northridge,D1,G,28,50.2,99,32.3,15.2,D1
3455,3455,Amari Franklin,Alabama State,D1,G,33,50.2,79.9,30,10.8,D1
3456,3456,Josefine Enander,Morehead State,D1,G,33,50.1,99,41,12,D1
3457,3457,Brialle Washington,New Orleans,D1,G,28,50.1,75.5,30,10.5,D1
3458,3458,Lola Bond,Western Kentucky,D1,G,18,50.1,75.8,43.1,7.4,D1
3459,3459,Sara Yarnell,UNC Asheville,D1,F,17,50.1,91.3,44.8,11.2,D1
3460,3460,Aisha Marten-Coney,SE Louisiana,D1,F,27,50.1,75.9,42.9,8.3,D1
3461,3461,Tyanna Medina,Umass Lowell,D1,G,27,50.1,87.4,35.5,10,D1
3462,3462,Aolani Woldai,UTEP,D1,G,21,50.1,93.5,30,13.2,D1
3463,3463,Shomari Phillips,Bethune-Cookman,D1,G,31,50.1,75.3,45.5,7.3,D1
3464,3464,Michelina Lombardi,Le Moyne,D1,G,32,50,62,44.3,4.2,D1
3465,3465,Riley Price,Western Carolina,D1,F,14,50,88.2,43.9,13.7,D1
3466,3466,Erynn Williams,SE Louisiana,D1,G,24,50,74.2,37.3,7.3,D1
3467,3467,Nevaeh Dickman,Loyola Chicago,D1,F,28,50,74.3,30,8.4,D1
3468,3468,Ale Civera,Iona,D1,G,32,50,63.3,32.8,6.1,D1
3469,3469,Lila Posthuma,Bradley,D1,G,16,50,73.8,42.1,7.8,D1
3470,3470,Malia Tharpe,San Diego,D1,F,24,50,69.9,42,7.1,D1
3471,3471,Asia Wilson,Holy Cross,D1,G,27,50,67.3,30,6.6,D1
3472,3472,Olivia Moore,South Dakota,D1,G,24,50,99,41.5,10.7,D1
3473,3473,Mickelle Lowry,Coppin State,D1,G,28,49.9,99,33.6,11,D1
3474,3474,Jessica Farrell,Central Connecticut,D1,G,27,49.9,71.2,38.5,6.6,D1
3475,3475,Lexi Castator,South Carolina Upstate,D1,G,32,49.9,78.9,30,10.3,D1
3476,3476,Lana Beslic,Wyoming,D1,G,29,49.9,99,37.1,11.7,D1
3477,3477,Jersey Wolfenbarger,Tennessee,D1,F,18,49.9,80.8,35.4,12.3,D1
3478,3478,Paula Balada,Eastern Michigan,D1,G,28,49.9,90.6,36.1,9,D1
3479,3479,Kaia Ponder,Alabama State,D1,F,30,49.9,93.4,40,9.9,D1
3480,3480,Brooklynn Charlo,Memphis,D1,G,25,49.9,87.1,42.6,9.9,D1
3481,3481,Mya Hamilton,Winthrop,D1,G,12,49.9,62.7,44.4,5.2,D1
3482,3482,Katie Ledden,New Hampshire,D1,G,24,49.9,68.7,40.6,7.2,D1
3483,3483,Liza Field,Buffalo,D1,F,22,49.8,72.6,38.3,7.7,D1
3484,3484,Hanna Miller,North Dakota,D1,F,22,49.8,78.7,40.9,10.2,D1
3485,3485,Claire Simmons,Grambling,D1,G,28,49.8,99,33.9,15.2,D1
3486,3486,Angelie Ricard,Wagner,D1,G,30,49.8,69.9,33.5,7.4,D1
3487,3487,Michaela Fairwell,UC San Diego,D1,G,17,49.7,67.1,37.1,8.4,D1
3488,3488,Alyssa Tarpley,Samford,D1,G,35,49.7,67,46,4.6,D1
3489,3489,Justice Zimmerman,Western Carolina,D1,F,29,49.7,71.6,44.7,6.3,D1
3490,3490,Genesis Harris,Tennessee State,D1,G,27,49.7,79.7,40.9,9.3,D1
3491,3491,Abby Knauff,North Florida,D1,G,30,49.7,73.4,41.9,7.2,D1
3492,3492,Mary Ferrito,UNC Wilmington,D1,G,30,49.7,73.1,43.7,7,D1
3493,3493,Naia Tanuvasa,Utah Valley,D1,G,28,49.7,85.6,40.9,11.8,D1
3494,3494,Amiyah Reynolds,UT Arlington,D1,G,33,49.6,70,38.5,8.4,D1
3495,3495,Audrey Shields,Providence,D1,F,31,49.6,75.2,30,7.7,D1
3496,3496,Jada Cook,Murray State,D1,G,35,49.6,72.1,32.5,8.5,D1
3497,3497,Sana'a Garrett,Hofstra,D1,G,22,49.6,70.9,43.1,6.9,D1
3498,3498,Sierra Patricio,Saint Peter's,D1,G,20,49.6,69.4,44.4,6.7,D1
3499,3499,Lizzie Holder,Navy,D1,F,24,49.6,73,39.3,8,D1
3500,3500,Mya Johnson,Bethune-Cookman,D1,G,34,49.6,62.7,30,7.6,D1
3501,3501,Jordan Brooks,Bethune-Cookman,D1,G,31,49.5,86.2,30.2,10.7,D1
3502,3502,Camille Wiley,Long Island University,D1,G,31,49.5,74.1,38.5,7,D1
3503,3503,Aina Subirats,Florida A&M,D1,G,19,49.5,99,40.7,12.7,D1
3504,3504,Quinn Borroni,Mercyhurst,D1,G,17,49.5,58.4,47.5,3.4,D1
3505,3505,Kayla King,Houston,D1,G,30,49.5,78.6,36.4,9.5,D1
3506,3506,Kennedy Parrott,Colgate,D1,G,23,49.5,70.1,41.4,7.3,D1
3507,3507,Hadleigh Dill,Campbell,D1,G,29,49.5,79,35.7,7.6,D1
3508,3508,Samantha Mullock,Presbyterian,D1,F,30,49.5,72.6,41.5,5.9,D1
3509,3509,Laura Di Stefano,Tulsa,D1,F,23,49.5,96.3,37.6,12.6,D1
3510,3510,Nalani Simmons,Longwood,D1,G,18,49.5,73.9,45.6,6.7,D1
3511,3511,Mady Calhoun,Brown,D1,G,20,49.5,65.6,41.9,6.4,D1
3512,3512,Ellery Minch,Murray State,D1,F,27,49.5,75.3,44.8,7.3,D1
3513,3513,Zhykera Brown,Saint Louis,D1,G,32,49.5,79,30,12.7,D1
3514,3514,Lexi Salazar,American University,D1,G,29,49.5,64.7,39.1,6,D1
3515,3515,Shannon Heine,Mercyhurst,D1,G,24,49.4,62.3,30,6.9,D1
3516,3516,Regina Walton,James Madison,D1,G,25,49.4,70.6,39.3,7,D1
3517,3517,Ella Riggs,Purdue Fort Wayne,D1,G,37,49.4,99,31.2,12.5,D1
3518,3518,Alden Yergey,Siena,D1,G,27,49.4,64.8,39.5,6.1,D1
3519,3519,Susana Yepes,Oregon State,D1,F,23,49.4,64.8,44.3,6,D1
3520,3520,Sadie Shores,Tulane,D1,G,7,49.4,63.3,30,10.7,D1
3521,3521,Carolina Williams,New Hampshire,D1,G,30,49.4,79.6,44.2,6.7,D1
3522,3522,Emmie Streams,Maine,D1,G,32,49.4,65.8,33.8,5.8,D1
3523,3523,D'Yanna Maxey,UNC Asheville,D1,G,27,49.4,76.1,30,7.7,D1
3524,3524,Kamiyha Griffin,Alabama A&M,D1,G,33,49.4,67.8,36.8,7.6,D1
3525,3525,Lilah Turnbull,Central Michigan,D1,G,28,49.4,67.7,38.8,7.5,D1
3526,3526,Bella Hasan,Southern Utah,D1,G,32,49.3,79.2,33,10,D1
3527,3527,Aileen Marquez,UNC Asheville,D1,G,30,49.3,92.2,37,12.7,D1
3528,3528,Dasha Biriuk,Ohio State,D1,G,20,49.3,78.2,34.4,12.2,D1
3529,3529,Jean Chiu,Washington State,D1,G,32,49.3,86.6,42.6,9.4,D1
3530,3530,Brooke Adkins,Youngstown State,D1,G,24,49.3,84.6,42.8,8.5,D1
3531,3531,Phoena Dadson,Stonehill,D1,G,25,49.3,99,30,12.1,D1
3532,3532,Taelor Coxford,Little Rock,D1,F,25,49.3,71.3,37.7,7.7,D1
3533,3533,Christy Reynoso,Long Beach State,D1,G,29,49.3,76.2,41,8.4,D1
3534,3534,Aniyah Jones,Delaware State,D1,G,25,49.3,84.5,41.8,9.5,D1
3535,3535,Loes Rozing,New Mexico State,D1,G,31,49.3,72.4,32.6,7.2,D1
3536,3536,Taylor Smith,Alabama State,D1,G,32,49.3,80,30,10.6,D1
3537,3537,Bailee Duck,Purdue Fort Wayne,D1,G,26,49.2,99,46.5,10.9,D1
3538,3538,Emma Dibarboure,Western Michigan,D1,F,17,49.2,65.3,32.7,7.7,D1
3539,3539,Makayla Thomas,Merrimack,D1,G,25,49.2,82.4,41.2,7.3,D1
3540,3540,Erin Edmonds,Mount St. Mary's,D1,G,21,49.2,66.4,37,7.3,D1
3541,3541,Alli Campbell,Fairfield,D1,G,24,49.2,65.2,38.2,6.9,D1
3542,3542,Hattie Ogden,BYU,D1,F,22,49.2,87.3,39.3,12.1,D1
3543,3543,Jamar'i Bell,McNeese,D1,G,18,49.2,82,43.6,9,D1
3544,3544,Mor Shabtai,Valparaiso,D1,G,24,49.2,76.1,38.9,8.4,D1
3545,3545,Toni Smith,Delaware State,D1,G,21,49.2,75.3,34.3,8.1,D1
3546,3546,Olivia Fernandez,Bryant,D1,G,30,49.1,75.4,33.8,8,D1
3547,3547,Corniya Clay,Canisius,D1,G,29,49.1,66.2,35.5,7,D1
3548,3548,Sumer Lee,DePaul,D1,G,22,49.1,90.3,30,12,D1
3549,3549,Trinity Fields,UNC Asheville,D1,G,23,49.1,82.4,44.1,8.4,D1
3550,3550,Megen Sanaj,UIC,D1,G,16,49.1,60.1,33.1,6.6,D1
3551,3551,Sophia Rueppell,Wofford,D1,G,24,49.1,91,35.6,13,D1
3552,3552,Olivia Vinson,Lipscomb,D1,G,20,49.1,68.7,45.1,6.4,D1
3553,3553,Audia Young,Xavier,D1,G,29,49.1,69.3,30,8.4,D1
3554,3554,Sophie Locatelli,Stetson,D1,G,24,49.1,85.8,37.1,9.5,D1
3555,3555,McCall King,UNC Wilmington,D1,G,27,49.1,65.8,39.4,5.5,D1
3556,3556,Katie Hurt,Lehigh,D1,G,31,49.1,64.2,39,6.2,D1
3557,3557,Haley Wright,Long Beach State,D1,C,23,49,69.8,35.8,8.1,D1
3558,3558,Da'Myiah Lewis,Texas Southern,D1,G,30,49,99,44.1,12.5,D1
3559,3559,Emma Daugherty,Abilene Christian,D1,F,21,49,72.7,46.5,6.6,D1
3560,3560,Tiara Bellamy,UMBC,D1,G,32,49,81.9,30,8.9,D1
3561,3561,Yar Manyiel,La Salle,D1,G,21,49,66.4,38.3,8.2,D1
3562,3562,Kirstine Munk,Portland State,D1,F,28,49,97,41.6,12.1,D1
3563,3563,Kennedy Davis,Eastern Illinois,D1,F,24,49,68.1,45.9,5.2,D1
3564,3564,Adna Halilbasic,Umass Lowell,D1,F,22,49,99,46.3,11.2,D1
3565,3565,Jada Mills,Saint Peter's,D1,G,26,49,87.5,34.7,11.7,D1
3566,3566,Lilly Amor,San Diego,D1,G,32,48.9,78.6,38.9,8.1,D1
3567,3567,Anna Wikstrom,Duke,D1,G,16,48.9,81,36.4,9.8,D1
3568,3568,Alana Shields,Prairie View A&M,D1,G,30,48.9,64.4,30,7.1,D1
3569,3569,Payton Miller,Northwestern State,D1,F,31,48.9,90.8,37.5,10.5,D1
3570,3570,Lauryn Stover,Mercyhurst,D1,F,26,48.9,77,35.4,7.8,D1
3571,3571,Teyahna Bond,Hawaii,D1,G,34,48.9,76.5,30,9.7,D1
3572,3572,Amina Kameric,Umass Lowell,D1,G,21,48.9,65.5,43.2,5.4,D1
3573,3573,Lauren Thompson,UMBC,D1,G,17,48.9,64.2,42.6,6.3,D1
3574,3574,Zhaniah Ervin,Grambling,D1,F,23,48.9,84,42.9,10.5,D1
3575,3575,Madison Huhn,UT Rio Grande Valley,D1,G,34,48.8,75.4,44,7.2,D1
3576,3576,Priscila Varela,Wagner,D1,G,30,48.8,82.3,44.7,7.7,D1
3577,3577,Nikole Thomas,Kansas City,D1,G,22,48.8,72,39.2,7.3,D1
3578,3578,Makayla Minshall,UC Riverside,D1,G,32,48.8,78.7,32.7,10.6,D1
3579,3579,Syriah Daniels,Auburn,D1,G,30,48.8,79.7,30.9,11.3,D1
3580,3580,Haley Hernandez,UC Irvine,D1,G,21,48.8,76.2,47.3,7.7,D1
3581,3581,Sarang West,Southern Indiana,D1,G,19,48.7,90.7,34,13.3,D1
3582,3582,Mio Sakano,Miami (OH),D1,G,33,48.6,90.9,38.2,9.3,D1
3583,3583,Kailee Beaudion-Foliaki,Northeastern,D1,G,25,48.6,70.2,45.7,6.8,D1
3584,3584,Dania McClain,Robert Morris,D1,G,17,48.6,83.9,33.3,10.5,D1
3585,3585,Jahcelyn Hartfield,Coppin State,D1,G,11,48.6,81.4,30,14.7,D1
3586,3586,Mimi Moon,Cal State Fullerton,D1,G,28,48.6,94.4,37.3,13,D1
3587,3587,Jordan Zubich,North Carolina,D1,G,17,48.6,70,39.5,8.7,D1
3588,3588,Finley Ohnstad,North Dakota,D1,F,22,48.6,99,30,15.6,D1
3589,3589,Maysen Hill,Fordham,D1,G,30,48.6,71.3,36.1,7.9,D1
3590,3590,Paris Gilmore,Umass Lowell,D1,G,28,48.6,70.7,37.4,8.3,D1
3591,3591,Aaliyah Ibarra,Seattle,D1,G,8,48.6,62.6,37.4,7.4,D1
3592,3592,London Weaver,Chattanooga,D1,G,24,48.6,72.2,39,7,D1
3593,3593,Zoë McCrary,App State,D1,F,26,48.6,86.4,34.9,9.6,D1
3594,3594,Kate McGinnis,Belmont,D1,G,17,48.6,62.8,35.1,6.4,D1
3595,3595,Stella Chartrand,Army,D1,G,19,48.5,77,34.5,9.8,D1
3596,3596,Kendra Harvey,North Dakota,D1,G,10,48.5,83.2,40.3,11.3,D1
3597,3597,Amany Lopez,Rider,D1,G,22,48.5,65.8,41.2,5.9,D1
3598,3598,Tahira Muhammad,Dartmouth,D1,G,25,48.5,87.1,35.8,10.8,D1
3599,3599,Ruby Willard,Elon,D1,G,32,48.5,75.5,36.7,7.8,D1
3600,3600,Azera Gates,Siena,D1,G,14,48.5,96.7,39.1,12.8,D1
3601,3601,Alyssa Lewis,Queens University,D1,G,28,48.5,90.5,37,11.8,D1
3602,3602,Claire Sheppard,South Dakota State,D1,G,22,48.5,80.9,32.9,8.6,D1
3603,3603,Kimora Hester,Jacksonville,D1,G,20,48.5,80.3,32.9,10,D1
3604,3604,Avary Brewer,Samford,D1,G,31,48.5,93.2,30,12.8,D1
3605,3605,Mo'Nique Joseph,McNeese,D1,F,29,48.4,66.3,44.4,4.7,D1
3606,3606,Arianna Mosley,Grambling,D1,G,31,48.4,65.5,42.6,5.4,D1
3607,3607,Cam Collman,Idaho State,D1,G,22,48.4,89.3,45.7,9.4,D1
3608,3608,Adrianna Gonzalez,Iona,D1,G,32,48.4,67.4,37.8,6,D1
3609,3609,Ny'Keria Flowers,Alabama State,D1,G,31,48.4,77.3,30,9.1,D1
3610,3610,Nykesha Sanders,Delaware State,D1,G,30,48.4,62.1,38.7,5.7,D1
3611,3611,Laila Hankerson,Colgate,D1,G,31,48.4,81.7,38.9,10.9,D1
3612,3612,Anaya Coleman,Buffalo,D1,G,26,48.3,80.1,32.9,9.6,D1
3613,3613,Je'Mya Evans,Southern Miss,D1,F,26,48.3,88.7,37.7,12.9,D1
3614,3614,Deb Okechukwu,Rider,D1,G,29,48.3,75.2,32.8,8.1,D1
3615,3615,Bella Cosme,Utah State,D1,G,24,48.3,70.5,30,9.3,D1
3616,3616,Garrisen Freeman,Siena,D1,G,26,48.3,69.7,42.4,5.6,D1
3617,3617,Sania Jenkins,La Salle,D1,G,23,48.3,79.1,39.4,9.1,D1
3618,3618,Vivienne Knee,Cornell,D1,G,13,48.3,76.2,41.7,8.6,D1
3619,3619,Deja Young,Rutgers,D1,G,23,48.3,65.1,30,7.1,D1
3620,3620,Nia Young,North Carolina Central,D1,G,29,48.3,96.1,30,11.7,D1
3621,3621,Shakiria Foster,North Carolina Central,D1,G,15,48.2,85.4,30,12.8,D1
3622,3622,Hope Masonius,Bucknell,D1,G,22,48.2,70.7,43.8,7.9,D1
3623,3623,Mary Copple,Canisius,D1,G,29,48.2,64.1,33.5,7.1,D1
3624,3624,Claire Fraser,Northern Colorado,D1,F,26,48.2,72.5,38.3,7.6,D1
3625,3625,Antionique Auston,Canisius,D1,G,29,48.2,75.5,36.4,9.2,D1
3626,3626,Blessing Teamer,Little Rock,D1,F,29,48.2,77.6,34.3,8.3,D1
3627,3627,Alisa Blalock,Texas Southern,D1,G,24,48.1,72.5,30,8.7,D1
3628,3628,Avery O'Roke,N.J.I.T.,D1,G,19,48.1,66.5,36.1,7.1,D1
3629,3629,Madi Hawk,Wofford,D1,G,24,48.1,70.3,37.9,7.9,D1
3630,3630,Emma Zuccon,Albany,D1,F,19,48.1,76.5,44.9,6.4,D1
3631,3631,Nicole Carreno,North Florida,D1,F,19,48.1,80.6,36.8,9.2,D1
3632,3632,Maddie Vejsicky,Akron,D1,G,29,48.1,64.9,35.3,7.1,D1
3633,3633,Zyan Reynolds,Delaware State,D1,C,19,48.1,68.4,43.3,6,D1
3634,3634,Mia Gestosani,N.J.I.T.,D1,G,25,48,66.1,43.1,5,D1
3635,3635,Brooklyn Terry,UTEP,D1,G,21,48,66.2,36.8,7.8,D1
3636,3636,Emily McElmurry,Eastern Washington,D1,G,33,48,99,36.1,11.5,D1
3637,3637,Morgan Edwards,Cal State Northridge,D1,G,30,48,99,30,13.3,D1
3638,3638,Daria Shelby,Omaha,D1,G,30,47.9,84.3,38.7,9,D1
3639,3639,Haley Poser,Lafayette,D1,G,27,47.9,64,30,7.2,D1
3640,3640,Iriona Gravley,Drexel,D1,F,25,47.9,99,40.2,11.9,D1
3641,3641,Ndate Ndiaye,Florida International,D1,G,25,47.9,99,30,12.7,D1
3642,3642,Brianna McDermott,Holy Cross,D1,G,12,47.9,62.8,37.7,7.2,D1
3643,3643,Gabby Betton,Loyola Maryland,D1,G,29,47.8,64.6,34.9,6.3,D1
3644,3644,Lia Hanson,Vermont,D1,G,21,47.8,99,37.4,11.2,D1
3645,3645,Alyssa Costigan,Manhattan,D1,G,25,47.8,82.6,30,9.6,D1
3646,3646,Xyllize Harrison,Southern,D1,C,22,47.8,86.4,44.9,8.6,D1
3647,3647,Renelle Grannum,New Haven,D1,G,28,47.8,65.5,41.9,5.6,D1
3648,3648,Ky'Aira Miller,Bowling Green,D1,G,31,47.8,96.2,40.8,11.6,D1
3649,3649,Jayden Terry,Louisiana Tech,D1,G,28,47.8,94.3,40,10.5,D1
3650,3650,Abby Graham,North Dakota State,D1,G,31,47.8,69.9,31.2,9.8,D1
3651,3651,Kylah McCullers,Mississippi Valley State,D1,G,30,47.8,78.8,30,9.8,D1
3652,3652,Maleah Alexander,Liberty,D1,G,21,47.8,69.8,42.6,5.5,D1
3653,3653,Kylie Marshall,James Madison,D1,G,27,47.8,78.6,30,13.5,D1
3654,3654,Kellyn Preira,Monmouth,D1,G,19,47.8,82,46.7,9.2,D1
3655,3655,Love Mays,Eastern Kentucky,D1,G,24,47.8,80.8,41.2,8.2,D1
3656,3656,Amiyah Donaldson,Maine,D1,G,23,47.8,67.9,35.8,6.3,D1
3657,3657,Aloni Oliver,Fresno State,D1,G,20,47.8,69.2,42.6,5.6,D1
3658,3658,Kayanna Cox,UCF,D1,G,25,47.7,85.3,30,13.4,D1
3659,3659,Rachel Shropshire,Bellarmine,D1,F,18,47.7,67.9,40.1,8,D1
3660,3660,Ebere Egbirika,Stony Brook,D1,G,16,47.7,67.9,38,6.7,D1
3661,3661,Imani Frazier,Mercyhurst,D1,F,19,47.7,86.3,30,11.6,D1
3662,3662,Mikayla Huffine,Valparaiso,D1,G,32,47.7,62.6,37.8,6.8,D1
3663,3663,Jah'Naesia Spiers,Memphis,D1,F,28,47.7,74.2,43.4,6,D1
3664,3664,Aminata Tal,Presbyterian,D1,G,30,47.7,99,34.3,12.6,D1
3665,3665,Nari Powers,Georgia State,D1,F,29,47.7,84.9,30,12.6,D1
3666,3666,Dallas Pierce,Siena,D1,G,25,47.6,69.7,42,6,D1
3667,3667,Kierra Morrow,Elon,D1,G,22,47.6,62.5,46.9,4,D1
3668,3668,Japrix Stubbs,Weber State,D1,G,12,47.6,99,40.1,14.8,D1
3669,3669,Rachel Lynch,Le Moyne,D1,F,33,47.6,76,30,8.2,D1
3670,3670,Jessica Ajayi,San Diego,D1,G,22,47.6,85,38,11.9,D1
3671,3671,Chasity Wilson,Niagara,D1,G,26,47.6,88.1,30,11.6,D1
3672,3672,Sienna Dauer,Davidson,D1,G,18,47.6,60.6,44.3,5.1,D1
3673,3673,Yolanda Floyd,Presbyterian,D1,G,20,47.5,78,30,10.6,D1
3674,3674,Claudia Marina,Florida International,D1,F,25,47.5,95.7,39.1,10.7,D1
3675,3675,Lexi Sepulveda,Southern Indiana,D1,G,32,47.5,80.9,38.6,9.4,D1
3676,3676,Molly Daugherty,Abilene Christian,D1,G,22,47.5,75.2,41.9,8.1,D1
3677,3677,Dacia Lewandowski,Youngstown State,D1,G,31,47.5,70.9,43,5.5,D1
3678,3678,Anastasija Veljovic,Fordham,D1,G,27,47.5,73.9,36.2,7.8,D1
3679,3679,Arissa Garcia,Cal Poly,D1,G,23,47.5,67.2,30,9.3,D1
3680,3680,Jordanna Schrecker,Sacred Heart,D1,G,27,47.5,73.5,39.2,6.8,D1
3681,3681,Corrie McLaughlin,UNC Wilmington,D1,F,21,47.5,66.8,37.7,6.8,D1
3682,3682,Jah'Nae Stevens,Central Connecticut,D1,F,21,47.4,70.9,36.8,6.3,D1
3683,3683,Dariasia Pitts,Bethune-Cookman,D1,F,29,47.4,70.3,38.3,7.2,D1
3684,3684,Amparo López,Northwestern,D1,G,20,47.4,92.2,38.2,14.7,D1
3685,3685,Zyniah Thomas,Eastern Kentucky,D1,G,20,47.4,69.9,36,8.5,D1
3686,3686,Camdyn Nelson,Syracuse,D1,G,19,47.4,68.6,38,8.4,D1
3687,3687,Laini Dahlin,Cal State Northridge,D1,G,27,47.3,99,35,14.1,D1
3688,3688,Millie Pearson,Morehead State,D1,G,26,47.3,62.4,41.4,5,D1
3689,3689,Deniz Torgut,Mount St. Mary's,D1,G,26,47.3,67.6,41.3,5.5,D1
3690,3690,Nikki Kerstein,Wisconsin,D1,G,23,47.2,72.2,33.2,7.9,D1
3691,3691,Hayden Barrier,Youngstown State,D1,G,34,47.2,81.7,31.3,11,D1
3692,3692,Artemis Kouki,Eastern Michigan,D1,G,20,47.2,67.1,42.4,5.8,D1
3693,3693,Jacalyn Myrthil,Dartmouth,D1,G,22,47.2,77.2,39.6,8.3,D1
3694,3694,Caliana Fenceroy,Niagara,D1,G,19,47.2,63.4,32.2,7.5,D1
3695,3695,Fatumata Djalo,Monmouth,D1,G,10,47.1,94.2,36.8,15.7,D1
3696,3696,Kaiden Kreinhagen,Evansville,D1,G,25,47.1,68,44.2,5.2,D1
3697,3697,Sofia Ekh,Idaho,D1,G,17,47.1,92.5,45.1,10.6,D1
3698,3698,Karolina Padilla,Denver,D1,G,31,47.1,85,39,11.6,D1
3699,3699,Ciara Brannon,Texas Southern,D1,F,18,47.1,68.2,42,5.3,D1
3700,3700,Madeline Gibbs,Eastern Washington,D1,G,32,47.1,83.7,33.6,11.1,D1
3701,3701,Gabriela Bendeck-Giron,Kennesaw State,D1,G,16,47,78.8,40.8,10.3,D1
3702,3702,Emma Leon,Liberty,D1,G,32,47,92.4,30,14.2,D1
3703,3703,Claire Keswick,Northwestern,D1,G,16,47,75.4,30,12.1,D1
3704,3704,Kylie Wells,Coppin State,D1,G,18,47,60.5,31.5,6.8,D1
3705,3705,Kelly Ratigan,Notre Dame,D1,G,15,47,68.1,37.1,7.6,D1
3706,3706,Taylor Wilkins,SE Louisiana,D1,G,27,47,73.2,37,8.2,D1
3707,3707,Jamia Carter,Portland State,D1,G,22,47,72,33.2,9.1,D1
3708,3708,Evie Bruce,Chattanooga,D1,F,25,47,99,42.9,11.2,D1
3709,3709,Shelby Fiddler,Presbyterian,D1,G,9,47,90.4,40.1,14.1,D1
3710,3710,Jazzy Gipson,SMU,D1,F,18,46.9,64,44.2,5.2,D1
3711,3711,Brendha Schwartz,Detroit-Mercy,D1,G,15,46.9,67.3,30,9.6,D1
3712,3712,Jemma Amoore,IU Indianapolis,D1,G,27,46.8,92.2,31.9,11.1,D1
3713,3713,Madyson Elliott,Kennesaw State,D1,G,30,46.8,62.9,39.2,6.2,D1
3714,3714,Eva Bradshaw,Stetson,D1,G,32,46.8,77.7,44.5,6.4,D1
3715,3715,Imani Morris,Queens University,D1,C,21,46.8,70.2,30,8.7,D1
3716,3716,Poetrie Dace,Mississippi Valley State,D1,G,18,46.7,62.4,35.2,6.3,D1
3717,3717,Brielle Magnuson,Eastern Washington,D1,G,23,46.7,77.4,41.4,8.3,D1
3718,3718,Reese Hoadley,Nicholls,D1,G,23,46.6,74.1,40.6,8.4,D1
3719,3719,Kaylie Carr,Sam Houston,D1,G,23,46.6,76.6,33.5,9.2,D1
3720,3720,Keanna Coburn,Mississippi Valley State,D1,C,27,46.6,68.7,40.9,6.5,D1
3721,3721,Alisha Nunley,Old Dominion,D1,G,22,46.6,72.9,38.9,8.2,D1
3722,3722,Clementina Odom,UNC Asheville,D1,F,18,46.6,64,34.7,6.8,D1
3723,3723,Hawa Doumbouya,VCU,D1,F,23,46.6,93.6,38.2,13.8,D1
3724,3724,Shira Elkis,Stonehill,D1,G,16,46.5,60.3,32.2,6.8,D1
3725,3725,Brooke Hollawell,Dartmouth,D1,G,12,46.4,80.4,42.3,9.3,D1
3726,3726,Ava Johnson,Le Moyne,D1,F,19,46.4,64.9,37,7.7,D1
3727,3727,Kelly Tumlin,Cal State Northridge,D1,G,23,46.4,75.1,30,10,D1
3728,3728,Kiana Wilson,Southern,D1,G,28,46.4,60.9,30,7.6,D1
3729,3729,Sophie Zadel,Colorado,D1,F,18,46.3,64.7,40.3,7.4,D1
3730,3730,Yanessa Boyd,East Tennessee State,D1,G,19,46.3,65.9,40.6,5.1,D1
3731,3731,Emerie Bohanon,Central Arkansas,D1,G,27,46.3,94.5,38.3,11.5,D1
3732,3732,Mika Jarrett,Northwestern State,D1,G,29,46.3,75.3,30,9.3,D1
3733,3733,Bailey Gilmore,Memphis,D1,F,23,46.2,79.1,37.9,8.5,D1
3734,3734,Kaila Richards,Bucknell,D1,G,29,46.2,70.7,41.7,5.9,D1
3735,3735,Faith Walker,Duquesne,D1,G,32,46.2,81.3,38.6,9.1,D1
3736,3736,Trinity Barnes,Central Connecticut,D1,G,26,46.1,58.2,33.9,5.2,D1
3737,3737,Keiara Gregory,Bethune-Cookman,D1,G,9,46.1,64.6,30,9.7,D1
3738,3738,Audrey Biggs,Pittsburgh,D1,G,21,46.1,99,41.9,12.8,D1
3739,3739,Ashleigh Battle,Campbell,D1,G,26,46,73.8,39.5,7.5,D1
3740,3740,Jada Ryce,Winthrop,D1,G,24,46,68.7,42,5.7,D1
3741,3741,Maeve McErlane,Colorado,D1,G,32,46,68.7,30,9.9,D1
3742,3742,Eveani Okwuosa,New Haven,D1,G,23,46,76.1,45,6.6,D1
3743,3743,Maya Davis,Weber State,D1,G,17,46,89.7,34.9,13,D1
3744,3744,Elizaveta Filchagina,SMU,D1,F,20,46,65.6,34.4,7.8,D1
3745,3745,Jisca Bila,Niagara,D1,G,29,46,79.8,30,9.2,D1
3746,3746,Sierra Johnson,Sacred Heart,D1,G,31,46,60,38.7,4.3,D1
3747,3747,Taliyah Parker,TCU,D1,G,20,46,87.6,31.5,11.3,D1
3748,3748,Keyiona McDaniel,Lamar,D1,G,19,45.9,72.1,34.6,9.5,D1
3749,3749,Amiya Jenkins,Pittsburgh,D1,G,19,45.9,87.6,30,13.3,D1
3750,3750,Willa Chinn,Cornell,D1,G,11,45.9,64,31.2,10.1,D1
3751,3751,Gabby Robinson,Cal Poly,D1,G,11,45.9,66,39.7,8.2,D1
3752,3752,Carrington Davis,UC Davis,D1,G,17,45.9,89.5,39.8,10.8,D1
3753,3753,Sophie Swanson,Virginia Tech,D1,G,21,45.8,75.3,34.9,11,D1
3754,3754,Elsa Vedral,Omaha,D1,G,30,45.8,69.1,34,8,D1
3755,3755,Macy Wike,South Carolina Upstate,D1,G,32,45.8,84.9,35.7,8.8,D1
3756,3756,Ke'iara Odume,Yale,D1,G,27,45.7,64.4,33,7.3,D1
3757,3757,Kailey Kalet,Loyola Maryland,D1,G,30,45.7,61.3,36.2,5.8,D1
3758,3758,Lauren Perry,Texas Southern,D1,G,22,45.6,92.1,36.2,12.3,D1
3759,3759,Layla Burton,Delaware State,D1,G,24,45.6,63.9,42.5,5.8,D1
3760,3760,Precious Gem Wheeler,Rutgers,D1,F,25,45.6,77.2,35.4,8,D1
3761,3761,Christabel Osarobo,Gonzaga,D1,G,28,45.6,75.1,35.8,7.2,D1
3762,3762,Kam'Ren Rhodes,Akron,D1,G,7,45.6,60.5,40.9,7.4,D1
3763,3763,Olivia Kim,Yale,D1,G,14,45.5,67.6,40.6,6.6,D1
3764,3764,Isabella Tanedo,Long Island University,D1,G,29,45.5,75.8,35.6,8.1,D1
3765,3765,Tahj-Monet Bloom,Nevada,D1,F,23,45.5,84.2,30.4,11.5,D1
3766,3766,Celeste Harper,Manhattan,D1,G,19,45.5,68.6,30,8.5,D1
3767,3767,Christa Ramos,Central Connecticut,D1,G,24,45.5,61,41.3,4.3,D1
3768,3768,Jeanee Anderson,Alcorn State,D1,G,20,45.5,67.6,36.7,5.9,D1
3769,3769,Thailan Payne,Florida A&M,D1,F,29,45.5,59,37.5,5.3,D1
3770,3770,Amaya Harris,North Carolina Central,D1,G,29,45.5,87.8,30,11.6,D1
3771,3771,Nyodie Guerard,Mount St. Mary's,D1,G,30,45.4,69.8,30,8.9,D1
3772,3772,Mikaela Parris,Mount St. Mary's,D1,F,19,45.4,68.2,36.3,7.4,D1
3773,3773,Asya Lara Barnes,Towson,D1,G,20,45.4,71,32,7.3,D1
3774,3774,Noelani Dunn,Southeast Missouri State,D1,G,15,45.4,77.8,40.9,9.1,D1
3775,3775,Lara Cook,Colgate,D1,G,29,45.4,91.3,44.5,9.9,D1
3776,3776,Sophia Bonnell,Le Moyne,D1,G,17,45.3,72.7,33.6,8,D1
3777,3777,Savannah Gage,St. Thomas-Minnesota,D1,G,20,45.3,79.4,30,9.9,D1
3778,3778,Piper Engelby,N.J.I.T.,D1,G,27,45.3,61,43.4,3.9,D1
3779,3779,Azjah Reeves,Wichita State,D1,G,19,45.3,67.1,36.2,7.5,D1
3780,3780,Bryana Block,Sam Houston,D1,G,31,45.3,89.8,31.5,11.6,D1
3781,3781,Mary Bolesky,American University,D1,G,19,45.3,57.2,45.3,3.1,D1
3782,3782,Gwen Jenkins,South Carolina Upstate,D1,G,32,45.3,88.9,35.7,9.4,D1
3783,3783,Emilee Jones,Drexel,D1,G,18,45.2,67.2,40,6.8,D1
3784,3784,Dieynaba Sylla,UC Riverside,D1,F,19,45.2,64.1,41.6,4.8,D1
3785,3785,Ella Mahaffey,Colgate,D1,G,20,45.2,71.8,30,8.4,D1
3786,3786,Jaidyn Koerdt,UNC Asheville,D1,G,23,45.2,87.7,41.5,9.9,D1
3787,3787,Hallie Majoros,Kansas City,D1,G,24,45.1,99,30.2,13.1,D1
3788,3788,Tre'Miyah Berry,Alabama A&M,D1,G,18,45.1,85,37.7,10.9,D1
3789,3789,Jailynn Clayton,Maryland-Eastern Shore,D1,G,33,45,64.5,34.7,6.2,D1
3790,3790,Tyler Jones,New Mexico,D1,G,24,45,66.4,40.6,5.9,D1
3791,3791,Arizana Peaua,Weber State,D1,G,18,45,71.2,37.9,9.6,D1
3792,3792,Sumayah McIntosh,Alabama A&M,D1,F,34,45,72.6,42,6.9,D1
3793,3793,Autumn Dibb,Valparaiso,D1,G,32,45,80.4,37.1,9.5,D1
3794,3794,Jaidyn Dunn,South Dakota State,D1,F,21,44.9,62.3,42.5,4.9,D1
3795,3795,Becca Ledford,West Georgia,D1,G,21,44.9,74.2,39.6,8.2,D1
3796,3796,Jada Bates,Arkansas,D1,G,28,44.8,99,30,14.9,D1
3797,3797,Marissa Hargrave,Air Force,D1,G,29,44.8,67,30.2,8.5,D1
3798,3798,Harisa Mehmedovic,San Jose State,D1,F,16,44.8,61.2,37.3,6.5,D1
3799,3799,Kimora Daly,Morgan State,D1,G,23,44.8,72.3,44.3,7.4,D1
3800,3800,Jordan Fenske,Illinois State,D1,G,20,44.7,67.1,33.6,7,D1
3801,3801,Krislyn Biscette,Prairie View A&M,D1,G,20,44.7,62.2,42.8,4.6,D1
3802,3802,Emiyah Cobb,SIU-Edwardsville,D1,G,25,44.6,84.4,37.9,10.3,D1
3803,3803,Meagan Scott,Alabama State,D1,G,19,44.6,96.2,42.6,11.5,D1
3804,3804,De'Shawnti Thomas,Illinois State,D1,G,31,44.6,86.3,32,8.5,D1
3805,3805,Molly Mescall,Canisius,D1,G,29,44.6,66.4,35.7,7.3,D1
3806,3806,Sierra Jones,Louisiana,D1,G,9,44.6,60.6,38.2,6.5,D1
3807,3807,Riley Hamburger,Providence,D1,G,27,44.6,63,30,6.7,D1
3808,3808,Na-Kyah Williams,Central Connecticut,D1,G,5,44.5,56.6,41.8,5.6,D1
3809,3809,Katelyn Simpson,New Haven,D1,G,23,44.4,74.2,37,8.1,D1
3810,3810,Taylor Holt,Lipscomb,D1,F,21,44.4,66.5,40.8,6.3,D1
3811,3811,Margan Allen,Prairie View A&M,D1,G,26,44.4,63.4,30.3,7,D1
3812,3812,Daniya Brown,Rider,D1,G,19,44.4,71.5,43,7,D1
3813,3813,Amy Pateman,San Francisco,D1,G,15,44.4,70.8,40.2,9.2,D1
3814,3814,Isa Roman,App State,D1,G,22,44.3,86.4,40.8,9.3,D1
3815,3815,Mari Somvichian,Loyola Marymount,D1,G,15,44.3,71.3,40.4,7.3,D1
3816,3816,Gabby Sweeney,Mercyhurst,D1,G,10,44.3,99,30,18.5,D1
3817,3817,Ilektra Lykaki,Central Connecticut,D1,G,17,44.2,59.8,45.2,3.7,D1
3818,3818,Lydia Chatira,Harvard,D1,G,21,44.2,61.7,30,8.6,D1
3819,3819,Rebekah Graves,Louisville,D1,G,18,44.2,68.6,41.8,6.4,D1
3820,3820,Grace McCallop,California,D1,G,22,44.2,66.8,36.7,7.8,D1
3821,3821,Payton Richard,Richmond,D1,G,26,44.2,65.9,35.3,6.2,D1
3822,3822,Clare Slocum,Bellarmine,D1,F,11,44.1,57.4,36.3,5.4,D1
3823,3823,Julia Lewis,Mercyhurst,D1,G,18,44.1,62.3,35.5,6.3,D1
3824,3824,Ese Ogbevire,Pennsylvania,D1,G,17,44.1,70.6,39.5,8.3,D1
3825,3825,Taylor Crawford,Mississippi Valley State,D1,G,30,44,75.5,30,8.4,D1
3826,3826,Olivia Hilliard,East Carolina,D1,G,31,44,69.9,37.6,7.9,D1
3827,3827,Deja Lumsden,Incarnate Word,D1,G,17,44,63.8,40.4,5.2,D1
3828,3828,Jineen Ayyash,Saint Peter's,D1,F,21,44,74.5,40.4,7.4,D1
3829,3829,Karen Nimo,Charlotte,D1,G,29,43.9,67.5,30,8,D1
3830,3830,Sidney Skrobot,Western Illinois,D1,F,25,43.8,78.6,42.2,8.2,D1
3831,3831,Dream Watson,South Carolina State,D1,G,22,43.7,99,30,12.8,D1
3832,3832,Maddy Jensen,Air Force,D1,G,21,43.6,73.1,37.8,7.4,D1
3833,3833,Elle Bruschuk,Marist,D1,G,12,43.6,64.6,30,7.9,D1
3834,3834,Autumn Taylor,Manhattan,D1,G,23,43.5,60.3,42.5,4.3,D1
3835,3835,Maddie Pounds,Hofstra,D1,G,16,43.4,69.6,34.3,7.8,D1
3836,3836,Laetitia Kamdoum,Presbyterian,D1,F,10,43.4,60.7,40.3,6.3,D1
3837,3837,Mariah Daniels,Bellarmine,D1,G,14,43.4,59.8,38.2,5.6,D1
3838,3838,Florrie Cotterill,Wright State,D1,F,31,43.3,60.5,39.4,5.1,D1
3839,3839,Sidney Blackwell,UT Martin,D1,G,15,43.3,62.6,33.4,7.3,D1
3840,3840,Irene Asensio,UTEP,D1,G,26,43.2,89.8,36.1,11.5,D1
3841,3841,Chaney Spencer,Texas A&M-CC,D1,G,20,43.2,68.3,30,10.8,D1
3842,3842,Siena Guttadauro,UTSA,D1,G,14,43.2,68.9,38.8,6.8,D1
3843,3843,Markeli Jones-Tynes,Robert Morris,D1,G,22,43.1,66.8,40.4,7.2,D1
3844,3844,Kelley Hutcherson,Queens University,D1,G,19,43.1,56.7,41.6,4,D1
3845,3845,Carmela Nunez,Long Island University,D1,F,19,43.1,61.6,41.6,5.1,D1
3846,3846,Ophelia Powell,Cal State Bakersfield,D1,G,21,43.1,74.7,35.4,7.8,D1
3847,3847,Julia Sollberger,Northern Illinois,D1,G,13,43,60.4,35.4,5.6,D1
3848,3848,Camryn O'Neil,Jackson State,D1,G,30,43,63.2,35.6,5.8,D1
3849,3849,Valerie Cassidy-De Falco,Milwaukee,D1,G,33,43,81.4,33,9.6,D1
3850,3850,Abril Ricart-Mensah,Jacksonville State,D1,G,13,42.9,55.3,44.5,3.5,D1
3851,3851,Jordyn Adderly,Coppin State,D1,G,22,42.9,69.1,35.1,7,D1
3852,3852,Carly Bryant,Bellarmine,D1,G,11,42.8,58.9,37.1,5.3,D1
3853,3853,Myrto Lianoudi,Lehigh,D1,G,25,42.7,58.1,30,5.4,D1
3854,3854,Rafferty Powell,Gardner-Webb,D1,G,18,42.6,82.1,30,9.4,D1
3855,3855,Kylie Waytashek,Valparaiso,D1,F,13,42.5,97.2,36.1,14.5,D1
3856,3856,Gillian Bears,Cal Poly,D1,F,21,42.2,72.8,30,8.6,D1
3857,3857,Rylan Buschell,Central Michigan,D1,G,26,42.2,63.4,30,8.6,D1
3858,3858,Aalyssa Rogers,Oakland,D1,G,25,42,74.5,32,9,D1
3859,3859,Grace John,Sacred Heart,D1,G,12,41.8,64.3,40.2,6.2,D1
3860,3860,Hama'ya Fielder,Old Dominion,D1,G,20,41.7,89.5,30,11.5,D1
3861,3861,Greta Ramon,North Alabama,D1,G,30,41.7,63.8,31.8,8.3,D1
3862,3862,Ashley Lester,Little Rock,D1,G,22,41.6,79.2,34.4,10.8,D1
3863,3863,Taylor Caldwell,Charleston Southern,D1,G,15,41.6,58.4,42.7,4.1,D1
3864,3864,Icesis Thomas,Tennessee State,D1,G,21,41.6,65.4,30,7.5,D1
3865,3865,Jayda Bowen,Alcorn State,D1,G,25,41.6,74.4,30,9.8,D1
3866,3866,Sydney McLaughlin,Stonehill,D1,G,14,41.4,60.5,42.2,5.3,D1
3867,3867,Takeira Ramey,Texas State,D1,G,13,41.3,69,33.5,10.4,D1
3868,3868,Kristyna Boyd,Arkansas-Pine Bluff,D1,G,6,41.3,55.7,45,3.8,D1
3869,3869,Isabella Anderson,Valparaiso,D1,G,20,41.2,70.3,33.1,8.3,D1
3870,3870,Lee Teichman,South Florida,D1,G,19,41.2,65.2,31.1,9.1,D1
3871,3871,Courtney Smith,Montana State,D1,G,26,41.2,66.8,35.8,7.8,D1
3872,3872,Lucy Larson,Seattle,D1,G,25,40.9,71.3,37,6.7,D1
3873,3873,Nikki Stanic,New Mexico State,D1,G,27,40.8,59.9,34.7,5.9,D1
3874,3874,Phoenix Stotijn,Indiana,D1,G,24,40.7,61.2,32.5,8.1,D1
3875,3875,Lele Tanuvasa,Northern Colorado,D1,G,16,40.1,88.5,30,13,D1
3876,3876,Ana Moleon Hidalgo,Cal Poly,D1,G,15,40.1,62,33.5,7.6,D1
3877,3877,Elisha Dykstra,Toledo,D1,G,23,39.6,57,39.7,3.9,D1
3878,3878,Yacine Ndiaye,Rutgers,D1,F,11,39.6,75.5,37,10.3,D1
3879,3879,Dianne Crespo Lopez,Sacred Heart,D1,G,13,39.4,73.1,38.3,7.9,D1
3880,3880,Skye Owen,St. John's,D1,G,6,39.1,62.1,31.9,11.7,D1
3881,3881,Teniesha Clarke,Akron,D1,G,11,39,68.1,30,11.7,D1
3882,3882,Maren Westin,Green Bay,D1,G,14,38.6,88.1,32.3,14.3,D1
3883,3883,Grace Sundback,Delaware,D1,G,22,37.6,59.2,30,6.1,D1
3884,3884,Daniella Matus,Loyola Chicago,D1,G,19,37.4,70.7,30,8.3,D1
3885,3885,Jordan Boddie,Florida A&M,D1,F,15,36.8,59.9,34.2,7.3,D1
3886,3886,Vivian Franklin,Cal Poly,D1,G,18,33,93,30,15.9,D1
3887,3887,Irene Trujillo,Western Michigan,D1,G,8,32.2,51.2,33.8,5.4,D1
